date,equity,smh,vix,long_shares,short_shares
2023-02-06,100000.0,120.74909210205078,19.43000030517578,0.0,0
2023-02-07,109007.7194889057,124.37467193603516,18.65999984741211,2484.4907301369667,0
2023-02-08,102953.55511923585,121.9378890991211,19.6299991607666,2484.4907301369667,0
2023-02-09,104154.57301132729,122.42129516601562,20.709999084472656,2484.4907301369667,0
2023-02-10,99044.07232657218,120.36433410644533,20.530000686645508,2484.4907301369667,0
2023-02-13,103541.8095543484,122.1746597290039,20.34000015258789,2484.4907301369667,0
2023-02-14,110073.94723831213,124.80382537841795,18.90999984741211,2484.4907301369667,0
2023-02-15,110061.70220495899,124.79889678955078,18.229999542236328,2484.4907301369667,0
2023-02-16,101642.2181960058,121.41007995605467,20.170000076293945,2484.4907301369667,0
2023-02-17,97479.58146013743,119.75267791748048,20.020000457763672,2511.543149451742,0
2023-02-21,88336.60785137891,116.11229705810548,22.8700008392334,2511.543149451742,0
2023-02-22,87041.91579028673,115.54503631591795,22.290000915527344,2282.3579437199423,0
2023-02-23,96386.31116391545,119.63922119140624,21.13999938964844,2282.3579437199423,0
2023-02-24,91511.46958237117,117.50334167480467,21.670000076293945,2282.3579437199423,0
2023-02-27,92716.10155980762,118.03114318847656,20.950000762939453,2282.3579437199423,0
2023-02-28,92851.19168529117,118.09033203125,20.700000762939453,2282.3579437199423,0
2023-03-01,93031.32926561177,118.16925811767578,20.579999923706055,2282.3579437199423,0
2023-03-02,95418.09561257988,119.21500396728516,19.59000015258789,2282.3579437199423,0
2023-03-03,99110.8376506109,120.83295440673828,18.489999771118164,2282.3579437199423,0
2023-03-06,96656.5088278918,119.75760650634766,18.61000061035156,2282.3579437199423,0
2023-03-07,93605.52324444913,118.42083740234376,19.59000015258789,2282.3579437199423,0
2023-03-08,100675.76220169771,121.51861572265624,19.11000061035156,2282.3579437199423,0
2023-03-09,95361.81676679969,119.19034576416016,22.61000061035156,2282.3579437199423,0
2023-03-10,90959.7906244478,117.26162719726562,24.799999237060547,2282.3579437199423,0
2023-03-13,90779.67045713641,117.18270874023438,26.520000457763672,2282.3579437199423,0
2023-03-14,98784.32631483593,120.6898956298828,23.729999542236328,2282.3579437199423,0
2023-03-15,95688.2932765562,119.33338928222656,26.13999938964844,2282.3579437199423,0
2023-03-16,106586.36439731941,124.10830688476562,22.989999771118164,2282.3579437199423,0
2023-03-17,105145.31599378215,123.47692108154295,25.510000228881836,2282.3579437199423,0
2023-03-20,107982.38275902881,124.71996307373048,24.149999618530273,2282.3579437199423,0
2023-03-21,108883.0532476226,125.11458587646484,21.3799991607666,2282.3579437199423,0
2023-03-22,107047.94844556868,124.310546875,22.260000228881836,2282.3579437199423,0
2023-03-23,114591.03766802816,127.6155014038086,22.61000061035156,2282.3579437199423,0
2023-03-24,109986.37633745097,125.5979995727539,21.739999771118164,2282.3579437199423,0
2023-03-27,106642.6432430996,124.13296508789062,20.600000381469727,2282.3579437199423,0
2023-03-28,104672.43090255288,123.2697296142578,19.969999313354492,2282.3579437199423,0
2023-03-29,113431.41831941038,127.107421875,19.1200008392334,2282.3579437199423,0
2023-03-30,117585.74440569067,128.9276123046875,19.020000457763672,2282.3579437199423,0
2023-03-31,119634.73319992228,129.8253631591797,18.700000762939453,2282.3579437199423,0
2023-04-03,117946.01956633189,129.08546447753906,18.549999237060547,2282.3579437199423,0
2023-04-04,113420.20434147646,127.10250854492188,19.0,2282.3579437199423,0
2023-04-05,108342.65791967003,124.87781524658205,19.079999923706055,2282.3579437199423,0
2023-04-06,107487.01747290406,124.50292205810548,18.399999618530273,2282.3579437199423,0
2023-04-10,111787.69990162941,126.38723754882812,18.969999313354492,2282.3579437199423,0
2023-04-11,110256.5740014273,125.71638488769533,19.100000381469727,2282.3579437199423,0
2023-04-12,105156.56479773454,123.48184967041016,19.09000015258789,2282.3579437199423,0
2023-04-13,107430.73862712385,124.47826385498048,17.799999237060547,2282.3579437199423,0
2023-04-14,107126.7771382812,124.34508514404295,17.06999969482422,2282.3579437199423,0
2023-04-17,106924.10712403752,124.25628662109376,16.950000762939453,2282.3579437199423,0
2023-04-18,108196.30157722489,124.81369018554688,16.829999923706055,2282.3579437199423,0
2023-04-19,105494.30752445261,123.62982940673828,16.459999084472656,2282.3579437199423,0
2023-04-20,105809.55264326601,123.76795196533205,17.170000076293945,2282.3579437199423,0
2023-04-21,102916.13738020232,122.5002212524414,16.770000457763672,2282.3579437199423,0
2023-04-24,101418.79271787568,121.84416961669922,16.889999389648438,2282.3579437199423,0
2023-04-25,92603.50904222878,117.9818115234375,18.760000228881836,2282.3579437199423,0
2023-04-26,94543.24627744644,118.80558776855467,18.84000015258789,2354.689452038955,0
2023-04-27,97249.54386818256,119.95491027832033,17.030000686645508,2354.689452038955,0
2023-04-28,101976.92355679827,121.96255493164062,15.779999732971191,2354.689452038955,0
2023-05-01,104172.17492223714,122.89484405517578,16.079999923706055,2354.689452038955,0
2023-05-02,101663.29312120794,121.82936096191406,17.780000686645508,2354.689452038955,0
2023-05-03,98701.44547054105,120.5715103149414,18.34000015258789,2354.689452038955,0
2023-05-04,97749.02072697037,120.16703033447266,20.09000015258789,2354.689452038955,0
2023-05-05,103730.81436881851,122.70740509033205,17.190000534057617,2354.689452038955,0
2023-05-08,105333.71057600783,123.38813018798828,16.979999542236328,2354.689452038955,0
2023-05-09,100850.25768624908,121.48407745361328,17.709999084472656,2354.689452038955,0
2023-05-10,103173.29306408079,122.47063446044922,16.940000534057617,2354.689452038955,0
2023-05-11,100617.95414846588,121.38542175292967,16.93000030517578,2354.689452038955,0
2023-05-12,100292.73638151144,121.24730682373048,17.030000686645508,2354.689452038955,0
2023-05-15,107772.87077544889,124.42400360107422,17.1200008392334,2354.689452038955,0
2023-05-16,107703.18510357037,124.3944091796875,17.989999771118164,2354.689452038955,0
2023-05-17,115624.68005092652,127.758544921875,16.8700008392334,2354.689452038955,0
2023-05-18,126171.19958577605,132.23748779296875,16.049999237060547,2354.689452038955,0
2023-05-19,124452.17855697735,131.5074462890625,16.809999465942383,2354.689452038955,0
2023-05-22,124196.64646190134,131.39892578125,17.209999084472656,2354.689452038955,0
2023-05-23,119736.44009429026,129.50474548339844,18.530000686645508,2354.689452038955,0
2023-05-24,115253.0051693863,127.60070037841795,20.030000686645508,2354.689452038955,0
2023-05-25,141085.08311848465,138.57118225097656,19.13999938964844,2354.689452038955,0
2023-05-26,157113.93740124925,145.37838745117188,17.950000762939453,2354.689452038955,0
2023-05-30,158763.29072302429,146.07884216308594,17.459999084472656,2354.689452038955,0
2023-05-31,150075.16356073046,142.38912963867188,17.940000534057617,2354.689452038955,0
2023-06-01,156844.31266700535,144.5299530029297,15.649999618530272,3161.9372337248515,0
2023-06-02,155721.259490287,144.17477416992188,14.600000381469728,3161.9372337248515,0
2023-06-05,150012.7315114684,142.369384765625,14.729999542236328,3161.9372337248515,0
2023-06-06,153194.54664650388,143.37567138671875,13.960000038146973,3161.9372337248515,0
2023-06-07,150605.4017534587,142.55682373046875,13.9399995803833,3161.9372337248515,0
2023-06-08,155814.81106951355,144.20436096191406,13.649999618530272,3161.9372337248515,0
2023-06-09,157904.88554712833,144.86537170410156,13.829999923706056,3161.9372337248515,0
2023-06-12,171443.1355123448,149.14700317382812,15.010000228881836,3161.9372337248515,0
2023-06-13,177962.70116357118,151.20889282226562,14.609999656677246,3161.9372337248515,0
2023-06-14,185230.96893260977,153.507568359375,13.880000114440918,3161.9372337248515,0
2023-06-15,181737.18654059697,152.40261840820312,14.5,3161.9372337248515,0
2023-06-16,178305.88444517952,151.3174285888672,13.539999961853027,3161.9372337248515,0
2023-06-20,176621.37705110194,150.78468322753906,13.880000114440918,3161.9372337248515,0
2023-06-21,165703.4397562284,147.33175659179688,13.199999809265137,3161.9372337248515,0
2023-06-22,168371.9885381181,148.0618133544922,12.90999984741211,3655.262053922507,0
2023-06-23,159176.32950961075,145.54608154296875,13.4399995803833,3655.262053922507,0
2023-06-26,156724.2430084717,144.875244140625,14.25,3655.262053922507,0
2023-06-27,173528.65438887806,149.47256469726562,13.739999771118164,3655.262053922507,0
2023-06-28,168588.2834942508,148.12098693847656,13.43000030517578,3655.262053922507,0
2023-06-29,167794.94170569192,147.90394592285156,13.539999961853027,3655.262053922507,0
2023-06-30,176197.20317076775,150.20262145996094,13.59000015258789,3655.262053922507,0
2023-07-03,181065.51292993256,151.53448486328125,13.56999969482422,3655.262053922507,0
2023-07-05,170607.7243082518,148.6734619140625,14.18000030517578,3655.262053922507,0
2023-07-06,164152.84252171457,146.9075469970703,15.4399995803833,3655.262053922507,0
2023-07-07,164657.66089406033,147.045654296875,14.829999923706056,3655.262053922507,0
2023-07-10,172266.52479570467,149.1272735595703,15.06999969482422,3655.262053922507,0
2023-07-11,172843.5158532582,149.28512573242188,14.84000015258789,3655.262053922507,0
2023-07-12,184310.9412196305,152.42236328125,13.539999961853027,3655.262053922507,0
2023-07-13,197689.6599219375,156.08248901367188,13.609999656677246,3655.262053922507,0
2023-07-14,192965.5839834429,154.7900848388672,13.34000015258789,3655.262053922507,0
2023-07-17,203495.48951545876,157.67083740234375,13.479999542236328,3655.262053922507,0
2023-07-18,205082.11731770384,158.1049041748047,13.300000190734863,3655.262053922507,0
2023-07-19,199023.906425446,156.447509765625,13.760000228881836,3655.262053922507,0
2023-07-20,178793.57926744968,150.91293334960938,13.989999771118164,3655.262053922507,0
2023-07-21,181908.47875654878,151.72190856933594,13.600000381469728,3850.4263333949402,0
2023-07-24,182402.29640382944,151.85015869140625,13.90999984741211,3850.4263333949402,0
2023-07-25,191784.94920784817,154.2869415283203,13.859999656677246,3850.4263333949402,0
2023-07-26,185289.2348612273,152.5999298095703,13.1899995803833,3850.4263333949402,0
2023-07-27,195849.52965478718,155.34255981445312,14.40999984741211,3850.4263333949402,0
2023-07-28,207397.40099006513,158.3416748046875,13.329999923706056,3850.4263333949402,0
2023-07-31,207853.26430062437,158.46006774902344,13.630000114440918,3850.4263333949402,0
2023-08-01,207511.38150591575,158.37127685546875,13.93000030517578,3850.4263333949402,0
2023-08-02,185137.3000086553,152.5604705810547,16.09000015258789,3850.4263333949402,0
2023-08-03,183521.09419453496,152.1165313720703,15.920000076293944,3640.6016441256193,0
2023-08-04,183736.57719284983,152.17572021484375,17.100000381469727,3640.6016441256193,0
2023-08-07,189698.77344011414,153.81341552734375,15.770000457763672,3640.6016441256193,0
2023-08-08,180468.16840479785,151.2779541015625,15.989999771118164,3640.6016441256193,0
2023-08-09,169549.58544042878,148.27883911132812,15.960000038146973,3640.6016441256193,0
2023-08-10,168364.34562293818,147.95327758789062,15.850000381469728,3640.6016441256193,0
2023-08-11,154859.80002527306,144.2438507080078,14.84000015258789,3640.6016441256193,0
2023-08-14,170177.93216826773,148.63401794433594,14.81999969482422,3489.191030409705,0
2023-08-15,163947.3708046702,146.8483428955078,16.459999084472656,3489.191030409705,0
2023-08-16,155858.0655864941,144.5299530029297,16.780000686645508,3489.191030409705,0
2023-08-17,152450.17330339024,143.55325317382812,17.889999389648438,3489.191030409705,0
2023-08-18,154584.3852120359,144.1649169921875,17.299999237060547,3489.191030409705,0
2023-08-21,171485.89963720198,149.00888061523438,17.1299991607666,3489.191030409705,0
2023-08-22,166288.1038926213,147.51919555664062,16.969999313354492,3489.191030409705,0
2023-08-23,177441.09942839225,150.71563720703125,15.979999542236328,3489.191030409705,0
2023-08-24,163844.13683543247,146.81875610351562,17.200000762939453,3489.191030409705,0
2023-08-25,164735.819948105,147.08509826660156,15.68000030517578,3347.8856758583274,0
2023-08-28,170813.10906291954,148.90036010742188,15.079999923706056,3347.8856758583274,0
2023-08-29,183595.26260272806,152.7183380126953,14.449999809265137,3347.8856758583274,0
2023-08-30,186204.46378650705,153.49769592285156,13.880000114440918,3347.8856758583274,0
2023-08-31,188285.29611125586,154.11923217773438,13.56999969482422,3347.8856758583274,0
2023-09-01,188252.29540711455,154.109375,13.09000015258789,3347.8856758583274,0
2023-09-05,189474.29206928812,154.47438049316406,14.010000228881836,3347.8856758583274,0
2023-09-06,183463.10653211887,152.67886352539062,14.449999809265137,3347.8856758583274,0
2023-09-07,172134.26109156103,149.29498291015625,14.399999618530272,3347.8856758583274,0
2023-09-08,168622.35883979293,148.35777282714844,13.84000015258789,3747.187866883877,0
2023-09-11,169029.005569976,148.46629333496094,13.800000190734863,3747.187866883877,0
2023-09-12,164851.61382262284,147.3514862060547,14.229999542236328,3747.187866883877,0
2023-09-13,169324.78503218593,148.54522705078125,13.479999542236328,3747.187866883877,0
2023-09-14,172356.1099826058,149.35418701171875,12.81999969482422,3747.187866883877,0
2023-09-15,155424.75127969767,144.8357696533203,13.789999961853027,3747.187866883877,0
2023-09-18,157110.76214686036,145.31919860839844,14.0,3487.6083640671113,0
2023-09-19,152741.03408914738,144.06626892089844,14.109999656677246,3487.6083640671113,0
2023-09-20,144483.29536433928,141.6985321044922,15.140000343322754,3487.6083640671113,0
2023-09-21,134608.4613734346,138.86712646484375,17.540000915527344,3487.6083640671113,0
2023-09-22,138737.33073583865,140.05099487304688,17.200000762939453,3487.6083640671113,0
2023-09-25,142178.05520450868,141.0375518798828,16.899999618530273,3487.6083640671113,0
2023-09-26,134401.98065363817,138.80792236328125,18.940000534057617,3487.6083640671113,0
2023-09-27,138840.5178790565,140.08058166503906,18.219999313354492,3487.6083640671113,0
2023-09-28,146754.15754865741,142.3496551513672,17.34000015258789,3487.6083640671113,0
2023-09-29,149128.26009287374,143.03038024902344,17.520000457763672,3487.6083640671113,0
2023-10-02,153429.125766201,144.26356506347656,17.610000610351562,3487.6083640671113,0
2023-10-03,142246.86437221404,141.05728149414062,19.780000686645508,3487.6083640671113,0
2023-10-04,148902.6074553959,143.25730895996094,18.579999923706055,3025.299995834447,0
2023-10-05,148902.6074553959,143.25730895996094,18.489999771118164,3025.299995834447,0
2023-10-06,158274.27003251886,146.35507202148438,17.450000762939453,3025.299995834447,0
2023-10-09,157140.10567098236,145.9801788330078,17.700000762939453,3025.299995834447,0
2023-10-10,162601.99639069574,147.78558349609375,17.030000686645508,3025.299995834447,0
2023-10-11,167437.00152167268,149.38377380371094,16.09000015258789,3025.299995834447,0
2023-10-12,169735.19732691892,150.1434326171875,16.690000534057617,3025.299995834447,0
2023-10-13,158363.77895420959,146.38465881347656,19.31999969482422,3025.299995834447,0
2023-10-16,163838.97464247575,148.07167053222656,17.209999084472656,3245.499499151687,0
2023-10-17,158171.68159463303,146.32546997070312,17.8799991607666,3245.499499151687,0
2023-10-18,148662.19374329783,143.39541625976562,19.219999313354492,3245.499499151687,0
2023-10-19,145624.52194167918,142.41873168945312,21.399999618530273,3110.187151463571,0
2023-10-20,138690.00432431075,140.18911743164062,21.709999084472656,3110.187151463571,0
2023-10-23,140224.21651657933,140.68240356445312,20.3700008392334,3110.187151463571,0
2023-10-24,145348.36564537842,142.32994079589844,18.969999313354492,3110.187151463571,0
2023-10-25,128196.11252257161,136.81507873535156,20.190000534057617,3110.187151463571,0
2023-10-26,124812.87413882026,135.61151123046875,20.68000030517578,2811.008414588891,0
2023-10-27,127170.07900991626,136.4500732421875,21.270000457763672,2811.008414588891,0
2023-10-30,126199.50560895621,136.10479736328125,19.75,2811.008414588891,0
2023-10-31,128944.93126191934,137.0814666748047,18.13999938964844,2811.008414588891,0
2023-11-01,138540.2597591426,140.4949493408203,16.8700008392334,2811.008414588891,0
2023-11-02,148773.4438797385,144.13534545898438,15.65999984741211,2811.008414588891,0
2023-11-03,158230.01486626235,147.4994659423828,14.90999984741211,2811.008414588891,0
2023-11-06,159450.1802161435,147.93353271484375,14.890000343322754,2811.008414588891,0
2023-11-07,162057.01992874502,148.86090087890625,14.8100004196167,2811.008414588891,0
2023-11-08,163554.52872968712,149.3936309814453,14.449999809265137,2811.008414588891,0
2023-11-09,162805.7957755083,149.1272735595703,15.289999961853027,2811.008414588891,0
2023-11-10,179777.87673180483,155.1649932861328,14.170000076293944,2811.008414588891,0
2023-11-13,177115.576907508,154.2178955078125,14.760000228881836,2811.008414588891,0
2023-11-14,190343.7786299881,158.9237518310547,14.15999984741211,2811.008414588891,0
2023-11-15,190676.53930015996,159.04212951660156,14.18000030517578,2811.008414588891,0
2023-11-16,192340.4713287724,159.63406372070312,14.31999969482422,2811.008414588891,0
2023-11-17,194448.12714353175,160.38385009765625,13.800000190734863,2811.008414588891,0
2023-11-20,200909.68052817142,162.68251037597656,13.40999984741211,2811.008414588891,0
2023-11-21,194170.7836924708,160.28518676757812,13.350000381469728,2811.008414588891,0
2023-11-22,193200.12450634185,159.93988037109375,12.850000381469728,2811.008414588891,0
2023-11-24,192201.79960324193,159.58473205566406,12.460000038146973,2811.008414588891,0
2023-11-27,191924.4990447654,159.486083984375,12.6899995803833,2811.008414588891,0
2023-11-28,189345.41083430374,158.56858825683594,12.6899995803833,2811.008414588891,0
2023-11-29,193449.7593478474,160.0286865234375,12.979999542236328,2811.008414588891,0
2023-11-30,188652.09509923577,158.3219451904297,12.920000076293944,2811.008414588891,0
2023-12-01,190454.6988533787,158.9632110595703,12.630000114440918,2811.008414588891,0
2023-12-04,183937.64246445932,156.64480590820312,13.079999923706056,2811.008414588891,0
2023-12-05,183937.64246445932,156.64480590820312,12.850000381469728,2811.008414588891,0
2023-12-06,180387.93796045316,155.38201904296875,12.970000267028809,2811.008414588891,0
2023-12-07,190371.53013212798,158.93362426757812,13.0600004196167,2811.008414588891,0
2023-12-08,194198.49230202622,160.2950439453125,12.350000381469728,2811.008414588891,0
2023-12-11,205014.02904171505,164.14260864257812,12.630000114440918,2811.008414588891,0
2023-12-12,209894.8620115774,165.87893676757812,12.06999969482422,2811.008414588891,0
2023-12-13,215385.79910267255,167.83230590820312,12.1899995803833,2811.008414588891,0
2023-12-14,224093.680027602,170.93008422851562,12.479999542236328,2811.008414588891,0
2023-12-15,226367.7161774473,171.7390594482422,12.279999732971191,2811.008414588891,0
2023-12-18,227213.04323181004,172.03977966308594,12.5600004196167,2811.008414588891,0
2023-12-19,228831.2517653976,172.61544799804688,12.529999732971191,2811.008414588891,0
2023-12-20,215328.02279141688,167.81175231933594,13.670000076293944,2811.008414588891,0
2023-12-21,232628.84959974946,171.96038818359375,13.649999618530272,4170.244720050333,0
2023-12-22,232711.69961539743,171.98025512695312,13.029999732971191,4170.244720050333,0
2023-12-26,242603.7496788042,174.35231018066406,12.989999771118164,4170.244720050333,0
2023-12-27,243390.12486573018,174.54087829589844,12.43000030517578,4170.244720050333,0
2023-12-28,243224.61573308782,174.50119018554688,12.470000267028809,4170.244720050333,0
2023-12-29,239292.61253268877,173.55831909179688,12.449999809265137,4170.244720050333,0
2024-01-02,214872.72950266016,167.70257568359375,13.199999809265137,4170.244720050333,0
2024-01-03,202474.04184212338,164.72508239746094,14.039999961853027,4164.136227705913,0
2024-01-04,198423.7687143938,163.75242614746094,14.130000114440918,4164.136227705913,0
2024-01-05,202928.66822623648,164.83425903320312,13.350000381469728,4164.136227705913,0
2024-01-08,227230.11637358498,170.67015075683594,13.079999923706056,4164.136227705913,0
2024-01-09,229131.22348926126,171.12669372558594,12.760000228881836,4164.136227705913,0
2024-01-10,229792.48090078676,171.28549194335938,12.6899995803833,4164.136227705913,0
2024-01-11,233842.75402851636,172.25814819335938,12.4399995803833,4164.136227705913,0
2024-01-12,231321.62675125018,171.6527099609375,12.699999809265137,4164.136227705913,0
2024-01-16,242687.15927472492,174.38209533691406,13.84000015258789,4164.136227705913,0
2024-01-17,238306.22567139444,173.3300323486328,14.789999961853027,4164.136227705913,0
2024-01-18,261739.84891948133,178.95751953125,14.130000114440918,4164.136227705913,0
2024-01-19,290132.80744449515,185.7759704589844,13.300000190734863,4164.136227705913,0
2024-01-22,293728.45418811153,186.6394500732422,13.1899995803833,4164.136227705913,0
2024-01-23,297696.0621969409,187.59225463867188,12.550000190734863,4164.136227705913,0
2024-01-24,311582.59491832915,190.9270477294922,13.140000343322754,4164.136227705913,0
2024-01-25,311582.59491832915,190.9270477294922,13.449999809265137,4164.136227705913,0
2024-01-26,294637.7704960139,186.8578186035156,13.260000228881836,4164.136227705913,0
2024-01-29,305878.1083495499,189.0512237548828,13.600000381469728,5124.606298352823,0
2024-01-30,296265.24899466545,187.17539978027344,13.3100004196167,5124.606298352823,0
2024-01-31,282430.86070562,184.47579956054688,14.350000381469728,5124.606298352823,0
2024-02-01,291077.38270950585,186.16305541992188,13.880000114440918,5124.606298352823,0
2024-02-02,309641.96027162194,189.7856903076172,13.850000381469728,5124.606298352823,0
2024-02-05,328613.3097142925,193.4877014160156,13.670000076293944,5124.606298352823,0
2024-02-06,317372.8936654702,191.29428100585935,13.0600004196167,5124.606298352823,0
2024-02-07,337158.0996503966,195.1551055908203,12.829999923706056,5124.606298352823,0
2024-02-08,351399.25981999666,197.93408203125,12.789999961853027,5124.606298352823,0
2024-02-09,373880.1701129279,202.32093811035156,12.93000030517578,5124.606298352823,0
2024-02-12,369862.1053143308,201.536865234375,13.93000030517578,5124.606298352823,0
2024-02-13,350738.1186723439,197.80506896972656,15.850000381469728,5124.606298352823,0
2024-02-14,371082.8119324275,201.7750701904297,14.380000114440918,5124.606298352823,0
2024-02-15,367624.15621370124,201.10015869140625,14.010000228881836,5124.606298352823,0
2024-02-16,363199.1631439764,200.23667907714844,14.239999771118164,5124.606298352823,0
2024-02-20,343007.107083209,196.2964630126953,15.420000076293944,5124.606298352823,0
2024-02-21,336547.70724370494,195.03599548339844,15.34000015258789,5124.606298352823,0
2024-02-22,404804.06007889454,208.35533142089844,14.539999961853027,5124.606298352823,0
2024-02-23,398141.19610382686,207.05516052246097,13.75,5124.606298352823,0
2024-02-26,406940.2771117422,208.77218627929688,13.739999771118164,5124.606298352823,0
2024-02-27,403837.7227278961,208.1667633056641,13.43000030517578,5124.606298352823,0
2024-02-28,391986.99246766855,205.854248046875,13.84000015258789,5124.606298352823,0
2024-02-29,415078.1387767183,210.3601837158203,13.399999618530272,5124.606298352823,0
2024-03-01,458768.26941766334,218.8857421875,13.109999656677246,5124.606298352823,0
2024-03-04,476824.1866408697,222.40911865234375,13.489999771118164,5124.606298352823,0
2024-03-05,459378.6618243549,219.00485229492188,14.460000038146973,5124.606298352823,0
2024-03-06,488318.9719567902,224.6521759033203,14.5,5124.606298352823,0
2024-03-07,528092.76986692,232.41351318359375,14.4399995803833,5124.606298352823,0
2024-03-08,481401.8169099107,223.30238342285156,14.739999771118164,5124.606298352823,0
2024-03-11,453516.51581239054,219.3224334716797,15.220000267028809,7006.44516630404,0
2024-03-12,502124.37061283825,226.2600250244141,13.84000015258789,7006.44516630404,0
2024-03-13,470762.25366977707,221.78384399414065,13.75,7006.44516630404,0
2024-03-14,442946.7647166292,217.81385803222656,14.399999618530272,7006.44516630404,0
2024-03-15,431681.3511041268,216.20599365234375,14.40999984741211,7006.44516630404,0
2024-03-18,434741.11155120353,216.6427001953125,14.329999923706056,7006.44516630404,0
2024-03-19,431403.27853519435,216.1663055419922,13.81999969482422,7006.44516630404,0
2024-03-20,455672.3533181663,219.630126953125,13.039999961853027,7006.44516630404,0
2024-03-21,490580.8844314032,224.6124725341797,12.920000076293944,7006.44516630404,0
2024-03-22,499829.4433676616,225.93247985839844,13.0600004196167,7006.44516630404,0
2024-03-25,495935.35830391845,225.3766937255859,13.1899995803833,7006.44516630404,0
2024-03-26,481262.62026064115,223.2825164794922,13.239999771118164,7006.44516630404,0
2024-03-27,480706.3682129074,223.203125,12.779999732971191,7006.44516630404,0
2024-03-28,481401.8169099107,223.30238342285156,13.010000228881836,7006.44516630404,0
2024-04-01,501915.78945867147,226.23025512695312,13.649999618530272,7006.44516630404,0
2024-04-02,481540.7997394425,223.3222198486328,14.609999656677246,7006.44516630404,0
2024-04-03,487799.4103729968,224.21548461914065,14.329999923706056,7006.44516630404,0
2024-04-04,445936.926839071,218.2406311035156,16.350000381469727,7006.44516630404,0
2024-04-05,462667.8184927458,220.9699859619141,16.030000686645508,6129.980351287861,0
2024-04-08,465223.13058406697,221.3868408203125,15.1899995803833,6129.980351287861,0
2024-04-09,471550.5655941922,222.41905212402344,14.979999542236328,6129.980351287861,0
2024-04-10,459686.7301782941,220.48367309570312,15.800000190734863,6129.980351287861,0
2024-04-11,491080.1502119001,225.60496520996097,14.90999984741211,6129.980351287861,0
2024-04-12,450743.1846267081,219.02468872070312,17.309999465942383,6129.980351287861,0
2024-04-15,430399.73508059885,215.72959899902344,19.229999542236328,6173.868168827608,0
2024-04-16,441429.4387407933,217.51611328125,18.399999618530273,6173.868168827608,0
2024-04-17,400007.0753420252,210.8068084716797,18.209999084472656,6173.868168827608,0
2024-04-18,378707.30410916614,207.06509399414065,18.0,5692.516454881435,0
2024-04-19,325485.97553069773,197.7157440185547,18.709999084472656,5692.516454881435,0
2024-04-22,344161.2481979098,201.4971618652344,16.940000534057617,4938.6958607629,0
2024-04-23,367591.1912239927,206.24131774902344,15.6899995803833,4938.6958607629,0
2024-04-24,368767.4623374364,206.4794921875,15.970000267028809,4938.6958607629,0
2024-04-25,389158.3470341608,210.60829162597656,15.369999885559082,4938.6958607629,0
2024-04-26,415823.35589591716,216.0074920654297,15.029999732971191,4938.6958607629,0
2024-04-29,419450.66281977535,216.7419586181641,14.670000076293944,4938.6958607629,0
2024-04-30,398422.5464916023,212.484130859375,15.649999618530272,4938.6958607629,0
2024-05-01,367836.2571257749,206.2909393310547,15.390000343322754,4938.6958607629,0
2024-05-02,390028.56919974217,210.43959045410156,14.68000030517578,5349.283758926606,0
2024-05-03,420290.67937109165,216.09681701660156,13.489999771118164,5349.283758926606,0
2024-05-06,446517.97211734264,220.9997711181641,13.489999771118164,5349.283758926606,0
2024-05-07,436218.2174725074,219.07432556152344,13.229999542236328,5349.283758926606,0
2024-05-08,439775.29201062786,219.73928833007812,13.0,5349.283758926606,0
2024-05-09,432236.37375894975,218.3299560546875,12.6899995803833,5349.283758926606,0
2024-05-10,449862.7436913369,221.6250457763672,12.550000190734863,5349.283758926606,0
2024-05-13,449650.35910361825,221.58534240722656,13.600000381469728,5349.283758926606,0
2024-05-14,469931.3731353029,225.3766937255859,13.420000076293944,5349.283758926606,0
2024-05-15,506139.8436448111,232.14553833007812,12.449999809265137,5349.283758926606,0
2024-05-16,497114.3149026951,230.4582977294922,12.420000076293944,5349.283758926606,0
2024-05-17,486761.4232991341,228.52291870117188,11.989999771118164,5349.283758926606,0
2024-05-20,511979.930065518,233.23728942871097,12.149999618530272,5349.283758926606,0
2024-05-21,510227.8796522282,232.9097595214844,11.859999656677246,5349.283758926606,0
2024-05-22,520421.4420032039,234.8153533935547,12.289999961853027,5349.283758926606,0
2024-05-23,537570.0690486128,238.02113342285156,12.770000457763672,5349.283758926606,0
2024-05-24,561142.7176955664,242.4278259277344,11.93000030517578,5349.283758926606,0
2024-05-28,590714.700392219,247.95603942871097,12.920000076293944,5349.283758926606,0
2024-05-29,568522.3883182517,243.8073883056641,14.279999732971191,5349.283758926606,0
2024-05-30,550577.523127879,240.4527587890625,14.470000267028809,5349.283758926606,0
2024-05-31,541074.0882515998,238.6761779785156,12.920000076293944,5349.283758926606,0
2024-06-03,557001.6263530158,241.6536865234375,13.109999656677246,5349.283758926606,0
2024-06-04,552329.5735411687,240.78028869628903,13.15999984741211,5349.283758926606,0
2024-06-05,615030.6950961871,252.5016937255859,12.630000114440918,5349.283758926606,0
2024-06-06,604412.3635697744,250.5166931152344,12.579999923706056,5349.283758926606,0
2024-06-07,603350.6038783661,250.31820678710935,12.220000267028809,5349.283758926606,0
2024-06-10,622728.9426004506,253.94081115722656,12.739999771118164,5349.283758926606,0
2024-06-11,620711.4522643088,253.56365966796875,12.850000381469728,5349.283758926606,0
2024-06-12,661114.1510750931,261.1165771484375,12.039999961853027,5349.283758926606,0
2024-06-13,682987.80464389,265.2056579589844,11.9399995803833,5349.283758926606,0
2024-06-14,686598.3426351064,265.880615234375,12.65999984741211,5349.283758926606,0
2024-06-17,710967.2294270231,270.4361572265625,12.75,5349.283758926606,0
2024-06-18,733690.4213466945,274.6840515136719,12.300000190734863,5349.283758926606,0
2024-06-20,692066.6335919169,266.9028625488281,13.279999732971191,5349.283758926606,0
2024-06-21,658360.2992886923,262.9031066894531,13.199999809265137,8427.097925044736,0
2024-06-24,582165.1174333335,253.8614196777344,13.329999923706056,8427.097925044736,0
2024-06-25,626473.8868711218,259.8064880371094,12.84000015258789,7453.029428655165,0
2024-06-26,620112.382351772,258.95294189453125,12.550000190734863,7453.029428655165,0
2024-06-27,604947.9421031362,256.91827392578125,12.239999771118164,7453.029428655165,0
2024-06-28,618558.9097261094,258.7445068359375,12.4399995803833,7453.029428655165,0
2024-07-01,620852.2720225306,259.0522155761719,12.220000267028809,7453.029428655165,0
2024-07-02,640232.695959202,261.6525573730469,12.029999732971191,7453.029428655165,0
2024-07-03,684541.4653969905,267.5976257324219,12.09000015258789,7453.029428655165,0
2024-07-05,685280.9001709333,267.69683837890625,12.479999542236328,7453.029428655165,0
2024-07-08,718494.0539282383,272.1531677246094,12.369999885559082,7453.029428655165,0
2024-07-09,722932.2547107502,272.7486572265625,12.510000228881836,7453.029428655165,0
2024-07-10,770717.8005110394,279.16021728515625,12.850000381469728,7453.029428655165,0
2024-07-11,694897.1914067155,268.9870910644531,12.920000076293944,7453.029428655165,0
2024-07-12,725678.3234947554,272.3913879394531,12.460000038146973,9041.847176750684,0
2024-07-15,720114.0886217337,271.7760009765625,13.119999885559082,9041.847176750684,0
2024-07-16,719037.3891684964,271.65692138671875,13.1899995803833,9041.847176750684,0
2024-07-17,544133.7439403089,252.31312561035156,14.479999542236328,9041.847176750684,0
2024-07-18,553316.0129831239,253.6232147216797,15.93000030517578,7008.8889094775295,0
2024-07-19,501839.2446434339,246.2787170410156,16.520000457763672,7008.8889094775295,0
2024-07-22,559963.1698202731,255.786865234375,14.90999984741211,6113.064709848925,0
2024-07-23,542610.9498376823,252.9483184814453,14.720000267028809,6113.064709848925,0
2024-07-24,458398.1106487333,239.1724395751953,18.040000915527344,6113.064709848925,0
2024-07-25,433174.5538469576,234.78558349609375,18.459999084472656,5749.8026711971615,0
2024-07-26,454574.53047579865,238.5074462890625,16.389999389648438,5749.8026711971615,0
2024-07-29,444816.2021966251,236.8102874755859,16.600000381469727,5749.8026711971615,0
2024-07-30,392714.23053057195,227.7487640380859,17.690000534057617,5749.8026711971615,0
2024-07-31,482665.308365786,245.13735961914065,16.360000610351562,5172.992690290507,0
2024-08-01,400620.85180439136,229.27720642089844,18.59000015258789,5172.992690290507,0
2024-08-02,335171.66533794196,216.7915802001953,23.38999938964844,5241.962662467372,0
2024-08-05,311602.3503995426,211.70997619628903,38.56999969482422,4638.164430026697,0
2024-08-06,329789.30257773143,215.828857421875,27.709999084472656,4415.507799839872,0
2024-08-07,303538.8068663299,209.8837890625,27.850000381469727,4415.507799839872,0
2024-08-08,361413.1350379586,223.2229766845703,23.790000915527344,4338.669626017772,0
2024-08-09,361154.745335347,223.16342163085935,20.3700008392334,4338.669626017772,0
2024-08-12,370240.68854447163,225.25759887695312,20.709999084472656,4338.669626017772,0
2024-08-13,409986.2283497088,234.4183654785156,18.1200008392334,4338.669626017772,0
2024-08-14,410847.46115556924,234.6168670654297,16.190000534057617,4338.669626017772,0
2024-08-15,453822.57433064946,244.52200317382812,15.229999542236328,4338.669626017772,0
2024-08-16,455286.71644260344,244.8594665527344,14.800000190734863,4338.669626017772,0
2024-08-19,475224.03411874134,249.45472717285156,14.649999618530272,4338.669626017772,0
2024-08-20,461099.9220271827,246.19932556152344,15.880000114440918,4338.669626017772,0
2024-08-21,472166.6543477948,248.7500457763672,16.270000457763672,4338.669626017772,0
2024-08-22,436813.34226988524,240.60162353515625,17.549999237060547,4338.669626017772,0
2024-08-23,469085.19887594617,246.52685546875,15.859999656677246,5446.513650055136,0
2024-08-26,437624.3023559027,240.75051879882812,16.149999618530273,5446.513650055136,0
2024-08-27,450830.31188230985,243.1721954345703,15.43000030517578,5453.25058329261,0
2024-08-28,428531.5295670645,239.08311462402344,17.110000610351562,5453.25058329261,0
2024-08-29,412402.68556817295,236.12545776367188,15.649999618530272,5453.25058329261,0
2024-08-30,442441.24606647744,241.6338348388672,15.0,5453.25058329261,0
2024-09-03,343557.64362411335,223.50086975097656,20.719999313354492,5453.25058329261,0
2024-09-04,341086.11473940907,222.9649200439453,21.31999969482422,4611.494049310457,0
2024-09-05,339301.1451112832,222.57785034179688,19.899999618530273,4611.494049310457,0
2024-09-06,296919.040736066,213.38731384277344,22.3799991607666,4611.494049310457,0
2024-09-09,317054.23761774227,218.2108459472656,19.450000762939453,4174.367754891557,0
2024-09-10,325671.8330868364,220.27525329589844,19.079999923706055,4174.367754891557,0
2024-09-11,373151.25346351427,231.6492919921875,17.690000534057617,4174.367754891557,0
2024-09-12,375222.76817488787,232.14553833007812,17.06999969482422,4174.367754891557,0
2024-09-13,387693.3861028007,235.13296508789065,16.559999465942383,4174.367754891557,0
2024-09-16,374808.49071093183,232.0462951660156,17.139999389648438,4174.367754891557,0
2024-09-17,374477.0177831297,231.9668884277344,17.610000610351562,4174.367754891557,0
2024-09-18,363456.4346748596,229.3268280029297,18.229999542236328,4174.367754891557,0
2024-09-19,405011.3178813451,239.28160095214844,16.329999923706055,4174.367754891557,0
2024-09-20,391794.9495616741,236.1155242919922,16.149999618530273,4174.367754891557,0
2024-09-23,396145.18141219637,237.15765380859375,15.890000343322754,4174.367754891557,0
2024-09-24,414581.80247417535,241.57427978515625,15.390000343322754,4174.367754891557,0
2024-09-25,423447.93894332414,243.69822692871097,15.40999984741211,4174.367754891557,0
2024-09-26,452780.7452219514,250.72511291503903,15.369999885559082,4174.367754891557,0
2024-09-27,432562.6801083245,245.88172912597656,16.959999084472656,4174.367754891557,0
2024-09-30,423075.0637474448,243.60890197753903,16.729999542236328,4174.367754891557,0
2024-10-01,395855.2381440649,237.08819580078125,19.260000228881836,4174.367754891557,0
2024-10-02,412956.7582123752,240.50238037109375,18.899999618530273,5008.961793399761,0
2024-10-03,424042.9535732584,242.7156524658203,20.489999771118164,5008.961793399761,0
2024-10-04,440299.45591714507,245.9611358642578,19.209999084472656,5008.961793399761,0
2024-10-07,442287.95321601717,246.35812377929688,22.63999938964844,5008.961793399761,0
2024-10-08,463664.92973209644,250.62586975097656,21.420000076293945,5008.961793399761,0
2024-10-09,476739.69882254314,253.23614501953125,20.86000061035156,5008.961793399761,0
2024-10-10,474253.94344524306,252.73988342285156,20.93000030517578,5008.961793399761,0
2024-10-11,484395.60832146386,254.76458740234375,20.459999084472656,5008.961793399761,0
2024-10-14,507214.449831325,259.3201904296875,19.700000762939453,5008.961793399761,0
2024-10-15,437018.2863341578,245.3060760498047,20.63999938964844,5008.961793399761,0
2024-10-16,437866.9941132938,245.46487426757812,19.579999923706055,5344.567407846387,0
2024-10-17,460464.0528058101,249.6929168701172,19.11000061035156,5344.567407846387,0
2024-10-18,460092.66669778805,249.62342834472656,18.030000686645508,5344.567407846387,0
2024-10-21,467147.69792417955,250.94346618652344,18.3700008392334,5344.567407846387,0
2024-10-22,461047.554694896,249.80209350585935,18.200000762939453,5344.567407846387,0
2024-10-23,446831.4751273947,247.1421813964844,19.239999771118164,5344.567407846387,0
2024-10-24,452401.2881282047,248.184326171875,19.079999923706055,5344.567407846387,0
2024-10-25,467784.28992225154,251.0625762939453,20.329999923706055,5344.567407846387,0
2024-10-28,458501.4313574879,249.32569885253903,19.799999237060547,5344.567407846387,0
2024-10-29,488790.0317228412,254.9928741455078,19.34000015258789,5344.567407846387,0
2024-10-30,455689.9390267765,248.79965209960935,20.350000381469727,5344.567407846387,0
2024-10-31,406608.98773507023,239.86717224121097,23.15999984741211,5494.661288887213,0
2024-11-01,422104.1909150808,242.9141540527344,21.8799991607666,5085.42687107909,0
2024-11-04,419681.52074384724,242.4377593994141,21.979999542236328,5085.42687107909,0
2024-11-05,440072.50261267176,246.44744873046875,20.489999771118164,5085.42687107909,0
2024-11-06,472879.77580557007,252.898681640625,16.270000457763672,5085.42687107909,0
2024-11-07,504223.4057849325,259.0621032714844,15.199999809265137,5085.42687107909,0
2024-11-08,495744.0213868872,257.39471435546875,14.9399995803833,5085.42687107909,0
2024-11-11,466419.322015614,251.6282958984375,14.970000267028809,5085.42687107909,0
2024-11-12,456434.36318469583,249.9708251953125,14.710000038146973,6024.214371990103,0
2024-11-13,431143.0684172306,245.7725524902344,14.020000457763672,6024.214371990103,0
2024-11-14,434431.4018634158,246.3184051513672,14.3100004196167,6024.214371990103,0
2024-11-15,385224.06060758873,238.150146484375,16.139999389648438,6024.214371990103,0
2024-11-18,392882.012057073,239.7282257080078,15.579999923706056,4852.704056172351,0
2024-11-19,405597.035592439,242.34841918945312,16.350000381469727,4852.704056172351,0
2024-11-20,397698.2852905579,240.72071838378903,17.15999984741211,4852.704056172351,0
2024-11-21,414844.39275123936,244.2540283203125,16.8700008392334,4852.704056172351,0
2024-11-22,407716.2432048605,242.78512573242188,15.239999771118164,4852.704056172351,0
2024-11-25,403092.6386718479,241.83233642578125,14.600000381469728,4852.704056172351,0
2024-11-26,392304.08000204334,239.609130859375,14.100000381469728,4852.704056172351,0
2024-11-27,377036.3813013865,236.46290588378903,14.100000381469728,4852.704056172351,0
2024-11-29,395723.6902730721,240.31381225585935,13.510000228881836,4852.704056172351,0
2024-12-02,423369.20526007435,246.0107421875,13.34000015258789,4852.704056172351,0
2024-12-03,426018.21477560134,246.55662536621097,13.300000190734863,4852.704056172351,0
2024-12-04,446294.92945660284,250.7350616455078,13.449999809265137,4852.704056172351,0
2024-12-05,425440.2827205715,246.43753051757812,13.539999961853027,4852.704056172351,0
2024-12-06,426933.28003326384,246.7451934814453,12.770000457763672,4852.704056172351,0
2024-12-09,414699.92824907886,244.22425842285156,14.1899995803833,4852.704056172351,0
2024-12-10,384887.00145134336,238.0806884765625,14.18000030517578,4852.704056172351,0
2024-12-11,415496.75293392094,243.9066467285156,13.579999923706056,5254.0286350860715,0
2024-12-12,403085.93816214474,241.54449462890625,13.920000076293944,5254.0286350860715,0
2024-12-13,434999.49621961877,247.6186065673828,13.8100004196167,5254.0286350860715,0
2024-12-16,454606.38048427424,251.3503875732422,14.6899995803833,5254.0286350860715,0
2024-12-17,437450.3767952293,248.0850830078125,15.869999885559082,5254.0286350860715,0
2024-12-18,395889.8686692656,240.17486572265625,27.6200008392334,5254.0286350860715,0
2024-12-19,380577.1017761953,237.07826232910156,24.09000015258789,4945.020381022164,0
2024-12-20,399423.50284687255,240.8894500732422,18.36000061035156,4945.020381022164,0
2024-12-23,436795.39477581746,248.44692993164065,16.780000686645508,4945.020381022164,0
2024-12-24,447394.1845679968,250.5902557373047,14.270000457763672,4945.020381022164,0
2024-12-26,445225.1544796049,250.1516265869141,14.729999542236328,4945.020381022164,0
2024-12-27,432753.0428337931,247.6294708251953,15.949999809265137,4945.020381022164,0
2024-12-30,414316.0607173917,243.9010772705078,17.399999618530273,4945.020381022164,0
2024-12-31,402041.11304642743,241.41879272460935,17.350000381469727,4945.020381022164,0
2025-01-02,414956.9002269134,244.0306701660156,17.93000030517578,4945.020381022164,0
2025-01-03,449908.4213861737,251.09869384765625,16.1299991607666,4945.020381022164,0
2025-01-06,491071.2491208273,259.42279052734375,16.040000915527344,4945.020381022164,0
2025-01-07,460556.40785328636,253.25196838378903,17.81999969482422,4945.020381022164,0
2025-01-08,450712.2216824199,251.4475860595703,17.700000762939453,5455.709712257863,0
2025-01-10,423246.366192838,246.4132537841797,19.540000915527344,5455.709712257863,0
2025-01-13,410198.64493303193,243.88113403320312,19.190000534057617,5152.884753880208,0
2025-01-14,414308.2309228857,244.6786651611328,18.709999084472656,5152.884753880208,0
2025-01-15,443948.16875354707,250.43077087402344,16.1200008392334,5152.884753880208,0
2025-01-16,449495.9172042349,251.5074005126953,16.600000381469727,5152.884753880208,0
2025-01-17,480111.84927393915,257.44891357421875,15.970000267028809,5152.884753880208,0
2025-01-21,501378.66388667125,261.5760803222656,15.0600004196167,5152.884753880208,0
2025-01-22,525933.178741999,266.3412780761719,15.100000381469728,5152.884753880208,0
2025-01-23,524289.2499939196,266.0222473144531,15.020000457763672,5152.884753880208,0
2025-01-24,496960.9395400295,260.71875,14.850000381469728,5152.884753880208,0
2025-01-27,364839.7981938892,235.0785217285156,17.899999618530273,5152.884753880208,0
2025-01-28,386376.5179432579,239.70413208007812,16.40999984741211,4655.973614831949,0
2025-01-29,382106.31606805813,238.7869873046875,16.559999465942383,4655.973614831949,0
2025-01-30,408284.58739484695,244.4095001220703,15.84000015258789,4655.973614831949,0
2025-01-31,401090.1931065234,242.8643035888672,16.43000030517578,4655.973614831949,0
2025-02-03,378625.2056683825,238.0393218994141,18.6200008392334,4655.973614831949,0
2025-02-04,391110.9247073631,240.72097778320312,17.209999084472656,4655.973614831949,0
2025-02-05,417428.37224740034,246.37338256835935,15.770000457763672,4655.973614831949,0
2025-02-06,423044.65462919534,247.5796356201172,15.5,4655.973614831949,0
2025-02-07,407495.495919323,244.24002075195312,16.540000915527344,4655.973614831949,0
2025-02-10,428939.3604820067,248.84568786621097,15.8100004196167,4655.973614831949,0
2025-02-11,430099.73061523185,249.09490966796875,16.020000457763672,4655.973614831949,0
2025-02-12,423787.2829891172,247.7391357421875,15.890000343322754,4655.973614831949,0
2025-02-13,439614.8651700059,251.1385498046875,15.100000381469728,4655.973614831949,0
2025-02-14,442678.3048408975,251.7965087890625,14.770000457763672,4655.973614831949,0
2025-02-18,459573.4730128458,255.4252166748047,15.350000381469728,4655.973614831949,0
2025-02-19,464772.01362133725,256.541748046875,15.270000457763672,4655.973614831949,0
2025-02-20,466907.04351441783,257.00030517578125,15.65999984741211,4655.973614831949,0
2025-02-21,430656.7906908223,249.2145538330078,18.209999084472656,4655.973614831949,0
2025-02-24,396702.36621590063,242.6649169921875,18.979999542236328,5184.169031067835,0
2025-02-25,371425.6765961041,237.51095581054688,19.43000030517578,4904.322855561429,0
2025-02-26,397476.1985413478,243.06369018554688,19.100000381469727,4691.476340473015,0
2025-02-27,327181.93927193625,228.08029174804688,21.1299991607666,4691.476340473015,0
2025-02-28,344256.8322991546,232.04795837402344,19.6299991607666,4303.510006467774,0
2025-03-03,302384.8803171271,222.3182373046875,22.780000686645508,4303.510006467774,0
2025-03-04,311415.3036142204,224.5313415527344,23.510000228881836,4080.432860342107,0
2025-03-05,328377.90260062506,228.6884002685547,21.93000030517578,4080.432860342107,0
2025-03-06,289245.94378829264,219.09825134277344,24.8700008392334,4080.432860342107,0
2025-03-07,310210.96336152713,224.39178466796875,23.3700008392334,3960.49638026241,0
2025-03-10,268517.8191401471,213.86453247070312,27.86000061035156,3960.49638026241,0
2025-03-11,267353.7868402929,213.5554962158203,26.920000076293945,3766.6528812148526,0
2025-03-12,291010.1440477726,219.83596801757812,24.229999542236328,3766.6528812148526,0
2025-03-13,287367.80864370114,218.8689727783203,24.65999984741211,3766.6528812148526,0
2025-03-14,313727.71176303783,225.86720275878903,21.770000457763672,3766.6528812148526,0
2025-03-17,322702.0772131309,228.24978637695312,20.510000228881836,3766.6528812148526,0
2025-03-18,309409.47551236174,224.72076416015625,21.700000762939453,3766.6528812148526,0
2025-03-19,316881.85823929816,226.70458984375,19.899999618530273,3766.6528812148526,0
2025-03-20,315530.0565460887,226.345703125,19.799999237060547,3766.6528812148526,0
2025-03-21,306968.76077155257,224.07278442382812,19.280000686645508,3766.6528812148526,0
2025-03-24,328972.839276805,229.9145965576172,17.479999542236328,3766.6528812148526,0
2025-03-25,325292.9729838872,228.93763732910156,17.149999618530273,3766.6528812148526,0
2025-03-26,296605.005264842,221.3213348388672,18.329999923706055,3766.6528812148526,0
2025-03-27,279530.96688776516,217.07455444335935,18.690000534057617,4020.466515089271,0
2025-03-28,257166.32438072487,211.51185607910156,21.649999618530273,4020.466515089271,0
2025-03-31,254620.95745492502,210.81402587890625,22.280000686645508,3647.544811169583,0
2025-04-01,258329.9477231187,211.83087158203125,21.770000457763672,3647.544811169583,0
2025-04-02,264147.8974637373,213.4259033203125,21.510000228881836,3647.544811169583,0
2025-04-03,196804.95667901507,194.96336364746097,30.020000457763672,3647.544811169583,0
2025-04-04,152215.11721165944,180.2391662597656,45.310001373291016,3028.3375245035904,0
2025-04-07,162570.45549038087,184.32644653320312,46.97999954223633,2533.5522856161497,0
2025-04-08,150068.2703019134,179.3917999267578,52.33000183105469,2533.5522856161497,0
2025-04-09,227324.90304375804,210.176025390625,33.619998931884766,2509.6175582693863,0
2025-04-10,190748.11554640054,195.60137939453125,40.720001220703125,2509.6175582693863,0
2025-04-11,205622.17270832288,200.685546875,37.560001373291016,2925.5639628439185,0
2025-04-14,206497.12775092147,200.984619140625,30.88999938964844,2925.5639628439185,0
2025-04-15,210317.73500989302,202.29055786132812,30.1200008392334,2925.5639628439185,0
2025-04-16,185323.4389228527,193.7471466064453,32.63999938964844,2925.5639628439185,0
2025-04-17,180117.00777930542,191.9327850341797,29.649999618530273,2869.5664762376578,0
2025-04-21,166671.8698328418,187.2473602294922,33.81999969482422,2869.5664762376578,0
2025-04-22,177506.46773857268,191.3047332763672,30.56999969482422,2670.347976525284,0
2025-04-23,196167.56968762327,198.29299926757812,28.450000762939453,2670.347976525284,0
2025-04-24,222947.93767662637,208.32179260253903,26.469999313354492,2670.347976525284,0
2025-04-25,230934.12637753907,211.31248474121097,24.84000015258789,2670.347976525284,0
2025-04-28,227420.16749241424,209.99656677246097,25.149999618530273,2670.347976525284,0
2025-04-29,226461.81506919838,209.63768005371097,24.170000076293945,2670.347976525284,0
2025-04-30,229097.28423304192,210.62461853027344,24.700000762939453,2670.347976525284,0
2025-05-01,231812.61609882017,211.64146423339844,24.600000381469727,2670.347976525284,0
2025-05-02,249728.30566562965,218.3505859375,22.68000030517578,2670.347976525284,0
2025-05-05,245948.15135614813,216.9349822998047,23.63999938964844,2670.347976525284,0
2025-05-06,240570.78375425003,214.92124938964844,24.760000228881836,2670.347976525284,0
2025-05-07,252363.7340831968,219.33750915527344,23.549999237060547,2670.347976525284,0
2025-05-08,257501.51357929094,221.2615203857422,22.479999542236328,2670.347976525284,0
2025-05-09,261361.48984443067,222.70701599121097,21.899999618530273,2670.347976525284,0
2025-05-12,298657.04567770247,236.6735687255859,18.38999938964844,2670.347976525284,0
2025-05-13,320352.84880771703,244.79827880859375,18.219999313354492,2670.347976525284,0
2025-05-14,326821.6869181476,247.2207489013672,18.6200008392334,2670.347976525284,0
2025-05-15,324532.3166268718,246.36341857910156,17.829999923706055,2670.347976525284,0
2025-05-16,322642.2598452693,245.65562438964844,17.239999771118164,2670.347976525284,0
2025-05-19,321550.7893367369,245.24688720703125,18.13999938964844,2670.347976525284,0
2025-05-20,320299.593424335,244.77833557128903,18.09000015258789,2670.347976525284,0
2025-05-21,309465.0362648807,240.72097778320312,20.8700008392334,2670.347976525284,0
2025-05-22,307708.0568223183,240.06301879882812,20.280000686645508,2670.347976525284,0
2025-05-23,298736.90837963717,236.70347595214844,22.290000915527344,2670.347976525284,0
2025-05-27,318782.24283385323,244.21011352539065,18.959999084472656,2670.347976525284,0
2025-05-28,311834.2692580911,241.60821533203125,19.309999465942383,2670.347976525284,0
2025-05-29,316413.0098406427,243.3228759765625,19.18000030517578,2670.347976525284,0
2025-05-30,304886.25493605266,239.0063018798828,18.56999969482422,2670.347976525284,0
2025-06-02,314336.62033661816,242.54530334472656,18.36000061035156,2670.347976525284,0
2025-06-03,328951.3318055541,248.0182647705078,17.690000534057617,2670.347976525284,0
2025-06-04,336831.0504859791,250.96908569335935,17.610000610351562,2670.347976525284,0
2025-06-05,335633.1099569594,250.52047729492188,18.479999542236328,2670.347976525284,0
2025-06-06,339439.8715849936,251.946044921875,16.770000457763672,2670.347976525284,0
2025-06-09,350700.349572674,256.16290283203125,17.15999984741211,2670.347976525284,0
2025-06-10,364303.57547384157,261.257080078125,16.950000762939453,2670.347976525284,0
2025-06-11,363797.75119740446,261.0676574707031,17.260000228881836,2670.347976525284,0
2025-06-12,367178.5512509362,262.3337097167969,18.020000457763672,2670.347976525284,0
2025-06-13,350780.21227460867,256.19281005859375,20.81999969482422,2670.347976525284,0
2025-06-16,376946.55753959,262.5630187988281,19.11000061035156,4107.61190598263,0
2025-06-17,369616.7116234974,260.778564453125,21.600000381469727,4107.61190598263,0
2025-06-18,373711.53738402075,261.77545166015625,20.13999938964844,4107.61190598263,0
2025-06-20,364211.43130776344,259.462646484375,20.6200008392334,4107.61190598263,0
2025-06-23,370968.0317024309,261.1075439453125,19.829999923706055,4107.61190598263,0
2025-06-24,410360.64161011647,270.69769287109375,17.479999542236328,4107.61190598263,0
2025-06-25,425347.88440392073,274.3463439941406,16.760000228881836,4107.61190598263,0
2025-06-26,433537.6612793346,276.34014892578125,16.59000015258789,4107.61190598263,0
2025-06-27,438533.40887726936,277.5563659667969,16.31999969482422,4107.61190598263,0
2025-06-30,440416.98359953787,278.0149230957031,16.729999542236328,4107.61190598263,0
2025-07-01,427968.5428056075,274.9843444824219,16.829999923706055,4107.61190598263,0
2025-07-02,450121.79335751117,280.3775634765625,16.639999389648438,4107.61190598263,0
2025-07-03,459826.7284698518,282.740234375,16.3799991607666,4107.61190598263,0
2025-07-07,444020.5455948163,278.8922119140625,17.790000915527344,4107.61190598263,0
2025-07-08,459253.4829484266,282.6006774902344,16.809999465942383,4107.61190598263,0
2025-07-09,467197.56526403443,284.53466796875,15.9399995803833,4107.61190598263,0
2025-07-10,475796.6241485131,286.62811279296875,15.779999732971191,4107.61190598263,0
2025-07-11,475673.77686861006,286.59820556640625,16.399999618530273,4107.61190598263,0
2025-07-14,466788.03254623525,284.4349670410156,17.200000762939453,4107.61190598263,0
2025-07-15,489227.84318166785,289.89794921875,17.3799991607666,4107.61190598263,0
2025-07-16,483003.6227847027,288.3826599121094,17.15999984741211,4107.61190598263,0
2025-07-17,492954.127102482,290.80511474609375,16.520000457763672,4107.61190598263,0
2025-07-18,487221.4211794963,289.40948486328125,16.40999984741211,4107.61190598263,0
2025-07-21,488040.3612607275,289.6088562011719,16.649999618530273,4107.61190598263,0
2025-07-22,466992.73622795125,284.48480224609375,16.5,4107.61190598263,0
2025-07-23,472070.3402276989,285.720947265625,15.369999885559082,4107.61190598263,0
2025-07-24,476943.2405457306,286.9072570800781,15.390000343322754,4107.61190598263,0
2025-07-25,475673.77686861006,286.59820556640625,14.93000030517578,4107.61190598263,0
2025-07-28,491725.77965781884,290.5060729980469,15.029999732971191,4107.61190598263,0
2025-07-29,497827.02742051374,291.9914245605469,15.979999542236328,4107.61190598263,0
2025-07-30,511585.9227696548,295.3410339355469,15.479999542236328,4107.61190598263,0
2025-07-31,480956.20990444097,287.88421630859375,16.719999313354492,4107.61190598263,0
2025-08-01,456823.5357905849,283.0692138671875,20.3799991607666,5011.975467827172,0
2025-08-04,488001.24133901496,289.28985595703125,17.520000457763672,5011.975467827172,0
2025-08-05,472562.28285064193,286.2094421386719,17.850000381469727,5011.975467827172,0
2025-08-06,470163.9742771699,285.7309265136719,16.770000457763672,5011.975467827172,0
2025-08-07,492647.81124676403,290.2169494628906,16.56999969482422,5011.975467827172,0
2025-08-08,504689.2169071693,292.6194763183594,15.149999618530272,5011.975467827172,0
2025-08-11,504039.62401740305,292.4898681640625,16.25,5011.975467827172,0
2025-08-12,537515.7595998613,299.1690979003906,14.729999542236328,5011.975467827172,0
2025-08-13,543411.6524940976,300.345458984375,14.489999771118164,5011.975467827172,0
2025-08-14,546609.295289825,300.98345947265625,14.829999923706056,5011.975467827172,0
2025-08-15,515281.695455553,294.73291015625,15.09000015258789,5011.975467827172,0
2025-08-18,521608.29388075764,295.93914794921875,14.989999771118164,5244.9015128549545,0
2025-08-19,490288.86260872876,289.9677429199219,15.56999969482422,5244.9015128549545,0
2025-08-20,480630.3660893048,288.06365966796875,15.6899995803833,5072.517973947137,0
2025-08-21,473045.11887484527,286.56829833984375,16.600000381469727,5072.517973947137,0
2025-08-22,504296.182597455,292.7291564941406,14.220000267028809,5072.517973947137,0
2025-08-25,505712.14701114193,293.00830078125,14.789999961853027,5072.517973947137,0
2025-08-26,520022.722087483,295.8294982910156,14.619999885559082,5072.517973947137,0
2025-08-27,524624.3355302794,296.7366638183594,14.850000381469728,5072.517973947137,0
2025-08-28,530793.6183310519,297.952880859375,14.43000030517578,5072.517973947137,0
2025-08-29,487356.00355311343,289.3895568847656,15.359999656677246,5072.517973947137,0
2025-09-02,468166.616952348,285.59136962890625,17.170000076293945,5052.248693416166,0
2025-09-03,467914.6829202117,285.54150390625,16.350000381469727,5052.248693416166,0
2025-09-04,485190.0492792758,288.9608459472656,15.300000190734863,5052.248693416166,0
2025-09-05,502415.30636022234,292.3702697753906,15.18000030517578,5052.248693416166,0
2025-09-08,518733.6625984358,295.6001892089844,15.109999656677246,5052.248693416166,0
2025-09-09,525230.9086903718,296.8861999511719,15.039999961853027,5052.248693416166,0
2025-09-10,540441.3102438047,299.8968200683594,15.350000381469728,5052.248693416166,0
2025-09-11,556054.7445756982,302.9872131347656,14.710000038146973,5052.248693416166,0
2025-09-12,558019.1824603055,303.37603759765625,14.760000228881836,5052.248693416166,0
2025-09-15,572373.4091787001,306.2171936035156,15.6899995803833,5052.248693416166,0
2025-09-16,572574.7713855361,306.2570495605469,16.360000610351562,5052.248693416166,0
2025-09-17,562703.0894139581,304.3031311035156,15.720000267028809,5052.248693416166,0
2025-09-18,621731.8190365894,315.9867858886719,15.699999809265137,5052.248693416166,0
2025-09-19,615385.6716909775,314.7306823730469,15.449999809265137,5052.248693416166,0
2025-09-22,647922.0114287749,321.170654296875,16.100000381469727,5052.248693416166,0
2025-09-23,645554.8491304956,320.7021179199219,16.639999389648438,5052.248693416166,0
2025-09-24,642583.1376645255,320.1139221191406,16.18000030517578,5052.248693416166,0
2025-09-25,642331.3578147835,320.0640869140625,16.739999771118164,5052.248693416166,0
2025-09-26,646159.244115792,320.8217468261719,15.289999961853027,5052.248693416166,0
2025-09-29,650389.8548304723,321.65911865234375,16.1200008392334,5052.248693416166,0
2025-09-30,669025.1099064533,325.3476257324219,16.280000686645508,5052.248693416166,0
2025-10-01,705943.3132876493,332.6549072265625,16.290000915527344,5052.248693416166,0
2025-10-02,728859.7509036111,337.1907958984375,16.6299991607666,5052.248693416166,0
2025-10-03,721002.6160947583,335.6356201171875,16.649999618530273,5052.248693416166,0
2025-10-06,754747.7458031485,342.3148498535156,16.3700008392334,5052.248693416166,0
2025-10-07,722866.2186935535,336.0044860839844,17.239999771118164,5052.248693416166,0
2025-10-08,768296.2153294106,344.99652099609375,16.299999237060547,5052.248693416166,0
2025-10-09,763964.6151465238,344.13916015625,16.43000030517578,5052.248693416166,0
2025-10-10,663887.9067138283,324.330810546875,21.65999984741211,5052.248693416166,0
2025-10-13,752102.8920532742,338.69610595703125,19.030000686645508,6140.840325293834,0
2025-10-14,713841.8286934936,332.46551513671875,20.809999465942383,6140.840325293834,0
2025-10-15,764530.1852811554,340.7198181152344,20.63999938964844,6140.840325293834,0
2025-10-16,773835.1475562863,342.2350769042969,25.309999465942383,6140.840325293834,0
2025-10-17,770957.9404788255,341.76654052734375,20.780000686645508,6140.840325293834,0
2025-10-20,797832.7374664075,346.1429443359375,18.229999542236328,6140.840325293834,0
2025-10-21,786078.7852812748,344.2288818359375,17.8700008392334,6140.840325293834,0
2025-10-22,745062.8893781037,337.5496826171875,18.600000381469727,6140.840325293834,0
2025-10-23,783017.9227009213,343.7304382324219,17.299999237060547,6140.840325293834,0
2025-10-24,821830.3273765288,350.0508117675781,16.3700008392334,6140.840325293834,0
2025-10-27,875701.9210786143,358.823486328125,15.789999961853027,6140.840325293834,0
2025-10-28,895107.9360128436,361.983642578125,16.420000076293945,6140.840325293834,0
2025-10-29,928777.7992038812,367.4665832519531,16.920000076293945,6140.840325293834,0
2025-10-30,898903.6080083421,362.6017456054687,16.90999984741211,6140.840325293834,0
2025-10-31,894556.9695041656,361.8939208984375,17.440000534057617,6140.840325293834,0
2025-11-03,913412.2053332912,364.9643859863281,17.170000076293945,6140.840325293834,0
2025-11-04,831747.53712916,351.665771484375,19.0,6140.840325293834,0
2025-11-05,879422.7739338862,358.3848571777344,18.010000228881836,7095.494681939345,0
2025-11-06,819934.777077163,350.0009460449219,19.5,7095.494681939345,0
2025-11-07,799126.400320042,347.0401611328125,19.079999923706055,7027.993378382977,0
2025-11-10,873882.4761267861,357.67706298828125,17.600000381469727,7027.993378382977,0
2025-11-11,819654.4551977213,349.9610595703125,17.280000686645508,7027.993378382977,0
2025-11-12,851034.986316534,354.4271545410156,17.510000228881836,7026.391360834021,0
2025-11-13,776015.9074610668,343.7503967285156,20.0,7026.391360834021,0
2025-11-14,777096.224524346,343.909912109375,19.829999923706055,6772.494648847859,0
2025-11-17,745498.9655547456,339.244384765625,22.3799991607666,6772.494648847859,0
2025-11-18,698171.2815447459,332.25616455078125,24.690000534057617,6772.494648847859,0
2025-11-19,736820.0683830116,338.3870849609375,23.65999984741211,6303.912667703467,0
2025-11-20,646702.2816884211,324.091552734375,26.420000076293945,6303.912667703467,0
2025-11-21,652849.1562355808,325.1183776855469,23.43000030517578,5986.2925420193615,0
2025-11-24,730369.708170938,338.06805419921875,20.520000457763672,5986.2925420193615,0
2025-11-25,735681.1543796377,338.955322265625,18.559999465942383,5986.2925420193615,0
2025-11-26,781632.453302188,346.63140869140625,17.190000534057617,5986.2925420193615,0
2025-11-28,808905.0872263793,351.187255859375,16.350000381469727,5986.2925420193615,0
2025-12-01,812963.1168966637,351.8651428222656,17.239999771118164,5986.2925420193615,0
2025-12-02,851574.2288060976,358.3150634765625,16.59000015258789,5986.2925420193615,0
2025-12-03,881054.8196291795,363.23974609375,16.079999923706055,5986.2925420193615,0
2025-12-04,864524.1901444033,360.4783325195313,15.779999732971191,5986.2925420193615,0
2025-12-05,881353.3304328191,363.28961181640625,15.40999984741211,5986.2925420193615,0
2025-12-08,905999.8365710141,367.4067687988281,16.65999984741211,5986.2925420193615,0
2025-12-09,908685.3376808678,367.8553771972656,16.93000030517578,5986.2925420193615,0
2025-12-10,939120.8342387255,372.9395751953125,15.770000457763672,5986.2925420193615,0
2025-12-11,919964.4423422532,369.7395324707031,14.850000381469728,5986.2925420193615,0
2025-12-12,819885.6810841252,353.02154541015625,15.739999771118164,5986.2925420193615,0
2025-12-15,811411.7597330019,351.8053283691406,16.5,6967.441719158063,0
2025-12-16,804743.7002752139,350.8482971191406,16.479999542236328,6967.441719158063,0
2025-12-17,716531.6100061993,338.18768310546875,17.6200008392334,6967.441719158063,0
2025-12-18,767287.0860023752,346.1728515625,16.8700008392334,6356.21856561883,0
2025-12-19,824188.8981029884,355.125,14.90999984741211,6356.21856561883,0
2025-12-22,853268.6756312532,359.70001220703125,14.079999923706056,6356.21856561883,0
2025-12-23,875261.1375549033,363.1600036621094,14.0,6356.21856561883,0
2025-12-24,881680.9803786252,364.1700134277344,13.470000267028809,6356.21856561883,0
2025-12-26,892422.8112962361,365.8599853515625,13.600000381469728,6356.21856561883,0
2025-12-29,881935.0894582444,364.2099914550781,14.199999809265137,6356.21856561883,0
2025-12-30,876214.5315444667,363.30999755859375,14.329999923706056,6356.21856561883,0
2025-12-31,856001.803060134,360.1300048828125,14.949999809265137,6356.21856561883,0
2026-01-02,939713.0929425516,373.2999877929687,14.510000228881836,6356.21856561883,0
2026-01-05,966981.3249024478,377.5899963378906,14.899999618530272,6356.21856561883,0
2026-01-06,1030734.1893565487,387.6199951171875,14.75,6356.21856561883,0
2026-01-07,1014207.9822906605,385.0199890136719,15.380000114440918,6356.21856561883,0
2026-01-08,975816.5618173283,378.9800109863281,15.449999809265137,6356.21856561883,0
2026-01-09,1040904.1778568183,389.2200012207031,14.489999771118164,6356.21856561883,0
2026-01-12,1050057.1481094211,390.6600036621094,15.119999885559082,6356.21856561883,0
2026-01-13,1055587.027225286,391.5299987792969,15.979999542236328,6356.21856561883,0
2026-01-14,1035374.2987409533,388.3500061035156,16.75,6356.21856561883,0
2026-01-15,1086605.4048617294,396.4100036621094,15.84000015258789,6356.21856561883,0
2026-01-16,1111903.224584395,400.3900146484375,15.859999656677246,6356.21856561883,0
2026-01-20,1048341.0389282068,390.3900146484375,20.09000015258789,6356.21856561883,0
2026-01-21,1141308.3185751175,401.9299926757813,16.899999618530273,8056.105429891297,0
2026-01-22,1148478.3704170766,402.8200073242187,15.640000343322754,8056.105429891297,0
2026-01-23,1126485.1140864561,400.0899963378906,16.09000015258789,8056.105429891297,0
2026-01-26,1116253.9486975116,398.8200073242187,16.149999618530273,8056.105429891297,0
2026-01-27,1184166.858466817,407.25,16.350000381469727,8056.105429891297,0
2026-01-28,1259733.1667356498,416.6300048828125,16.350000381469727,8056.105429891297,0
2026-01-29,1266902.9727247832,417.5199890136719,16.8799991607666,8056.105429891297,0
2026-01-30,1153634.1500487376,403.4599914550781,17.440000534057617,8056.105429891297,0
2026-02-02,1192321.2669342116,407.9700012207031,16.34000015258789,8578.056123147357,0
2026-02-03,1192321.2669342116,407.9700012207031,16.15999984741211,8578.056123147357,0
