date,action,asset,entry_price,exit_price,shares,notional,leverage,vix,pnl,equity_before,vix_chg_pct,smh_ret_pct,dd_pct
2023-02-06,ENTER_LONG,SMH,120.74909210205078,,2484.4907301369667,300000.0,3.0,19.43000030517578,0.0,100000.0,,,
2023-02-06,ENTER_SHORT,SOXL,15.754095077514648,,6347.555953418551,100000.0,1.0,19.43000030517578,0.0,100000.0,6.001093213574449,-1.663121355275743,
2023-02-06,EXIT_SHORT,SOXL,15.754095077514648,15.754095077514648,6347.555953418551,,,,0.0,100000.0,,,
2023-02-08,ENTER_SHORT,SOXL,16.135719299316406,,6380.47509438253,102953.55511923585,1.0,19.6299991607666,0.0,102953.55511923585,5.198281464557564,-1.9592275492933742,
2023-02-08,EXIT_SHORT,SOXL,16.135719299316406,16.135719299316406,6380.47509438253,,,,0.0,102953.55511923585,,,
2023-02-16,STOP_LOSS_LONG,SMH,120.74909210205078,121.41007995605467,2484.4907301369667,,,,1642.2181960057965,101642.2181960058,,,-2.7154221076254323
2023-02-16,ENTER_LONG,SMH,121.41007995605467,,2511.543149451742,304926.6545880174,3.0,20.170000076293945,0.0,101642.2181960058,,,
2023-02-16,ENTER_SHORT,SOXL,15.930231094360352,,6380.460998584594,101642.2181960058,1.0,20.170000076293945,0.0,101642.2181960058,10.641802428809232,-2.7154221076254315,
2023-02-16,EXIT_SHORT,SOXL,15.930231094360352,15.930231094360352,6380.460998584594,,,,0.0,101642.2181960058,,,
2023-02-21,STOP_LOSS_LONG,SMH,121.41007995605467,116.11229705810548,2511.543149451742,,,,-13305.610344626886,88336.60785137891,,,-3.039916035851427
2023-02-21,ENTER_LONG,SMH,116.11229705810548,,2282.3579437199423,265009.82355413673,3.0,22.8700008392334,0.0,88336.60785137891,,,
2023-02-21,ENTER_SHORT,SOXL,13.708998680114746,,9665.542675211585,132504.91177706837,1.5,22.8700008392334,0.0,88336.60785137891,14.235765815702116,-3.039916035851431,
2023-02-21,EXIT_SHORT,SOXL,13.708998680114746,13.708998680114746,9665.542675211585,,,,0.0,88336.60785137891,,,
2023-02-24,ENTER_SHORT,SOXL,14.002552032470703,,6535.342226914352,91511.46958237117,1.0,21.670000076293945,0.0,91511.46958237117,2.507098873924418,-1.7852669846324498,
2023-02-24,EXIT_SHORT,SOXL,14.002552032470703,14.002552032470703,6535.342226914352,,,,0.0,91511.46958237117,,,
2023-03-07,ENTER_SHORT,SOXL,14.335248947143556,,6529.745216814039,93605.52324444913,1.0,19.59000015258789,0.0,93605.52324444913,5.265983396535834,-1.1162289753453236,
2023-03-07,EXIT_SHORT,SOXL,14.335248947143556,14.335248947143556,6529.745216814039,,,,0.0,93605.52324444913,,,
2023-03-09,ENTER_SHORT,SOXL,14.5896635055542,,9804.388229772676,143042.72515019955,1.5,22.61000061035156,0.0,95361.81676679969,18.31501773005759,-1.9159780126280612,
2023-03-09,EXIT_SHORT,SOXL,14.5896635055542,14.5896635055542,9804.388229772676,,,,0.0,95361.81676679969,,,
2023-03-10,ENTER_SHORT,SOXL,13.748139381408691,,9924.229173961978,136439.6859366717,1.5,24.799999237060547,0.0,90959.7906244478,9.685973319727982,-1.6181835487841023,
2023-03-10,EXIT_SHORT,SOXL,13.748139381408691,13.748139381408691,9924.229173961978,,,,0.0,90959.7906244478,,,
2023-03-15,ENTER_SHORT,SOXL,14.374388694763184,,9985.290015646053,143532.4399148343,1.5,26.13999938964844,0.0,95688.2932765562,10.155920328285827,-1.1239601630083529,
2023-03-15,EXIT_SHORT,SOXL,14.374388694763184,14.374388694763184,9985.290015646053,,,,0.0,95688.2932765562,,,
2023-03-17,ENTER_SHORT,SOXL,15.78345012664795,,9992.61712269046,157717.97399067323,1.5,25.510000228881836,0.0,105145.31599378215,10.96128961658145,-0.5087377461437059,
2023-03-17,EXIT_SHORT,SOXL,15.78345012664795,15.78345012664795,9992.61712269046,,,,0.0,105145.31599378215,,,
2023-03-22,ENTER_SHORT,SOXL,15.915043830871582,,10089.31702449225,160571.922668353,1.5,22.260000228881836,0.0,107047.94844556868,4.116001415613146,-0.6426420995060744,
2023-03-22,EXIT_SHORT,SOXL,15.915043830871582,15.915043830871582,10089.31702449225,,,,0.0,107047.94844556868,,,
2023-04-04,ENTER_SHORT,SOXL,16.45404052734375,,6893.152119869393,113420.20434147646,1.0,19.0,0.0,113420.20434147646,2.425880223436394,-1.5361574137281897,
2023-04-04,EXIT_SHORT,SOXL,16.45404052734375,16.45404052734375,6893.152119869393,,,,0.0,113420.20434147646,,,
2023-04-25,STOP_LOSS_LONG,SMH,116.11229705810548,117.9818115234375,2282.3579437199423,,,,4266.90119084987,92603.50904222878,,,-3.169916217913448
2023-04-25,ENTER_LONG,SMH,117.9818115234375,,2354.689452038955,277810.5271266863,3.0,18.760000228881836,0.0,92603.50904222878,,,
2023-04-25,ENTER_SHORT,SOXL,12.935870170593262,,7158.660980746517,92603.50904222878,1.0,18.760000228881836,0.0,92603.50904222878,11.071645392595375,-3.169916217913449,
2023-04-25,EXIT_SHORT,SOXL,12.935870170593262,12.935870170593262,7158.660980746517,,,,0.0,92603.50904222878,,,
2023-05-02,ENTER_SHORT,SOXL,14.062861442565918,,7229.2039238536645,101663.29312120794,1.0,17.780000686645508,0.0,101663.29312120794,10.572144098292036,-0.8669876278807553,
2023-05-02,EXIT_SHORT,SOXL,14.062861442565918,14.062861442565918,7229.2039238536645,,,,0.0,101663.29312120794,,,
2023-05-03,ENTER_SHORT,SOXL,13.563065528869627,,7277.22248782551,98701.44547054105,1.0,18.34000015258789,0.0,98701.44547054105,3.1496031738794894,-1.0324692151720938,
2023-05-03,EXIT_SHORT,SOXL,13.563065528869627,13.563065528869627,7277.22248782551,,,,0.0,98701.44547054105,,,
2023-05-09,ENTER_SHORT,SOXL,13.661063194274902,,7382.313971617784,100850.25768624908,1.0,17.709999084472656,0.0,100850.25768624908,4.2991729205911655,-1.5431409256904005,
2023-05-09,EXIT_SHORT,SOXL,13.661063194274902,13.661063194274902,7382.313971617784,,,,0.0,100850.25768624908,,,
2023-05-19,ENTER_SHORT,SOXL,17.04203224182129,,7302.660668108037,124452.17855697735,1.0,16.809999465942383,0.0,124452.17855697735,4.73520414335562,-0.552068491386648,
2023-05-19,EXIT_SHORT,SOXL,17.04203224182129,17.04203224182129,7302.660668108037,,,,0.0,124452.17855697735,,,
2023-05-23,ENTER_SHORT,SOXL,16.58143424987793,,7221.114789582918,119736.44009429026,1.0,18.530000686645508,0.0,119736.44009429026,7.669969043541625,-1.4415493023169357,
2023-05-23,EXIT_SHORT,SOXL,16.58143424987793,16.58143424987793,7221.114789582918,,,,0.0,119736.44009429026,,,
2023-05-24,ENTER_SHORT,SOXL,15.70924472808838,,7336.635666723817,115253.0051693863,1.0,20.030000686645508,0.0,115253.0051693863,8.09498081174409,-1.4702512235156395,
2023-05-24,EXIT_SHORT,SOXL,15.70924472808838,15.70924472808838,7336.635666723817,,,,0.0,115253.0051693863,,,
2023-05-31,STOP_LOSS_LONG,SMH,117.9818115234375,142.38912963867188,2354.689452038955,,,,57471.654518501695,150075.16356073046,,,-2.5258363701259205
2023-05-31,ENTER_LONG,SMH,142.38912963867188,,3161.9372337248515,450225.4906821914,3.0,17.940000534057617,0.0,150075.16356073046,,,
2023-05-31,ENTER_SHORT,SOXL,20.72679328918457,,7240.63589899558,150075.16356073046,1.0,17.940000534057617,0.0,150075.16356073046,2.749149339943724,-2.5258363701259223,
2023-05-31,EXIT_SHORT,SOXL,20.72679328918457,20.72679328918457,7240.63589899558,,,,0.0,150075.16356073046,,,
2023-06-15,ENTER_SHORT,SOXL,25.430747985839844,,7146.35631802063,181737.18654059697,1.0,14.5,0.0,181737.18654059697,4.466857928293733,-0.719801611725801,
2023-06-15,EXIT_SHORT,SOXL,25.430747985839844,25.430747985839844,7146.35631802063,,,,0.0,181737.18654059697,,,
2023-06-21,STOP_LOSS_LONG,SMH,142.38912963867188,147.33175659179688,3161.9372337248515,,,,15628.276195497954,165703.4397562284,,,-2.2899717410498566
2023-06-21,ENTER_LONG,SMH,147.33175659179688,,3655.262053922507,538536.1792077423,3.25,13.199999809265137,0.0,165703.4397562284,,,
2023-06-23,ENTER_SHORT,SOXL,21.485105514526367,,7408.682698904574,159176.32950961075,1.0,13.4399995803833,0.0,159176.32950961075,4.1053426741707755,-1.6991091453812168,
2023-06-23,EXIT_SHORT,SOXL,21.485105514526367,21.485105514526367,7408.682698904574,,,,0.0,159176.32950961075,,,
2023-07-05,ENTER_SHORT,SOXL,23.40885353088379,,7288.170865914705,170607.7243082518,1.0,14.18000030517578,0.0,170607.7243082518,4.49521462100122,-1.8880342331318523,
2023-07-05,EXIT_SHORT,SOXL,23.40885353088379,23.40885353088379,7288.170865914705,,,,0.0,170607.7243082518,,,
2023-07-06,ENTER_SHORT,SOXL,22.55494499206543,,7277.909238061173,164152.84252171457,1.0,15.4399995803833,0.0,164152.84252171457,8.885749281314293,-1.1877808549403013,
2023-07-06,EXIT_SHORT,SOXL,22.55494499206543,22.55494499206543,7277.909238061173,,,,0.0,164152.84252171457,,,
2023-07-19,ENTER_SHORT,SOXL,26.78522491455078,,7430.36159152535,199023.906425446,1.0,13.760000228881836,0.0,199023.906425446,3.458646853760361,-1.0482877921024092,
2023-07-19,EXIT_SHORT,SOXL,26.78522491455078,26.78522491455078,7430.36159152535,,,,0.0,199023.906425446,,,
2023-07-20,STOP_LOSS_LONG,SMH,147.33175659179688,150.91293334960938,3655.262053922507,,,,13090.139511221263,178793.57926744968,,,-3.5376570865889834
2023-07-20,ENTER_LONG,SMH,150.91293334960938,,3850.4263333949402,581079.1326192115,3.25,13.989999771118164,0.0,178793.57926744968,,,
2023-08-02,STOP_LOSS_LONG,SMH,150.91293334960938,152.5604705810547,3850.4263333949402,,,,6343.720741205626,185137.3000086553,,,-3.66910363406179
2023-08-02,ENTER_LONG,SMH,152.5604705810547,,3640.6016441256193,555411.9000259659,3.0,16.09000015258789,0.0,185137.3000086553,,,
2023-08-02,ENTER_SHORT,SOXL,24.812406539916992,,7461.481001885706,185137.3000086553,1.0,16.09000015258789,0.0,185137.3000086553,15.506100503167609,-3.6691036340617877,
2023-08-02,EXIT_SHORT,SOXL,24.812406539916992,24.812406539916992,7461.481001885706,,,,0.0,185137.3000086553,,,
2023-08-11,STOP_LOSS_LONG,SMH,152.5604705810547,144.2438507080078,3640.6016441256193,,,,-30277.49998338225,154859.80002527306,,,-2.507161004040112
2023-08-11,ENTER_LONG,SMH,144.2438507080078,,3489.191030409705,503294.35008213745,3.25,14.84000015258789,0.0,154859.80002527306,,,
2023-08-15,ENTER_SHORT,SOXL,21.39677047729492,,7662.2484210242,163947.3708046702,1.0,16.459999084472656,0.0,163947.3708046702,11.06612296504428,-1.2013905521257362,
2023-08-15,EXIT_SHORT,SOXL,21.39677047729492,21.39677047729492,7662.2484210242,,,,0.0,163947.3708046702,,,
2023-08-17,ENTER_SHORT,SOXL,19.541730880737305,,7801.262551090783,152450.17330339024,1.0,17.889999389648438,0.0,152450.17330339024,6.615009878315026,-0.6757767568648987,
2023-08-17,EXIT_SHORT,SOXL,19.541730880737305,19.541730880737305,7801.262551090783,,,,0.0,152450.17330339024,,,
2023-08-24,STOP_LOSS_LONG,SMH,144.2438507080078,146.81875610351562,3489.191030409705,,,,8984.336810159413,163844.13683543247,,,-2.585585129539449
2023-08-24,ENTER_LONG,SMH,146.81875610351562,,3347.8856758583274,491532.41050629737,3.0,17.200000762939453,0.0,163844.13683543247,,,
2023-08-24,ENTER_SHORT,SOXL,20.032482147216797,,8178.92339208679,163844.13683543247,1.0,17.200000762939453,0.0,163844.13683543247,7.634551036616566,-2.585585129539447,
2023-08-24,EXIT_SHORT,SOXL,20.032482147216797,20.032482147216797,8178.92339208679,,,,0.0,163844.13683543247,,,
2023-09-06,ENTER_SHORT,SOXL,23.006441116333008,,7974.423580093513,183463.10653211887,1.0,14.449999809265137,0.0,183463.10653211887,3.140610800820931,-1.1623396462514979,
2023-09-06,EXIT_SHORT,SOXL,23.006441116333008,23.006441116333008,7974.423580093513,,,,0.0,183463.10653211887,,,
2023-09-07,STOP_LOSS_LONG,SMH,146.81875610351562,149.29498291015625,3347.8856758583274,,,,8290.124256128556,172134.26109156103,,,-2.2163386189154024
2023-09-07,ENTER_LONG,SMH,149.29498291015625,,3747.187866883877,559436.3485475733,3.25,14.399999618530272,0.0,172134.26109156103,,,
2023-09-12,ENTER_SHORT,SOXL,20.55268096923828,,8020.929924877461,164851.61382262284,1.0,14.229999542236328,0.0,164851.61382262284,3.1159372866542467,-0.7508823072662651,
2023-09-12,EXIT_SHORT,SOXL,20.55268096923828,20.55268096923828,8020.929924877461,,,,0.0,164851.61382262284,,,
2023-09-15,STOP_LOSS_LONG,SMH,149.29498291015625,144.8357696533203,3747.187866883877,,,,-16709.509811863365,155424.75127969767,,,-3.02530344063532
2023-09-15,ENTER_LONG,SMH,144.8357696533203,,3487.6083640671113,505130.4416590174,3.25,13.789999961853027,0.0,155424.75127969767,,,
2023-09-15,ENTER_SHORT,SOXL,19.42395401000977,,8001.705069915345,155424.75127969767,1.0,13.789999961853027,0.0,155424.75127969767,7.566304915127442,-3.0253034406353185,
2023-09-15,EXIT_SHORT,SOXL,19.42395401000977,19.42395401000977,8001.705069915345,,,,0.0,155424.75127969767,,,
2023-09-20,ENTER_SHORT,SOXL,18.16826629638672,,7952.508676795096,144483.29536433928,1.0,15.140000343322754,0.0,144483.29536433928,7.299792428826057,-1.643505335524642,
2023-09-20,EXIT_SHORT,SOXL,18.16826629638672,18.16826629638672,7952.508676795096,,,,0.0,144483.29536433928,,,
2023-09-21,ENTER_SHORT,SOXL,17.126144409179688,,7859.822862481756,134608.4613734346,1.0,17.540000915527344,0.0,134608.4613734346,15.852050976095722,-1.9981898172103052,
2023-09-21,EXIT_SHORT,SOXL,17.126144409179688,17.126144409179688,7859.822862481756,,,,0.0,134608.4613734346,,,
2023-09-26,ENTER_SHORT,SOXL,16.94918441772461,,7929.701945604374,134401.98065363817,1.0,18.940000534057617,0.0,134401.98065363817,12.0710116069503,-1.580876501954931,
2023-09-26,EXIT_SHORT,SOXL,16.94918441772461,16.94918441772461,7929.701945604374,,,,0.0,134401.98065363817,,,
2023-10-03,STOP_LOSS_LONG,SMH,144.8357696533203,141.05728149414062,3487.6083640671113,,,,-13177.88690748362,142246.86437221404,,,-2.222517908749281
2023-10-03,ENTER_LONG,SMH,141.05728149414062,,3025.299995834447,426740.5931166421,3.0,19.780000686645508,0.0,142246.86437221404,,,
2023-10-03,ENTER_SHORT,SOXL,17.58821678161621,,8087.622874929265,142246.86437221404,1.0,19.780000686645508,0.0,142246.86437221404,12.32254401523627,-2.2225179087492775,
2023-10-03,EXIT_SHORT,SOXL,17.58821678161621,17.58821678161621,8087.622874929265,,,,0.0,142246.86437221404,,,
2023-10-13,STOP_LOSS_LONG,SMH,141.05728149414062,146.38465881347656,3025.299995834447,,,,16116.91458199554,158363.77895420959,,,-2.503455354783634
2023-10-13,ENTER_LONG,SMH,146.38465881347656,,3245.499499151687,475091.33686262876,3.0,19.31999969482422,0.0,158363.77895420959,,,
2023-10-13,ENTER_SHORT,SOXL,18.659832000732425,,8486.881283175195,158363.77895420959,1.0,19.31999969482422,0.0,158363.77895420959,15.757933352966802,-2.5034553547836347,
2023-10-13,EXIT_SHORT,SOXL,18.659832000732425,18.659832000732425,8486.881283175195,,,,0.0,158363.77895420959,,,
2023-10-17,ENTER_SHORT,SOXL,18.97443199157715,,8336.043032268175,158171.68159463303,1.0,17.8799991607666,0.0,158171.68159463303,3.8930860658699107,-1.1792941588670725,
2023-10-17,EXIT_SHORT,SOXL,18.97443199157715,18.97443199157715,8336.043032268175,,,,0.0,158171.68159463303,,,
2023-10-18,STOP_LOSS_LONG,SMH,146.38465881347656,143.39541625976562,3245.499499151687,,,,-9701.585210911757,148662.19374329783,,,-2.0024222109275627
2023-10-18,ENTER_LONG,SMH,143.39541625976562,,3110.187151463571,445986.5812298935,3.0,19.219999313354492,0.0,148662.19374329783,,,
2023-10-18,ENTER_SHORT,SOXL,17.971641540527344,,8272.043119046966,148662.19374329783,1.0,19.219999313354492,0.0,148662.19374329783,7.494408364001504,-2.002422210927568,
2023-10-18,EXIT_SHORT,SOXL,17.971641540527344,17.971641540527344,8272.043119046966,,,,0.0,148662.19374329783,,,
2023-10-19,ENTER_SHORT,SOXL,17.135976791381836,,8498.174554888394,145624.52194167918,1.0,21.399999618530273,0.0,145624.52194167918,11.342353709976805,-0.6811128247943499,
2023-10-19,EXIT_SHORT,SOXL,17.135976791381836,17.135976791381836,8498.174554888394,,,,0.0,145624.52194167918,,,
2023-10-25,STOP_LOSS_LONG,SMH,143.39541625976562,136.81507873535156,3110.187151463571,,,,-20466.08122072622,128196.11252257161,,,-3.8747027011380575
2023-10-25,ENTER_LONG,SMH,136.81507873535156,,2811.008414588891,384588.33756771486,3.0,20.190000534057617,0.0,128196.11252257161,,,
2023-10-25,ENTER_SHORT,SOXL,14.717474937438965,,8710.469225699897,128196.11252257161,1.0,20.190000534057617,0.0,128196.11252257161,6.43121383691494,-3.8747027011380553,
2023-10-25,EXIT_SHORT,SOXL,14.717474937438965,14.717474937438965,8710.469225699897,,,,0.0,128196.11252257161,,,
2023-10-26,ENTER_SHORT,SOXL,14.481522560119627,,8618.767372053815,124812.87413882026,1.0,20.68000030517578,0.0,124812.87413882026,2.4269428338627552,-0.8797038425939374,
2023-10-26,EXIT_SHORT,SOXL,14.481522560119627,14.481522560119627,8618.767372053815,,,,0.0,124812.87413882026,,,
2023-11-13,ENTER_SHORT,SOXL,19.682289123535156,,8998.728541982524,177115.576907508,1.0,14.760000228881836,0.0,177115.576907508,4.163727236494141,-0.6103810906457618,
2023-11-13,EXIT_SHORT,SOXL,19.682289123535156,19.682289123535156,8998.728541982524,,,,0.0,177115.576907508,,,
2023-12-04,ENTER_SHORT,SOXL,21.933658599853516,,8386.090338147587,183937.64246445932,1.0,13.079999923706056,0.0,183937.64246445932,3.56294382571396,-1.4584539000652041,
2023-12-04,EXIT_SHORT,SOXL,21.933658599853516,21.933658599853516,8386.090338147587,,,,0.0,183937.64246445932,,,
2023-12-20,STOP_LOSS_LONG,SMH,136.81507873535156,167.81175231933594,2811.008414588891,,,,87131.91026884527,215328.02279141688,,,-2.7828886315929795
2023-12-20,ENTER_LONG,SMH,167.81175231933594,,4170.244720050333,699816.0740721049,3.25,13.670000076293944,0.0,215328.02279141688,,,
2023-12-20,ENTER_SHORT,SOXL,27.625986099243164,,7794.40132988831,215328.02279141688,1.0,13.670000076293944,0.0,215328.02279141688,9.09816733932547,-2.7828886315929835,
2023-12-20,EXIT_SHORT,SOXL,27.625986099243164,27.625986099243164,7794.40132988831,,,,0.0,215328.02279141688,,,
2024-01-02,STOP_LOSS_LONG,SMH,167.81175231933594,167.70257568359375,4170.244720050333,,,,-455.29328875671587,214872.72950266016,,,-3.3739341558764226
2024-01-02,ENTER_LONG,SMH,167.70257568359375,,4164.136227705913,698336.3708836455,3.25,13.199999809265137,0.0,214872.72950266016,,,
2024-01-02,ENTER_SHORT,SOXL,27.628942489624023,,7777.088449308368,214872.72950266016,1.0,13.199999809265137,0.0,214872.72950266016,6.024096477831753,-3.3739341558764235,
2024-01-02,EXIT_SHORT,SOXL,27.628942489624023,27.628942489624023,7777.088449308368,,,,0.0,214872.72950266016,,,
2024-01-03,ENTER_SHORT,SOXL,25.86518287658691,,7828.053751183886,202474.04184212338,1.0,14.039999961853027,0.0,202474.04184212338,6.363637611557316,-1.7754606773306092,
2024-01-03,EXIT_SHORT,SOXL,25.86518287658691,25.86518287658691,7828.053751183886,,,,0.0,202474.04184212338,,,
2024-01-17,ENTER_SHORT,SOXL,28.01322364807129,,8506.919041707712,238306.22567139444,1.0,14.789999961853027,0.0,238306.22567139444,6.864160395890595,-0.6033090646425654,
2024-01-17,EXIT_SHORT,SOXL,28.01322364807129,28.01322364807129,8506.919041707712,,,,0.0,238306.22567139444,,,
2024-01-26,STOP_LOSS_LONG,SMH,167.70257568359375,186.8578186035156,4164.136227705913,,,,79765.04099335376,294637.7704960139,,,-2.131300501614588
2024-01-26,ENTER_LONG,SMH,186.8578186035156,,5124.606298352823,957572.7541120453,3.25,13.260000228881836,0.0,294637.7704960139,,,
2024-01-31,ENTER_SHORT,SOXL,31.629423141479492,,8929.371220028172,282430.86070562,1.0,14.350000381469728,0.0,282430.86070562,7.813673396435394,-1.4422836670286987,
2024-01-31,EXIT_SHORT,SOXL,31.629423141479492,31.629423141479492,8929.371220028172,,,,0.0,282430.86070562,,,
2024-02-13,ENTER_SHORT,SOXL,36.29993438720703,,9662.22459057536,350738.1186723439,1.0,15.850000381469728,0.0,350738.1186723439,13.783201968635716,-1.8516693014494323,
2024-02-13,EXIT_SHORT,SOXL,36.29993438720703,36.29993438720703,9662.22459057536,,,,0.0,350738.1186723439,,,
2024-02-20,ENTER_SHORT,SOXL,35.88609313964844,,9558.218158449814,343007.107083209,1.0,15.420000076293944,0.0,343007.107083209,8.2865191302115,-1.9677793711985303,
2024-02-20,EXIT_SHORT,SOXL,35.88609313964844,35.88609313964844,9558.218158449814,,,,0.0,343007.107083209,,,
2024-02-28,ENTER_SHORT,SOXL,39.21654510498047,,9995.449405814346,391986.99246766855,1.0,13.84000015258789,0.0,391986.99246766855,3.0528655107632474,-1.110895525331046,
2024-02-28,EXIT_SHORT,SOXL,39.21654510498047,39.21654510498047,9995.449405814346,,,,0.0,391986.99246766855,,,
2024-03-05,ENTER_SHORT,SOXL,46.15333938598633,,9953.313626615658,459378.6618243549,1.0,14.460000038146973,0.0,459378.6618243549,7.190513591449865,-1.530632546925026,
2024-03-05,EXIT_SHORT,SOXL,46.15333938598633,46.15333938598633,9953.313626615658,,,,0.0,459378.6618243549,,,
2024-03-08,STOP_LOSS_LONG,SMH,186.8578186035156,223.30238342285156,5124.606298352823,,,,186764.04641389678,481401.8169099107,,,-3.920223758050119
2024-03-08,ENTER_LONG,SMH,223.30238342285156,,7006.44516630404,1564555.9049572097,3.25,14.739999771118164,0.0,481401.8169099107,,,
2024-03-08,ENTER_SHORT,SOXL,48.23240661621094,,9980.879053795987,481401.8169099107,1.0,14.739999771118164,0.0,481401.8169099107,2.0775637081209553,-3.920223758050123,
2024-03-08,EXIT_SHORT,SOXL,48.23240661621094,48.23240661621094,9980.879053795987,,,,0.0,481401.8169099107,,,
2024-03-11,ENTER_SHORT,SOXL,46.08436584472656,,9841.005892116154,453516.51581239054,1.0,15.220000267028809,0.0,453516.51581239054,3.2564484624427736,-1.7823141384189056,
2024-03-11,EXIT_SHORT,SOXL,46.08436584472656,46.08436584472656,9841.005892116154,,,,0.0,453516.51581239054,,,
2024-03-14,ENTER_SHORT,SOXL,42.89186096191406,,10327.058672272226,442946.7647166292,1.0,14.399999618530272,0.0,442946.7647166292,4.727269952947433,-1.790024868546769,
2024-03-14,EXIT_SHORT,SOXL,42.89186096191406,42.89186096191406,10327.058672272226,,,,0.0,442946.7647166292,,,
2024-04-02,ENTER_SHORT,SOXL,45.24463653564453,,10643.047145711427,481540.7997394425,1.0,14.609999656677246,0.0,481540.7997394425,7.032967508978882,-1.2854316398522414,
2024-04-02,EXIT_SHORT,SOXL,45.24463653564453,45.24463653564453,10643.047145711427,,,,0.0,481540.7997394425,,,
2024-04-04,STOP_LOSS_LONG,SMH,223.30238342285156,218.2406311035156,7006.44516630404,,,,-35464.89007083974,445936.926839071,,,-2.6647818395656873
2024-04-04,ENTER_LONG,SMH,218.2406311035156,,6129.980351287861,1337810.780517213,3.0,16.350000381469727,0.0,445936.926839071,,,
2024-04-04,ENTER_SHORT,SOXL,41.78324508666992,,10672.625496513623,445936.926839071,1.0,16.350000381469727,0.0,445936.926839071,14.096304734949738,-2.6647818395656886,
2024-04-04,EXIT_SHORT,SOXL,41.78324508666992,41.78324508666992,10672.625496513623,,,,0.0,445936.926839071,,,
2024-04-10,ENTER_SHORT,SOXL,42.49327850341797,,10817.869234102965,459686.7301782941,1.0,15.800000190734863,0.0,459686.7301782941,5.473969783420429,-0.8701498409592778,
2024-04-10,EXIT_SHORT,SOXL,42.49327850341797,42.49327850341797,10817.869234102965,,,,0.0,459686.7301782941,,,
2024-04-12,STOP_LOSS_LONG,SMH,218.2406311035156,219.02468872070312,6129.980351287861,,,,4806.257787637129,450743.1846267081,,,-2.916725030024874
2024-04-12,ENTER_LONG,SMH,219.02468872070312,,6173.868168827608,1352229.5538801244,3.0,17.309999465942383,0.0,450743.1846267081,,,
2024-04-12,ENTER_SHORT,SOXL,40.93515396118164,,11011.151565574737,450743.1846267081,1.0,17.309999465942383,0.0,450743.1846267081,16.09657708311001,-2.9167250300248693,
2024-04-12,EXIT_SHORT,SOXL,40.93515396118164,40.93515396118164,11011.151565574737,,,,0.0,450743.1846267081,,,
2024-04-15,ENTER_SHORT,SOXL,39.2291145324707,,10971.436398962016,430399.73508059885,1.0,19.229999542236328,0.0,430399.73508059885,11.091855202373434,-1.5044375777570562,
2024-04-15,EXIT_SHORT,SOXL,39.2291145324707,39.2291145324707,10971.436398962016,,,,0.0,430399.73508059885,,,
2024-04-17,STOP_LOSS_LONG,SMH,219.02468872070312,210.8068084716797,6173.868168827608,,,,-50736.1092846829,400007.0753420252,,,-3.0845093305318168
2024-04-17,ENTER_LONG,SMH,210.8068084716797,,5692.516454881435,1200021.2260260757,3.0,18.209999084472656,0.0,400007.0753420252,,,
2024-04-19,STOP_LOSS_LONG,SMH,210.8068084716797,197.7157440185547,5692.516454881435,,,,-74521.0998113275,325485.97553069773,,,-4.515174332497841
2024-04-19,ENTER_LONG,SMH,197.7157440185547,,4938.6958607629,976457.9265920932,3.0,18.709999084472656,0.0,325485.97553069773,,,
2024-04-19,ENTER_SHORT,SOXL,30.363615036010746,,10719.60552604414,325485.97553069773,1.0,18.709999084472656,0.0,325485.97553069773,3.9444393581814285,-4.51517433249784,
2024-04-19,EXIT_SHORT,SOXL,30.363615036010746,30.363615036010746,10719.60552604414,,,,0.0,325485.97553069773,,,
2024-04-30,ENTER_SHORT,SOXL,37.65127182006836,,10581.914693230645,398422.5464916023,1.0,15.649999618530272,0.0,398422.5464916023,6.6802967766848464,-1.9644686178600712,
2024-04-30,EXIT_SHORT,SOXL,37.65127182006836,37.65127182006836,10581.914693230645,,,,0.0,398422.5464916023,,,
2024-05-01,STOP_LOSS_LONG,SMH,197.7157440185547,206.2909393310547,4938.6958607629,,,,42350.28159507718,367836.2571257749,,,-2.9146607340851514
2024-05-01,ENTER_LONG,SMH,206.2909393310547,,5349.283758926606,1103508.7713773248,3.0,15.390000343322754,0.0,367836.2571257749,,,
2024-05-29,ENTER_SHORT,SOXL,50.27400970458984,,11308.47512778253,568522.3883182517,1.0,14.279999732971191,0.0,568522.3883182517,10.526313070017878,-1.673139776149568,
2024-05-29,EXIT_SHORT,SOXL,50.27400970458984,50.27400970458984,11308.47512778253,,,,0.0,568522.3883182517,,,
2024-06-20,STOP_LOSS_LONG,SMH,206.2909393310547,266.9028625488281,5349.283758926606,,,,324230.37646614196,692066.6335919169,,,-2.8327778485735844
2024-06-20,ENTER_LONG,SMH,266.9028625488281,,8427.097925044736,2249216.5591737297,3.25,13.279999732971191,0.0,692066.6335919169,,,
2024-06-20,ENTER_SHORT,SOXL,59.18882369995117,,11692.522174460579,692066.6335919169,1.0,13.279999732971191,0.0,692066.6335919169,7.967475829590032,-2.8327778485735866,
2024-06-20,EXIT_SHORT,SOXL,59.18882369995117,59.18882369995117,11692.522174460579,,,,0.0,692066.6335919169,,,
2024-06-24,STOP_LOSS_LONG,SMH,266.9028625488281,253.8614196777344,8427.097925044736,,,,-109901.51615858337,582165.1174333335,,,-3.4391708510310455
2024-06-24,ENTER_LONG,SMH,253.8614196777344,,7453.029428655165,1892036.631658334,3.25,13.329999923706056,0.0,582165.1174333335,,,
2024-07-11,STOP_LOSS_LONG,SMH,253.8614196777344,268.9870910644531,7453.029428655165,,,,112732.07397338201,694897.1914067155,,,-3.6441891038906493
2024-07-11,ENTER_LONG,SMH,268.9870910644531,,9041.847176750684,2432140.1699235043,3.5,12.920000076293944,0.0,694897.1914067155,,,
2024-07-17,STOP_LOSS_LONG,SMH,268.9870910644531,252.31312561035156,9041.847176750684,,,,-150763.44746640665,544133.7439403089,,,-7.120671057311371
2024-07-17,ENTER_LONG,SMH,252.31312561035156,,7008.8889094775295,1768434.667806004,3.25,14.479999542236328,0.0,544133.7439403089,,,
2024-07-17,ENTER_SHORT,SOXL,50.97884368896485,,10673.716870869219,544133.7439403089,1.0,14.479999542236328,0.0,544133.7439403089,9.780136488947022,-7.120671057311368,
2024-07-17,EXIT_SHORT,SOXL,50.97884368896485,50.97884368896485,10673.716870869219,,,,0.0,544133.7439403089,,,
2024-07-19,STOP_LOSS_LONG,SMH,252.31312561035156,246.2787170410156,7008.8889094775295,,,,-42294.499296875016,501839.2446434339,,,-2.8958302136197487
2024-07-19,ENTER_LONG,SMH,246.2787170410156,,6113.064709848925,1505517.7339303016,3.0,16.520000457763672,0.0,501839.2446434339,,,
2024-07-19,ENTER_SHORT,SOXL,46.47925567626953,,10797.058544542338,501839.2446434339,1.0,16.520000457763672,0.0,501839.2446434339,3.7037045906157084,-2.8958302136197434,
2024-07-19,EXIT_SHORT,SOXL,46.47925567626953,46.47925567626953,10797.058544542338,,,,0.0,501839.2446434339,,,
2024-07-24,STOP_LOSS_LONG,SMH,246.2787170410156,239.1724395751953,6113.064709848925,,,,-43441.133994700635,458398.1106487333,,,-5.44612393114624
2024-07-24,ENTER_LONG,SMH,239.1724395751953,,5749.8026711971615,1375194.3319461998,3.0,18.040000915527344,0.0,458398.1106487333,,,
2024-07-24,ENTER_SHORT,SOXL,42.424686431884766,,10804.985238599638,458398.1106487333,1.0,18.040000915527344,0.0,458398.1106487333,22.554351822499452,-5.446123931146241,
2024-07-24,EXIT_SHORT,SOXL,42.424686431884766,42.424686431884766,10804.985238599638,,,,0.0,458398.1106487333,,,
2024-07-25,ENTER_SHORT,SOXL,39.33925247192383,,11011.255339844383,433174.5538469576,1.0,18.459999084472656,0.0,433174.5538469576,2.3281493771090345,-1.8341812655727652,
2024-07-25,EXIT_SHORT,SOXL,39.33925247192383,39.33925247192383,11011.255339844383,,,,0.0,433174.5538469576,,,
2024-07-30,STOP_LOSS_LONG,SMH,239.1724395751953,227.7487640380859,5749.8026711971615,,,,-65683.88011816132,392714.23053057195,,,-3.826490620021819
2024-07-30,ENTER_LONG,SMH,227.7487640380859,,5172.992690290507,1178142.691591716,3.0,17.690000534057617,0.0,392714.23053057195,,,
2024-07-30,ENTER_SHORT,SOXL,36.827396392822266,,10663.643618507682,392714.23053057195,1.0,17.690000534057617,0.0,392714.23053057195,6.566265828551643,-3.8264906200218163,
2024-07-30,EXIT_SHORT,SOXL,36.827396392822266,36.827396392822266,10663.643618507682,,,,0.0,392714.23053057195,,,
2024-08-01,STOP_LOSS_LONG,SMH,227.7487640380859,229.27720642089844,5172.992690290507,,,,7906.6212738194145,400620.85180439136,,,-6.469904555912429
2024-08-01,ENTER_LONG,SMH,229.27720642089844,,5241.962662467372,1201862.555413174,3.0,18.59000015258789,0.0,400620.85180439136,,,
2024-08-01,ENTER_SHORT,SOXL,34.61220932006836,,11574.553016819676,400620.85180439136,1.0,18.59000015258789,0.0,400620.85180439136,13.630803539367387,-6.469904555912431,
2024-08-01,EXIT_SHORT,SOXL,34.61220932006836,34.61220932006836,11574.553016819676,,,,0.0,400620.85180439136,,,
2024-08-02,STOP_LOSS_LONG,SMH,229.27720642089844,216.7915802001953,5241.962662467372,,,,-65449.186466449384,335171.66533794196,,,-5.445646523528589
2024-08-02,ENTER_LONG,SMH,216.7915802001953,,4638.164430026697,1005514.9960138259,3.0,23.38999938964844,0.0,335171.66533794196,,,
2024-08-02,ENTER_SHORT,SOXL,29.01492500305176,,17327.547734623935,502757.49800691294,1.5,23.38999938964844,0.0,335171.66533794196,25.82032919667485,-5.445646523528591,
2024-08-02,EXIT_SHORT,SOXL,29.01492500305176,29.01492500305176,17327.547734623935,,,,0.0,335171.66533794196,,,
2024-08-05,STOP_LOSS_LONG,SMH,216.7915802001953,211.70997619628903,4638.164430026697,,,,-23569.314938399344,311602.3503995426,,,-2.344004319362261
2024-08-05,ENTER_LONG,SMH,211.70997619628903,,4415.507799839872,934807.0511986278,3.0,38.56999969482422,0.0,311602.3503995426,,,
2024-08-05,ENTER_SHORT,SOXL,27.58098793029785,,16946.583885266446,467403.5255993139,1.5,38.56999969482422,0.0,311602.3503995426,64.89953271180455,-2.3440043193622584,
2024-08-05,EXIT_SHORT,SOXL,27.58098793029785,27.58098793029785,16946.583885266446,,,,0.0,311602.3503995426,,,
2024-08-07,STOP_LOSS_LONG,SMH,211.70997619628903,209.8837890625,4415.507799839872,,,,-8063.5435332127,303538.8068663299,,,-2.7545289496456586
2024-08-07,ENTER_LONG,SMH,209.8837890625,,4338.669626017772,910616.4205989898,3.0,27.850000381469727,0.0,303538.8068663299,,,
2024-08-20,ENTER_SHORT,SOXL,39.64581680297851,,11630.481074929983,461099.9220271827,1.0,15.880000114440918,0.0,461099.9220271827,8.395908040535804,-1.3050069839215306,
2024-08-20,EXIT_SHORT,SOXL,39.64581680297851,39.64581680297851,11630.481074929983,,,,0.0,461099.9220271827,,,
2024-08-22,STOP_LOSS_LONG,SMH,209.8837890625,240.60162353515625,4338.669626017772,,,,133274.53540355532,436813.34226988524,,,-3.275747031836361
2024-08-22,ENTER_LONG,SMH,240.60162353515625,,5446.513650055136,1310440.0268096556,3.0,17.549999237060547,0.0,436813.34226988524,,,
2024-08-22,ENTER_SHORT,SOXL,37.09440231323242,,11775.721268706462,436813.34226988524,1.0,17.549999237060547,0.0,436813.34226988524,7.867232595473528,-3.2757470318363624,
2024-08-22,EXIT_SHORT,SOXL,37.09440231323242,37.09440231323242,11775.721268706462,,,,0.0,436813.34226988524,,,
2024-08-26,STOP_LOSS_LONG,SMH,240.60162353515625,240.75051879882812,5446.513650055136,,,,810.9600860174259,437624.3023559027,,,-2.343086175718527
2024-08-26,ENTER_LONG,SMH,240.75051879882812,,5453.25058329261,1312872.907067708,3.0,16.149999618530273,0.0,437624.3023559027,,,
2024-08-28,ENTER_SHORT,SOXL,36.19448471069336,,11839.691405814057,428531.5295670645,1.0,17.110000610351562,0.0,428531.5295670645,10.887882514248881,-1.68155771396451,
2024-08-28,EXIT_SHORT,SOXL,36.19448471069336,36.19448471069336,11839.691405814057,,,,0.0,428531.5295670645,,,
2024-09-03,STOP_LOSS_LONG,SMH,240.75051879882812,223.50086975097656,5453.25058329261,,,,-94066.65873178934,343557.64362411335,,,-7.504315403504042
2024-09-03,ENTER_LONG,SMH,223.50086975097656,,4611.494049310457,1030672.93087234,3.0,20.719999313354492,0.0,343557.64362411335,,,
2024-09-03,ENTER_SHORT,SOXL,29.736833572387695,,11553.269206951669,343557.64362411335,1.0,20.719999313354492,0.0,343557.64362411335,38.13332875569662,-7.504315403504036,
2024-09-03,EXIT_SHORT,SOXL,29.736833572387695,29.736833572387695,11553.269206951669,,,,0.0,343557.64362411335,,,
2024-09-06,STOP_LOSS_LONG,SMH,223.50086975097656,213.38731384277344,4611.494049310457,,,,-46638.602888047324,296919.040736066,,,-4.129133462700888
2024-09-06,ENTER_LONG,SMH,213.38731384277344,,4174.367754891557,890757.1222081981,3.0,22.3799991607666,0.0,296919.040736066,,,
2024-09-06,ENTER_SHORT,SOXL,25.672372817993164,,17348.554582844936,445378.56110409903,1.5,22.3799991607666,0.0,296919.040736066,12.462309496363154,-4.129133462700885,
2024-09-06,EXIT_SHORT,SOXL,25.672372817993164,25.672372817993164,17348.554582844936,,,,0.0,296919.040736066,,,
2024-09-16,ENTER_SHORT,SOXL,31.803680419921875,,11785.066563433054,374808.49071093183,1.0,17.139999389648438,0.0,374808.49071093183,3.5024151111773483,-1.3127338060493932,
2024-09-16,EXIT_SHORT,SOXL,31.803680419921875,31.803680419921875,11785.066563433054,,,,0.0,374808.49071093183,,,
2024-09-18,ENTER_SHORT,SOXL,30.794981002807617,,11802.456856255987,363456.4346748596,1.0,18.229999542236328,0.0,363456.4346748596,3.520720672322497,-1.138119514685465,
2024-09-18,EXIT_SHORT,SOXL,30.794981002807617,30.794981002807617,11802.456856255987,,,,0.0,363456.4346748596,,,
2024-09-27,ENTER_SHORT,SOXL,37.30873489379883,,11594.139585264302,432562.6801083245,1.0,16.959999084472656,0.0,432562.6801083245,10.344822451218505,-1.9317505664874113,
2024-09-27,EXIT_SHORT,SOXL,37.30873489379883,37.30873489379883,11594.139585264302,,,,0.0,432562.6801083245,,,
2024-10-01,STOP_LOSS_LONG,SMH,213.38731384277344,237.08819580078125,4174.367754891557,,,,98936.19740799887,395855.2381440649,,,-2.676710959174636
2024-10-01,ENTER_LONG,SMH,237.08819580078125,,5008.961793399761,1187565.7144321948,3.0,19.260000228881836,0.0,395855.2381440649,,,
2024-10-01,ENTER_SHORT,SOXL,33.514461517333984,,11811.475411571955,395855.2381440649,1.0,19.260000228881836,0.0,395855.2381440649,15.12253888745365,-2.676710959174633,
2024-10-01,EXIT_SHORT,SOXL,33.514461517333984,33.514461517333984,11811.475411571955,,,,0.0,395855.2381440649,,,
2024-10-15,STOP_LOSS_LONG,SMH,237.08819580078125,245.3060760498047,5008.961793399761,,,,41163.04819009291,437018.2863341578,,,-5.404174027738354
2024-10-15,ENTER_LONG,SMH,245.3060760498047,,5344.567407846387,1311054.8590024733,3.0,20.63999938964844,0.0,437018.2863341578,,,
2024-10-15,ENTER_SHORT,SOXL,34.14849090576172,,12797.587089285451,437018.2863341578,1.0,20.63999938964844,0.0,437018.2863341578,4.771566448247833,-5.404174027738351,
2024-10-15,EXIT_SHORT,SOXL,34.14849090576172,34.14849090576172,12797.587089285451,,,,0.0,437018.2863341578,,,
2024-10-23,ENTER_SHORT,SOXL,33.484737396240234,,13344.332668338808,446831.4751273947,1.0,19.239999771118164,0.0,446831.4751273947,5.714280025176999,-1.0648077732433259,
2024-10-23,EXIT_SHORT,SOXL,33.484737396240234,33.484737396240234,13344.332668338808,,,,0.0,446831.4751273947,,,
2024-10-30,STOP_LOSS_LONG,SMH,245.3060760498047,248.79965209960935,5344.567407846387,,,,18671.652692618707,455689.9390267765,,,-2.428782398979666
2024-10-30,ENTER_LONG,SMH,248.79965209960935,,5494.661288887213,1367069.8170803296,3.0,20.350000381469727,0.0,455689.9390267765,,,
2024-10-30,ENTER_SHORT,SOXL,33.692779541015625,,13524.854441648133,455689.9390267765,1.0,20.350000381469727,0.0,455689.9390267765,5.222338267389759,-2.4287823989796675,
2024-10-30,EXIT_SHORT,SOXL,33.692779541015625,33.692779541015625,13524.854441648133,,,,0.0,455689.9390267765,,,
2024-10-31,STOP_LOSS_LONG,SMH,248.79965209960935,239.86717224121097,5494.661288887213,,,,-49080.95129170632,406608.98773507023,,,-3.5902300437390386
2024-10-31,ENTER_LONG,SMH,239.86717224121097,,5085.42687107909,1219826.9632052106,3.0,23.15999984741211,0.0,406608.98773507023,,,
2024-10-31,ENTER_SHORT,SOXL,29.809345245361328,,20460.478973368754,609913.4816026053,1.5,23.15999984741211,0.0,406608.98773507023,13.808350925148428,-3.59023004373904,
2024-10-31,EXIT_SHORT,SOXL,29.809345245361328,29.809345245361328,20460.478973368754,,,,0.0,406608.98773507023,,,
2024-11-11,STOP_LOSS_LONG,SMH,239.86717224121097,251.6282958984375,5085.42687107909,,,,59810.3342805438,466419.322015614,,,-2.2403018148491105
2024-11-11,ENTER_LONG,SMH,251.6282958984375,,6024.214371990103,1515862.7965507456,3.25,14.970000267028809,0.0,466419.322015614,,,
2024-11-15,STOP_LOSS_LONG,SMH,251.6282958984375,238.150146484375,6024.214371990103,,,,-81195.2614080253,385224.06060758873,,,-3.316138175696876
2024-11-15,ENTER_LONG,SMH,238.150146484375,,4852.704056172351,1155672.181822766,3.0,16.139999389648438,0.0,385224.06060758873,,,
2024-11-15,ENTER_SHORT,SOXL,26.41133689880371,,14585.55703119433,385224.06060758873,1.0,16.139999389648438,0.0,385224.06060758873,12.78825238553527,-3.316138175696881,
2024-11-15,EXIT_SHORT,SOXL,26.41133689880371,26.41133689880371,14585.55703119433,,,,0.0,385224.06060758873,,,
2024-11-20,ENTER_SHORT,SOXL,26.876949310302734,,14797.002468509634,397698.2852905579,1.0,17.15999984741211,0.0,397698.2852905579,4.954125058372449,-0.6716366506982041,
2024-11-20,EXIT_SHORT,SOXL,26.876949310302734,26.876949310302734,14797.002468509634,,,,0.0,397698.2852905579,,,
2024-12-09,ENTER_SHORT,SOXL,28.957365036010746,,14321.051923521602,414699.92824907886,1.0,14.1899995803833,0.0,414699.92824907886,11.119804790267839,-1.0216754470572131,
2024-12-09,EXIT_SHORT,SOXL,28.957365036010746,28.957365036010746,14321.051923521602,,,,0.0,414699.92824907886,,,
2024-12-10,STOP_LOSS_LONG,SMH,238.150146484375,238.0806884765625,4852.704056172351,,,,-337.0591562453696,384887.00145134336,,,-2.515544518780785
2024-12-10,ENTER_LONG,SMH,238.0806884765625,,5254.0286350860715,1250882.754716866,3.25,14.18000030517578,0.0,384887.00145134336,,,
2024-12-12,ENTER_SHORT,SOXL,28.194543838500977,,14296.593712281023,403085.93816214474,1.0,13.920000076293944,0.0,403085.93816214474,2.5036830228132967,-0.968465653270445,
2024-12-12,EXIT_SHORT,SOXL,28.194543838500977,28.194543838500977,14296.593712281023,,,,0.0,403085.93816214474,,,
2024-12-17,ENTER_SHORT,SOXL,30.83964157104492,,14184.67772355525,437450.3767952293,1.0,15.869999885559082,0.0,437450.3767952293,8.032677596203118,-1.2991046470848144,
2024-12-17,EXIT_SHORT,SOXL,30.83964157104492,30.83964157104492,14184.67772355525,,,,0.0,437450.3767952293,,,
2024-12-18,STOP_LOSS_LONG,SMH,238.0806884765625,240.17486572265625,5254.0286350860715,,,,11002.867217922254,395889.8686692656,,,-3.1885098407577965
2024-12-18,ENTER_LONG,SMH,240.17486572265625,,4945.020381022164,1187669.6060077967,3.0,27.6200008392334,0.0,395889.8686692656,,,
2024-12-18,ENTER_SHORT,SOXL,27.570423126220703,,21538.835304966175,593834.8030038984,1.5,27.6200008392334,0.0,395889.8686692656,74.03907396600702,-3.1885098407577916,
2024-12-18,EXIT_SHORT,SOXL,27.570423126220703,27.570423126220703,21538.835304966175,,,,0.0,395889.8686692656,,,
2024-12-27,ENTER_SHORT,SOXL,29.49626922607422,,14671.450125334715,432753.0428337931,1.0,15.949999809265137,0.0,432753.0428337931,8.282418906603617,-1.0082507941808094,
2024-12-27,EXIT_SHORT,SOXL,29.49626922607422,29.49626922607422,14671.450125334715,,,,0.0,432753.0428337931,,,
2024-12-30,ENTER_SHORT,SOXL,27.75768661499023,,14926.17401673686,414316.0607173917,1.0,17.399999618530273,0.0,414316.0607173917,9.090908003791021,-1.5056340193528195,
2024-12-30,EXIT_SHORT,SOXL,27.75768661499023,27.75768661499023,14926.17401673686,,,,0.0,414316.0607173917,,,
2025-01-07,STOP_LOSS_LONG,SMH,240.17486572265625,253.25196838378903,4945.020381022164,,,,64666.53918402079,460556.40785328636,,,-2.378673874801411
2025-01-07,ENTER_LONG,SMH,253.25196838378903,,5455.709712257863,1381669.2235598592,3.0,17.81999969482422,0.0,460556.40785328636,,,
2025-01-07,ENTER_SHORT,SOXL,30.946739196777344,,14882.227330149428,460556.40785328636,1.0,17.81999969482422,0.0,460556.40785328636,11.097248614080613,-2.378673874801407,
2025-01-07,EXIT_SHORT,SOXL,30.946739196777344,30.946739196777344,14882.227330149428,,,,0.0,460556.40785328636,,,
2025-01-10,STOP_LOSS_LONG,SMH,253.25196838378903,246.4132537841797,5455.709712257863,,,,-37310.041660448354,423246.366192838,,,-2.002139831319734
2025-01-10,ENTER_LONG,SMH,246.4132537841797,,5152.884753880208,1269739.098578514,3.0,19.540000915527344,0.0,423246.366192838,,,
2025-01-10,ENTER_SHORT,SOXL,27.876903533935547,,15182.68934272435,423246.366192838,1.0,19.540000915527344,0.0,423246.366192838,10.39548063998117,-2.002139831319738,
2025-01-10,EXIT_SHORT,SOXL,27.876903533935547,27.876903533935547,15182.68934272435,,,,0.0,423246.366192838,,,
2025-01-27,STOP_LOSS_LONG,SMH,246.4132537841797,235.0785217285156,5152.884753880208,,,,-58406.56799894877,364839.7981938892,,,-9.83443970619083
2025-01-27,ENTER_LONG,SMH,235.0785217285156,,4655.973614831949,1094519.3945816676,3.0,17.899999618530273,0.0,364839.7981938892,,,
2025-01-27,ENTER_SHORT,SOXL,24.8964786529541,,14654.27313153778,364839.7981938892,1.0,17.899999618530273,0.0,364839.7981938892,20.538714873478558,-9.834439706190834,
2025-01-27,EXIT_SHORT,SOXL,24.8964786529541,24.8964786529541,14654.27313153778,,,,0.0,364839.7981938892,,,
2025-01-31,ENTER_SHORT,SOXL,26.84368896484375,,14941.694251927049,401090.1931065234,1.0,16.43000030517578,0.0,401090.1931065234,3.724748402174094,-0.632216232360594,
2025-01-31,EXIT_SHORT,SOXL,26.84368896484375,26.84368896484375,14941.694251927049,,,,0.0,401090.1931065234,,,
2025-02-03,ENTER_SHORT,SOXL,25.44289207458496,,14881.374513496963,378625.2056683825,1.0,18.6200008392334,0.0,378625.2056683825,13.32927871807601,-1.9866985877105559,
2025-02-03,EXIT_SHORT,SOXL,25.44289207458496,25.44289207458496,14881.374513496963,,,,0.0,378625.2056683825,,,
2025-02-07,ENTER_SHORT,SOXL,26.158191680908203,,15578.121794127586,407495.495919323,1.0,16.540000915527344,0.0,407495.495919323,6.709683325982874,-1.3489053167879739,
2025-02-07,EXIT_SHORT,SOXL,26.158191680908203,26.158191680908203,15578.121794127586,,,,0.0,407495.495919323,,,
2025-02-21,STOP_LOSS_LONG,SMH,235.0785217285156,249.2145538330078,4655.973614831949,,,,65816.9924969331,430656.7906908223,,,-3.0294716332917173
2025-02-21,ENTER_LONG,SMH,249.2145538330078,,5184.169031067835,1291970.3720724669,3.0,18.209999084472656,0.0,430656.7906908223,,,
2025-02-21,ENTER_SHORT,SOXL,28.62200927734375,,15046.35074769947,430656.7906908223,1.0,18.209999084472656,0.0,430656.7906908223,16.28352019097845,-3.0294716332917138,
2025-02-21,EXIT_SHORT,SOXL,28.62200927734375,28.62200927734375,15046.35074769947,,,,0.0,430656.7906908223,,,
2025-02-24,STOP_LOSS_LONG,SMH,249.2145538330078,242.6649169921875,5184.169031067835,,,,-33954.42447492164,396702.36621590063,,,-2.628111697364614
2025-02-24,ENTER_LONG,SMH,242.6649169921875,,4904.322855561429,1190107.098647702,3.0,18.979999542236328,0.0,396702.36621590063,,,
2025-02-24,ENTER_SHORT,SOXL,26.585386276245117,,14921.820660938327,396702.36621590063,1.0,18.979999542236328,0.0,396702.36621590063,4.228448635234905,-2.62811169736461,
2025-02-24,EXIT_SHORT,SOXL,26.585386276245117,26.585386276245117,14921.820660938327,,,,0.0,396702.36621590063,,,
2025-02-25,STOP_LOSS_LONG,SMH,242.6649169921875,237.51095581054688,4904.322855561429,,,,-25276.689619796507,371425.6765961041,,,-2.123900416064904
2025-02-25,ENTER_LONG,SMH,237.51095581054688,,4691.476340473015,1114277.0297883123,3.0,19.43000030517578,0.0,371425.6765961041,,,
2025-02-25,ENTER_SHORT,SOXL,24.906414031982425,,14912.85241300313,371425.6765961041,1.0,19.43000030517578,0.0,371425.6765961041,2.3709208313628327,-2.1239004160649055,
2025-02-25,EXIT_SHORT,SOXL,24.906414031982425,24.906414031982425,14912.85241300313,,,,0.0,371425.6765961041,,,
2025-02-27,STOP_LOSS_LONG,SMH,237.51095581054688,228.08029174804688,4691.476340473015,,,,-44243.73732416787,327181.93927193625,,,-6.164391903234153
2025-02-27,ENTER_LONG,SMH,228.08029174804688,,4303.510006467774,981545.8178158088,3.0,21.1299991607666,0.0,327181.93927193625,,,
2025-02-27,ENTER_SHORT,SOXL,21.608078002929688,,15141.649304837569,327181.93927193625,1.0,21.1299991607666,0.0,327181.93927193625,10.62826564792283,-6.164391903234156,
2025-02-27,EXIT_SHORT,SOXL,21.608078002929688,21.608078002929688,15141.649304837569,,,,0.0,327181.93927193625,,,
2025-03-03,STOP_LOSS_LONG,SMH,228.08029174804688,222.3182373046875,4303.510006467774,,,,-24797.058954809167,302384.8803171271,,,-4.192978528021873
2025-03-03,ENTER_LONG,SMH,222.3182373046875,,4080.432860342107,907154.6409513813,3.0,22.780000686645508,0.0,302384.8803171271,,,
2025-03-03,ENTER_SHORT,SOXL,20.37616920471191,,22260.186196863866,453577.32047569065,1.5,22.780000686645508,0.0,302384.8803171271,16.046875499488777,-4.192978528021873,
2025-03-03,EXIT_SHORT,SOXL,20.37616920471191,20.37616920471191,22260.186196863866,,,,0.0,302384.8803171271,,,
2025-03-06,STOP_LOSS_LONG,SMH,222.3182373046875,219.09825134277344,4080.432860342107,,,,-13138.936528834429,289245.94378829264,,,-4.193544103907016
2025-03-06,ENTER_LONG,SMH,219.09825134277344,,3960.49638026241,867737.831364878,3.0,24.8700008392334,0.0,289245.94378829264,,,
2025-03-06,ENTER_SHORT,SOXL,19.104520797729492,,22710.274718536926,433868.915682439,1.5,24.8700008392334,0.0,289245.94378829264,13.406294998380531,-4.19354410390701,
2025-03-06,EXIT_SHORT,SOXL,19.104520797729492,19.104520797729492,22710.274718536926,,,,0.0,289245.94378829264,,,
2025-03-10,STOP_LOSS_LONG,SMH,219.09825134277344,213.86453247070312,3960.49638026241,,,,-20728.12464814554,268517.8191401471,,,-4.691460613338736
2025-03-10,ENTER_LONG,SMH,213.86453247070312,,3766.6528812148526,805553.4574204413,3.0,27.86000061035156,0.0,268517.8191401471,,,
2025-03-10,ENTER_SHORT,SOXL,17.87261199951172,,22535.974524665144,402776.72871022066,1.5,27.86000061035156,0.0,268517.8191401471,19.212664141544987,-4.691460613338738,
2025-03-10,EXIT_SHORT,SOXL,17.87261199951172,17.87261199951172,22535.974524665144,,,,0.0,268517.8191401471,,,
2025-03-18,ENTER_SHORT,SOXL,19.79995346069336,,15626.777917766214,309409.47551236174,1.0,21.700000762939453,0.0,309409.47551236174,5.802050320710772,-1.5461229001847654,
2025-03-18,EXIT_SHORT,SOXL,19.79995346069336,19.79995346069336,15626.777917766214,,,,0.0,309409.47551236174,,,
2025-03-26,STOP_LOSS_LONG,SMH,213.86453247070312,221.3213348388672,3766.6528812148526,,,,28087.1861246949,296605.005264842,,,-3.326802258942603
2025-03-26,ENTER_LONG,SMH,221.3213348388672,,4020.466515089271,889815.0157945261,3.0,18.329999923706055,0.0,296605.005264842,,,
2025-03-26,ENTER_SHORT,SOXL,18.725353240966797,,15839.754873939466,296605.005264842,1.0,18.329999923706055,0.0,296605.005264842,6.880468404796991,-3.326802258942607,
2025-03-26,EXIT_SHORT,SOXL,18.725353240966797,18.725353240966797,15839.754873939466,,,,0.0,296605.005264842,,,
2025-03-28,STOP_LOSS_LONG,SMH,221.3213348388672,211.51185607910156,4020.466515089271,,,,-39438.68088411713,257166.32438072487,,,-2.562575046403812
2025-03-28,ENTER_LONG,SMH,211.51185607910156,,3647.544811169583,771498.9731421745,3.0,21.649999618530273,0.0,257166.32438072487,,,
2025-03-28,ENTER_SHORT,SOXL,15.974847793579102,,16098.20185479888,257166.32438072487,1.0,21.649999618530273,0.0,257166.32438072487,15.837340823392898,-2.5625750464038144,
2025-03-28,EXIT_SHORT,SOXL,15.974847793579102,15.974847793579102,16098.20185479888,,,,0.0,257166.32438072487,,,
2025-04-03,STOP_LOSS_LONG,SMH,211.51185607910156,194.96336364746097,3647.544811169583,,,,-60361.36770170978,196804.95667901507,,,-8.650561804179272
2025-04-03,ENTER_LONG,SMH,194.96336364746097,,3028.3375245035904,590414.8700370452,3.0,30.020000457763672,0.0,196804.95667901507,,,
2025-04-03,ENTER_SHORT,SOXL,11.370742797851562,,25962.01851248455,295207.4350185226,1.5,30.020000457763672,0.0,196804.95667901507,39.562994599392496,-8.650561804179269,
2025-04-03,EXIT_SHORT,SOXL,11.370742797851562,11.370742797851562,25962.01851248455,,,,0.0,196804.95667901507,,,
2025-04-04,STOP_LOSS_LONG,SMH,194.96336364746097,180.2391662597656,3028.3375245035904,,,,-44589.839467355625,152215.11721165944,,,-7.552289369771101
2025-04-04,ENTER_LONG,SMH,180.2391662597656,,2533.5522856161497,456645.3516349783,3.0,45.310001373291016,0.0,152215.11721165944,,,
2025-04-04,ENTER_SHORT,SOXL,8.699962615966797,,26244.09849744124,228322.67581748916,1.5,45.310001373291016,0.0,152215.11721165944,50.932713798720464,-7.5522893697711035,
2025-04-04,EXIT_SHORT,SOXL,8.699962615966797,8.699962615966797,26244.09849744124,,,,0.0,152215.11721165944,,,
2025-04-08,STOP_LOSS_LONG,SMH,180.2391662597656,179.3917999267578,2533.5522856161497,,,,-2146.8469097460465,150068.2703019134,,,-2.677123494352409
2025-04-08,ENTER_LONG,SMH,179.3917999267578,,2509.6175582693863,450204.81090574025,3.0,52.33000183105469,0.0,150068.2703019134,,,
2025-04-08,ENTER_SHORT,SOXL,8.221614837646484,,27379.342124145023,225102.40545287012,1.5,52.33000183105469,0.0,150068.2703019134,11.387829589075583,-2.677123494352407,
2025-04-08,EXIT_SHORT,SOXL,8.221614837646484,8.221614837646484,27379.342124145023,,,,0.0,150068.2703019134,,,
2025-04-10,STOP_LOSS_LONG,SMH,179.3917999267578,195.60137939453125,2509.6175582693863,,,,40679.84524448715,190748.11554640054,,,-6.934495011505655
2025-04-10,ENTER_LONG,SMH,195.60137939453125,,2925.5639628439185,572244.3466392016,3.0,40.720001220703125,0.0,190748.11554640054,,,
2025-04-10,ENTER_SHORT,SOXL,9.596867561340332,,29814.12127350854,286122.1733196008,1.5,40.720001220703125,0.0,190748.11554640054,21.118389394369697,-6.934495011505659,
2025-04-10,EXIT_SHORT,SOXL,9.596867561340332,9.596867561340332,29814.12127350854,,,,0.0,190748.11554640054,,,
2025-04-16,STOP_LOSS_LONG,SMH,195.60137939453125,193.7471466064453,2925.5639628439185,,,,-5424.676623547823,185323.4389228527,,,-4.223336642701531
2025-04-16,ENTER_LONG,SMH,193.7471466064453,,2869.5664762376578,555970.3167685581,3.0,32.63999938964844,0.0,185323.4389228527,,,
2025-04-16,ENTER_SHORT,SOXL,9.30786418914795,,29865.622524701455,277985.15838427906,1.5,32.63999938964844,0.0,185323.4389228527,8.366528818726216,-4.223336642701536,
2025-04-16,EXIT_SHORT,SOXL,9.30786418914795,9.30786418914795,29865.622524701455,,,,0.0,185323.4389228527,,,
2025-04-21,STOP_LOSS_LONG,SMH,193.7471466064453,187.2473602294922,2869.5664762376578,,,,-18651.56909001091,166671.8698328418,,,-2.441180022398525
2025-04-21,ENTER_LONG,SMH,187.2473602294922,,2670.347976525284,500015.6094985254,3.0,33.81999969482422,0.0,166671.8698328418,,,
2025-04-21,ENTER_SHORT,SOXL,8.680031776428223,,28802.637039669837,250007.8047492627,1.5,33.81999969482422,0.0,166671.8698328418,14.064081382610993,-2.441180022398526,
2025-04-21,EXIT_SHORT,SOXL,8.680031776428223,8.680031776428223,28802.637039669837,,,,0.0,166671.8698328418,,,
2025-05-05,ENTER_SHORT,SOXL,13.00510025024414,,28367.503512884996,368922.2270342222,1.5,23.63999938964844,0.0,245948.15135614813,4.232800139132187,-0.6483168486209223,
2025-05-05,EXIT_SHORT,SOXL,13.00510025024414,13.00510025024414,28367.503512884996,,,,0.0,245948.15135614813,,,
2025-05-06,ENTER_SHORT,SOXL,12.596510887145996,,28647.311852015126,360856.17563137505,1.5,24.760000228881836,0.0,240570.78375425003,4.737736328892739,-0.9282656438385106,
2025-05-06,EXIT_SHORT,SOXL,12.596510887145996,12.596510887145996,28647.311852015126,,,,0.0,240570.78375425003,,,
2025-05-21,ENTER_SHORT,SOXL,16.941509246826172,,18266.67457758263,309465.0362648807,1.0,20.8700008392334,0.0,309465.0362648807,15.36761007847649,-1.6575640890017618,
2025-05-21,EXIT_SHORT,SOXL,16.941509246826172,16.941509246826172,18266.67457758263,,,,0.0,309465.0362648807,,,
2025-05-23,ENTER_SHORT,SOXL,15.675878524780272,,28585.661840967656,448105.36256945576,1.5,22.290000915527344,0.0,298736.90837963717,9.911243396581494,-1.3994420562939647,
2025-05-23,EXIT_SHORT,SOXL,15.675878524780272,15.675878524780272,28585.661840967656,,,,0.0,298736.90837963717,,,
2025-06-13,STOP_LOSS_LONG,SMH,187.2473602294922,256.19281005859375,2670.347976525284,,,,184108.34244176684,350780.21227460867,,,-2.34087325827571
2025-06-13,ENTER_LONG,SMH,256.19281005859375,,4107.61190598263,1052340.636823826,3.0,20.81999969482422,0.0,350780.21227460867,,,
2025-06-13,ENTER_SHORT,SOXL,19.971050262451172,,17564.434902761855,350780.21227460867,1.0,20.81999969482422,0.0,350780.21227460867,15.538286159444613,-2.340873258275711,
2025-06-13,EXIT_SHORT,SOXL,19.971050262451172,19.971050262451172,17564.434902761855,,,,0.0,350780.21227460867,,,
2025-06-17,ENTER_SHORT,SOXL,21.346302032470703,,17315.257277876928,369616.7116234974,1.0,21.600000381469727,0.0,369616.7116234974,13.029825701676723,-0.6796289720717885,
2025-06-17,EXIT_SHORT,SOXL,21.346302032470703,21.346302032470703,17315.257277876928,,,,0.0,369616.7116234974,,,
2025-06-20,ENTER_SHORT,SOXL,21.13702392578125,,17230.970291116882,364211.43130776344,1.0,20.6200008392334,0.0,364211.43130776344,2.383324052292024,-0.8835072811883782,
2025-06-20,EXIT_SHORT,SOXL,21.13702392578125,21.13702392578125,17230.970291116882,,,,0.0,364211.43130776344,,,
2025-07-07,ENTER_SHORT,SOXL,24.96274757385254,,17787.326666713154,444020.5455948163,1.0,17.790000915527344,0.0,444020.5455948163,8.608069761920255,-1.3609744893377407,
2025-07-07,EXIT_SHORT,SOXL,24.96274757385254,24.96274757385254,17787.326666713154,,,,0.0,444020.5455948163,,,
2025-07-14,ENTER_SHORT,SOXL,26.4923038482666,,17619.759882709383,466788.03254623525,1.0,17.200000762939453,0.0,466788.03254623525,4.8780558720578515,-0.7547983495274857,
2025-07-14,EXIT_SHORT,SOXL,26.4923038482666,26.4923038482666,17619.759882709383,,,,0.0,466788.03254623525,,,
2025-07-31,STOP_LOSS_LONG,SMH,256.19281005859375,287.88421630859375,4107.61190598263,,,,130175.99762983232,480956.20990444097,,,-2.5248159822520457
2025-07-31,ENTER_LONG,SMH,287.88421630859375,,5011.975467827172,1442868.629713323,3.0,16.719999313354492,0.0,480956.20990444097,,,
2025-07-31,ENTER_SHORT,SOXL,24.97274398803711,,19259.245605322234,480956.20990444097,1.0,16.719999313354492,0.0,480956.20990444097,8.01033467562382,-2.524815982252049,
2025-07-31,EXIT_SHORT,SOXL,24.97274398803711,24.97274398803711,19259.245605322234,,,,0.0,480956.20990444097,,,
2025-08-01,ENTER_SHORT,SOXL,24.07300567626953,,18976.589044753488,456823.5357905849,1.0,20.3799991607666,0.0,456823.5357905849,21.889952139464608,-1.672548256777251,
2025-08-01,EXIT_SHORT,SOXL,24.07300567626953,24.07300567626953,18976.589044753488,,,,0.0,456823.5357905849,,,
2025-08-15,STOP_LOSS_LONG,SMH,287.88421630859375,294.73291015625,5011.975467827172,,,,34325.48555111201,515281.695455553,,,-2.076708576397402
2025-08-15,ENTER_LONG,SMH,294.73291015625,,5244.9015128549545,1545845.086366659,3.0,15.09000015258789,0.0,515281.695455553,,,
2025-08-19,STOP_LOSS_LONG,SMH,294.73291015625,289.9677429199219,5244.9015128549545,,,,-24992.832846824243,490288.86260872876,,,-2.017781381975706
2025-08-19,ENTER_LONG,SMH,289.9677429199219,,5072.517973947137,1470866.5878261863,3.0,15.56999969482422,0.0,490288.86260872876,,,
2025-08-19,ENTER_SHORT,SOXL,26.232378005981445,,18690.21796258556,490288.86260872876,1.0,15.56999969482422,0.0,490288.86260872876,3.8692457142232017,-2.017781381975703,
2025-08-19,EXIT_SHORT,SOXL,26.232378005981445,26.232378005981445,18690.21796258556,,,,0.0,490288.86260872876,,,
2025-08-21,ENTER_SHORT,SOXL,25.34263801574707,,18665.977811027835,473045.11887484527,1.0,16.600000381469727,0.0,473045.11887484527,5.799877791100583,-0.5191079394910814,
2025-08-21,EXIT_SHORT,SOXL,25.34263801574707,25.34263801574707,18665.977811027835,,,,0.0,473045.11887484527,,,
2025-08-29,STOP_LOSS_LONG,SMH,289.9677429199219,289.3895568847656,5072.517973947137,,,,-2932.8590556153094,487356.00355311343,,,-2.8740530884985844
2025-08-29,ENTER_LONG,SMH,289.3895568847656,,5052.248693416166,1462068.0106593403,3.0,15.359999656677246,0.0,487356.00355311343,,,
2025-08-29,ENTER_SHORT,SOXL,26.03243827819824,,18721.10473651892,487356.00355311343,1.0,15.359999656677246,0.0,487356.00355311343,6.44490181450581,-2.874053088498585,
2025-08-29,EXIT_SHORT,SOXL,26.03243827819824,26.03243827819824,18721.10473651892,,,,0.0,487356.00355311343,,,
2025-09-02,ENTER_SHORT,SOXL,25.242666244506836,,18546.63894921273,468166.616952348,1.0,17.170000076293945,0.0,468166.616952348,11.783857161935952,-1.3124824878776864,
2025-09-02,EXIT_SHORT,SOXL,25.242666244506836,25.242666244506836,18546.63894921273,,,,0.0,468166.616952348,,,
2025-10-07,ENTER_SHORT,SOXL,38.83000183105469,,18616.17781628416,722866.2186935535,1.0,17.239999771118164,0.0,722866.2186935535,5.314593080531016,-1.843438510550044,
2025-10-07,EXIT_SHORT,SOXL,38.83000183105469,38.83000183105469,18616.17781628416,,,,0.0,722866.2186935535,,,
2025-10-10,STOP_LOSS_LONG,SMH,289.3895568847656,324.330810546875,5052.248693416166,,,,176531.90316071492,663887.9067138283,,,-5.755912695428613
2025-10-10,ENTER_LONG,SMH,324.330810546875,,6140.840325293834,1991663.7201414849,3.0,21.65999984741211,0.0,663887.9067138283,,,
2025-10-10,ENTER_SHORT,SOXL,34.209999084472656,,19406.25327333481,663887.9067138283,1.0,21.65999984741211,0.0,663887.9067138283,31.83201123002275,-5.755912695428611,
2025-10-10,EXIT_SHORT,SOXL,34.209999084472656,34.209999084472656,19406.25327333481,,,,0.0,663887.9067138283,,,
2025-10-14,ENTER_SHORT,SOXL,36.630001068115234,,19487.90084297488,713841.8286934936,1.0,20.809999465942383,0.0,713841.8286934936,9.353645376092956,-1.8395814745809203,
2025-10-14,EXIT_SHORT,SOXL,36.630001068115234,36.630001068115234,19487.90084297488,,,,0.0,713841.8286934936,,,
2025-10-22,ENTER_SHORT,SOXL,38.38999938964844,,19407.73381671384,745062.8893781037,1.0,18.600000381469727,0.0,745062.8893781037,4.085056004214738,-1.9403366687671952,
2025-10-22,EXIT_SHORT,SOXL,38.38999938964844,38.38999938964844,19407.73381671384,,,,0.0,745062.8893781037,,,
2025-11-04,STOP_LOSS_LONG,SMH,324.330810546875,351.665771484375,6140.840325293834,,,,167859.63041533175,831747.53712916,,,-3.6438115642470668
2025-11-04,ENTER_LONG,SMH,351.665771484375,,7095.494681939345,2495242.61138748,3.0,19.0,0.0,831747.53712916,,,
2025-11-04,ENTER_SHORT,SOXL,42.79999923706055,,19433.354017654965,831747.53712916,1.0,19.0,0.0,831747.53712916,10.658124144289749,-3.643811564247068,
2025-11-04,EXIT_SHORT,SOXL,42.79999923706055,42.79999923706055,19433.354017654965,,,,0.0,831747.53712916,,,
2025-11-06,STOP_LOSS_LONG,SMH,351.665771484375,350.0009460449219,7095.494681939345,,,,-11812.760051996982,819934.777077163,,,-2.3393597594595503
2025-11-06,ENTER_LONG,SMH,350.0009460449219,,7027.993378382977,2459804.331231489,3.0,19.5,0.0,819934.777077163,,,
2025-11-06,ENTER_SHORT,SOXL,43.0099983215332,,19063.81792781094,819934.777077163,1.0,19.5,0.0,819934.777077163,8.273180189796548,-2.339359759459547,
2025-11-06,EXIT_SHORT,SOXL,43.0099983215332,43.0099983215332,19063.81792781094,,,,0.0,819934.777077163,,,
2025-11-11,STOP_LOSS_LONG,SMH,350.0009460449219,349.9610595703125,7027.993378382977,,,,-280.32187944172824,819654.4551977213,,,-2.15725418720002
2025-11-11,ENTER_LONG,SMH,349.9610595703125,,7026.391360834021,2458963.3655931638,3.0,17.280000686645508,0.0,819654.4551977213,,,
2025-11-13,STOP_LOSS_LONG,SMH,349.9610595703125,343.7503967285156,7026.391360834021,,,,-43638.54773665443,776015.9074610668,,,-3.0123983661258795
2025-11-13,ENTER_LONG,SMH,343.7503967285156,,6772.494648847859,2328047.7223832007,3.0,20.0,0.0,776015.9074610668,,,
2025-11-13,ENTER_SHORT,SOXL,39.220001220703125,,19786.22853921356,776015.9074610668,1.0,20.0,0.0,776015.9074610668,14.22044396670561,-3.012398366125879,
2025-11-13,EXIT_SHORT,SOXL,39.220001220703125,39.220001220703125,19786.22853921356,,,,0.0,776015.9074610668,,,
2025-11-17,ENTER_SHORT,SOXL,36.84000015258789,,30354.192282856573,1118248.4483321183,1.5,22.3799991607666,0.0,745498.9655547456,12.859300286794827,-1.3566132232519679,
2025-11-17,EXIT_SHORT,SOXL,36.84000015258789,36.84000015258789,30354.192282856573,,,,0.0,745498.9655547456,,,
2025-11-18,STOP_LOSS_LONG,SMH,343.7503967285156,332.25616455078125,6772.494648847859,,,,-77844.62591632093,698171.2815447459,,,-2.0599368858151412
2025-11-18,ENTER_LONG,SMH,332.25616455078125,,6303.912667703467,2094513.8446342377,3.0,24.690000534057617,0.0,698171.2815447459,,,
2025-11-18,ENTER_SHORT,SOXL,34.349998474121094,,30487.83024273234,1047256.9223171188,1.5,24.690000534057617,0.0,698171.2815447459,10.321722340993556,-2.059936885815139,
2025-11-18,EXIT_SHORT,SOXL,34.349998474121094,34.349998474121094,30487.83024273234,,,,0.0,698171.2815447459,,,
2025-11-20,STOP_LOSS_LONG,SMH,332.25616455078125,324.091552734375,6303.912667703467,,,,-51468.99985632478,646702.2816884211,,,-4.2246092897466045
2025-11-20,ENTER_LONG,SMH,324.091552734375,,5986.2925420193615,1940106.8450652636,3.0,26.420000076293945,0.0,646702.2816884211,,,
2025-11-20,ENTER_SHORT,SOXL,30.809999465942383,,31485.019128446806,970053.4225326318,1.5,26.420000076293945,0.0,646702.2816884211,11.665258861714323,-4.224609289746606,
2025-11-20,EXIT_SHORT,SOXL,30.809999465942383,30.809999465942383,31485.019128446806,,,,0.0,646702.2816884211,,,
2025-12-12,STOP_LOSS_LONG,SMH,324.091552734375,353.02154541015625,5986.2925420193615,,,,173183.39939570404,819885.6810841252,,,-4.521557905597111
2025-12-12,ENTER_LONG,SMH,353.02154541015625,,6967.441719158063,2459657.0432523754,3.0,15.739999771118164,0.0,819885.6810841252,,,
2025-12-12,ENTER_SHORT,SOXL,41.709999084472656,,19656.813691692056,819885.6810841252,1.0,15.739999771118164,0.0,819885.6810841252,5.9932617291983625,-4.521557905597106,
2025-12-12,EXIT_SHORT,SOXL,41.709999084472656,41.709999084472656,19656.813691692056,,,,0.0,819885.6810841252,,,
2025-12-17,STOP_LOSS_LONG,SMH,353.02154541015625,338.18768310546875,6967.441719158063,,,,-103354.07107792587,716531.6100061993,,,-3.6085721713999366
2025-12-17,ENTER_LONG,SMH,338.18768310546875,,6356.21856561883,2149594.830018598,3.0,17.6200008392334,0.0,716531.6100061993,,,
2025-12-17,ENTER_SHORT,SOXL,36.0099983215332,,19898.129503042182,716531.6100061993,1.0,17.6200008392334,0.0,716531.6100061993,6.917483790429602,-3.6085721713999375,
2025-12-17,EXIT_SHORT,SOXL,36.0099983215332,36.0099983215332,19898.129503042182,,,,0.0,716531.6100061993,,,
2025-12-31,ENTER_SHORT,SOXL,42.029998779296875,,20366.448439722135,856001.803060134,1.0,14.949999809265137,0.0,856001.803060134,4.326586802930943,-0.8752835587103269,
2025-12-31,EXIT_SHORT,SOXL,42.029998779296875,42.029998779296875,20366.448439722135,,,,0.0,856001.803060134,,,
2026-01-07,ENTER_SHORT,SOXL,52.290000915527344,,19395.830264548622,1014207.9822906605,1.0,15.380000114440918,0.0,1014207.9822906605,4.2711872165486,-0.6707616057653465,
2026-01-07,EXIT_SHORT,SOXL,52.290000915527344,52.290000915527344,19395.830264548622,,,,0.0,1014207.9822906605,,,
2026-01-14,ENTER_SHORT,SOXL,55.380001068115234,,18695.81579580476,1035374.2987409533,1.0,16.75,0.0,1035374.2987409533,4.818526156577807,-0.812196430847123,
2026-01-14,EXIT_SHORT,SOXL,55.380001068115234,55.380001068115234,18695.81579580476,,,,0.0,1035374.2987409533,,,
2026-01-20,STOP_LOSS_LONG,SMH,338.18768310546875,390.3900146484375,6356.21856561883,,,,331809.42892200744,1048341.0389282068,,,-2.4975647828731447
2026-01-20,ENTER_LONG,SMH,390.3900146484375,,8056.105429891297,3145023.11678462,3.0,20.09000015258789,0.0,1048341.0389282068,,,
2026-01-20,ENTER_SHORT,SOXL,57.939998626708984,,18093.563406557383,1048341.0389282068,1.0,20.09000015258789,0.0,1048341.0389282068,26.67087381764075,-2.4975647828731407,
2026-01-20,EXIT_SHORT,SOXL,57.939998626708984,57.939998626708984,18093.563406557383,,,,0.0,1048341.0389282068,,,
2026-01-23,ENTER_SHORT,SOXL,61.599998474121094,,18287.09646088232,1126485.1140864561,1.0,16.09000015258789,0.0,1126485.1140864561,2.877236568970143,-0.6777247745121895,
2026-01-23,EXIT_SHORT,SOXL,61.599998474121094,61.599998474121094,18287.09646088232,,,,0.0,1126485.1140864561,,,
2026-01-30,STOP_LOSS_LONG,SMH,390.3900146484375,403.4599914550781,8056.105429891297,,,,105293.11112053086,1153634.1500487376,,,-3.3675028570029375
2026-01-30,ENTER_LONG,SMH,403.4599914550781,,8578.056123147357,3460902.450146213,3.0,17.440000534057617,0.0,1153634.1500487376,,,
2026-01-30,ENTER_SHORT,SOXL,61.790000915527344,,18670.240054306883,1153634.1500487376,1.0,17.440000534057617,0.0,1153634.1500487376,3.3175438455743667,-3.3675028570029353,
2026-01-30,EXIT_SHORT,SOXL,61.790000915527344,61.790000915527344,18670.240054306883,,,,0.0,1153634.1500487376,,,
