date,action,asset,entry_price,exit_price,shares,notional,leverage,vix,vix_chg_pct,smh_ret_pct,bull,pnl,equity_before,gap_up,ema_fast,ema_slow,dd_pct
2022-07-11,ENTER_SHORT,SOXL,12.546656608581545,,11955.376215318143,150000.0,1.5,26.170000076293945,6.209418524938259,-2.396484187857262,False,0.0,100000.0,,,,
2022-07-11,EXIT_SHORT,SOXL,12.546656608581545,12.546656608581545,11955.376215318143,,,,,,False,0.0,100000.0,,,,
2022-07-18,ENTER_SHORT,SOXL,14.50008773803711,,10344.764991077609,150000.0,1.5,25.299999237060547,4.416012030702099,-0.740248318630421,False,0.0,100000.0,,,,
2022-07-18,EXIT_SHORT,SOXL,14.50008773803711,14.50008773803711,10344.764991077609,,,,,,False,0.0,100000.0,,,,
2022-07-26,ENTER_SHORT,SOXL,15.96759033203125,,9394.028584206442,150000.0,1.5,24.690000534057617,5.693492675324219,-1.5086248930672785,False,0.0,100000.0,,,,
2022-07-26,EXIT_SHORT,SOXL,15.96759033203125,15.96759033203125,9394.028584206442,,,,,,False,0.0,100000.0,,,,
2022-08-09,ENTER_SHORT,SOXL,17.192129135131836,,5816.6152204878235,100000.0,1.0,21.770000457763672,2.254577367755073,-4.185280170046701,False,0.0,100000.0,,,,
2022-08-09,EXIT_SHORT,SOXL,17.192129135131836,17.192129135131836,5816.6152204878235,,,,,,False,0.0,100000.0,,,,
2022-08-19,ENTER_SHORT,SOXL,18.630475997924805,,5367.549385809504,100000.0,1.0,20.600000381469727,5.316978240915504,-2.8163716595178134,False,0.0,100000.0,,,,
2022-08-19,EXIT_SHORT,SOXL,18.630475997924805,18.630475997924805,5367.549385809504,,,,,,False,0.0,100000.0,,,,
2022-08-22,ENTER_SHORT,SOXL,16.5604248046875,,9057.73866124146,150000.0,1.5,23.799999237060547,15.53397473948257,-3.485258992679807,False,0.0,100000.0,,,,
2022-08-22,EXIT_SHORT,SOXL,16.5604248046875,16.5604248046875,9057.73866124146,,,,,,False,0.0,100000.0,,,,
2022-08-26,ENTER_SHORT,SOXL,15.530253410339355,,9658.567444890283,150000.0,1.5,25.559999465942383,17.355365748976293,-5.560278154557363,False,0.0,100000.0,,,,
2022-08-26,EXIT_SHORT,SOXL,15.530253410339355,15.530253410339355,9658.567444890283,,,,,,False,0.0,100000.0,,,,
2022-08-29,ENTER_SHORT,SOXL,14.626429557800291,,10255.407815505107,150000.0,1.5,26.209999084472656,2.543034554427015,-1.8547478545389406,False,0.0,100000.0,,,,
2022-08-29,EXIT_SHORT,SOXL,14.626429557800291,14.626429557800291,10255.407815505107,,,,,,False,0.0,100000.0,,,,
2022-09-06,ENTER_SHORT,SOXL,12.070446968078612,,12427.046023787567,150000.0,1.5,26.90999984741211,5.6537124965786445,-1.1163530865097027,False,0.0,100000.0,,,,
2022-09-06,EXIT_SHORT,SOXL,12.070446968078612,12.070446968078612,12427.046023787567,,,,,,False,0.0,100000.0,,,,
2022-09-13,ENTER_SHORT,SOXL,11.749735832214355,,12766.244462172814,150000.0,1.5,27.270000457763672,14.243818596528657,-5.952163636561158,False,0.0,100000.0,,,,
2022-09-13,EXIT_SHORT,SOXL,11.749735832214355,11.749735832214355,12766.244462172814,,,,,,False,0.0,100000.0,,,,
2022-09-20,ENTER_SHORT,SOXL,11.407934188842772,,13148.743454945903,150000.0,1.5,27.15999984741211,5.4347810795459806,-1.3836694929586058,False,0.0,100000.0,,,,
2022-09-20,EXIT_SHORT,SOXL,11.407934188842772,11.407934188842772,13148.743454945903,,,,,,False,0.0,100000.0,,,,
2022-09-21,ENTER_SHORT,SOXL,11.1154203414917,,13494.766314871531,150000.0,1.5,27.989999771118164,3.0559643901659994,-0.834938027270149,False,0.0,100000.0,,,,
2022-09-21,EXIT_SHORT,SOXL,11.1154203414917,11.1154203414917,13494.766314871531,,,,,,False,0.0,100000.0,,,,
2022-09-23,ENTER_SHORT,SOXL,9.779619216918944,,15338.020496799803,150000.0,1.5,29.920000076293945,9.396708076704297,-1.4295979573851425,False,0.0,100000.0,,,,
2022-09-23,EXIT_SHORT,SOXL,9.779619216918944,9.779619216918944,15338.020496799803,,,,,,False,0.0,100000.0,,,,
2022-09-26,ENTER_SHORT,SOXL,9.311602592468262,,16108.934902497695,150000.0,1.5,32.2599983215332,7.820849730188573,-1.1644190841846092,False,0.0,100000.0,,,,
2022-09-26,EXIT_SHORT,SOXL,9.311602592468262,9.311602592468262,16108.934902497695,,,,,,False,0.0,100000.0,,,,
2022-09-29,ENTER_SHORT,SOXL,9.05809211730957,,16559.77859988389,150000.0,1.5,31.84000015258789,5.500330784050478,-3.149319657327987,False,0.0,100000.0,,,,
2022-09-29,EXIT_SHORT,SOXL,9.05809211730957,9.05809211730957,16559.77859988389,,,,,,False,0.0,100000.0,,,,
2022-10-06,ENTER_SHORT,SOXL,10.910664558410645,,13748.01683224422,150000.0,1.5,30.520000457763672,6.900179591409161,-0.6833676282356205,False,0.0,100000.0,,,,
2022-10-06,EXIT_SHORT,SOXL,10.910664558410645,10.910664558410645,13748.01683224422,,,,,,False,0.0,100000.0,,,,
2022-10-07,ENTER_SHORT,SOXL,8.98008918762207,,16703.620294412693,150000.0,1.5,31.36000061035156,2.7522940366608184,-5.9632991029979765,False,0.0,100000.0,,,,
2022-10-07,EXIT_SHORT,SOXL,8.98008918762207,8.98008918762207,16703.620294412693,,,,,,False,0.0,100000.0,,,,
2022-10-10,ENTER_SHORT,SOXL,8.073305130004883,,18579.75111612179,150000.0,1.5,32.45000076293945,3.4757657250430674,-3.3404139855031323,False,0.0,100000.0,,,,
2022-10-10,EXIT_SHORT,SOXL,8.073305130004883,8.073305130004883,18579.75111612179,,,,,,False,0.0,100000.0,,,,
2022-10-11,ENTER_SHORT,SOXL,7.3810296058654785,,20322.368017708475,150000.0,1.5,33.630001068115234,3.6363644913174786,-3.1541304260526704,False,0.0,100000.0,,,,
2022-10-11,EXIT_SHORT,SOXL,7.3810296058654785,7.3810296058654785,20322.368017708475,,,,,,False,0.0,100000.0,,,,
2022-11-09,ENTER_SHORT,SOXL,9.0093412399292,,16649.386010067345,150000.0,1.5,26.09000015258789,2.1534816654065425,-2.718289925611417,False,0.0,100000.0,,,,
2022-11-09,EXIT_SHORT,SOXL,9.0093412399292,9.0093412399292,16649.386010067345,,,,,,False,0.0,100000.0,,,,
2022-11-14,ENTER_SHORT,SOXL,12.451220512390137,,12047.011764889705,150000.0,1.5,23.729999542236328,5.372997601585361,-0.9465561244821674,False,0.0,100000.0,,,,
2022-11-14,EXIT_SHORT,SOXL,12.451220512390137,12.451220512390137,12047.011764889705,,,,,,False,0.0,100000.0,,,,
2022-11-28,ENTER_SHORT,SOXL,11.54443645477295,,12993.271745021713,150000.0,1.5,22.209999084472656,8.341458948647107,-2.359332309769402,False,0.0,100000.0,,,,
2022-11-28,EXIT_SHORT,SOXL,11.54443645477295,11.54443645477295,12993.271745021713,,,,,,False,0.0,100000.0,,,,
2022-12-05,ENTER_SHORT,SOXL,12.275713920593262,,8146.165725827471,100000.0,1.0,20.75,8.866739671621794,-1.192593186233859,False,0.0,100000.0,,,,
2022-12-05,EXIT_SHORT,SOXL,12.275713920593262,12.275713920593262,8146.165725827471,,,,,,False,0.0,100000.0,,,,
2022-12-06,ENTER_SHORT,SOXL,11.427433967590332,,13126.306432871914,150000.0,1.5,22.170000076293945,6.843373861657565,-2.1924922039669337,False,0.0,100000.0,,,,
2022-12-06,EXIT_SHORT,SOXL,11.427433967590332,11.427433967590332,13126.306432871914,,,,,,False,0.0,100000.0,,,,
2022-12-09,ENTER_SHORT,SOXL,12.01245403289795,,12487.040498902386,150000.0,1.5,22.829999923706055,2.4226064872098885,-0.8024621447987546,False,0.0,100000.0,,,,
2022-12-09,EXIT_SHORT,SOXL,12.01245403289795,12.01245403289795,12487.040498902386,,,,,,False,0.0,100000.0,,,,
2022-12-13,ENTER_LONG,SMH,111.0514678955078,,2701.450108541388,300000.0,3.0,22.549999237060547,,,,0.0,100000.0,True,105.54760139430553,105.23453764474718,
2022-12-15,STOP_LOSS_LONG,SMH,111.0514678955078,104.98410034179688,2701.450108541388,,,,,,True,-16390.69073653287,83609.30926346713,,,,-3.807484050140839
2022-12-15,ENTER_LONG,SMH,104.98410034179688,,2389.199192770911,250827.9277904014,3.0,22.829999923706055,,,,0.0,83609.30926346713,False,105.75930633695866,105.29156324032296,
2022-12-15,ENTER_SHORT,SOXL,11.1154203414917,,11282.880902583125,125413.9638952007,1.5,22.829999923706055,7.994326314338274,-3.8074840501408413,True,0.0,83609.30926346713,,,,
2022-12-15,EXIT_SHORT,SOXL,11.1154203414917,11.1154203414917,11282.880902583125,,,,,,True,0.0,83609.30926346713,,,,
2022-12-21,EXIT_LONG_BEAR,SMH,104.98410034179688,104.7225570678711,2389.199192770911,,,,,,,-624.8789789381378,82984.430284529,,105.16224877216743,105.18471622296813,
2022-12-22,ENTER_SHORT,SOXL,9.569879531860352,,8671.418486330424,82984.430284529,1.0,21.969999313354492,9.466864212360981,-4.145081721482158,False,0.0,82984.430284529,,,,
2022-12-22,EXIT_SHORT,SOXL,9.569879531860352,9.569879531860352,8671.418486330424,,,,,,False,0.0,82984.430284529,,,,
2022-12-27,ENTER_SHORT,SOXL,9.070836067199709,,9148.48748999026,82984.430284529,1.0,21.649999618530273,3.737416137667604,-1.7888726908812824,False,0.0,82984.430284529,,,,
2022-12-27,EXIT_SHORT,SOXL,9.070836067199709,9.070836067199709,9148.48748999026,,,,,,False,0.0,82984.430284529,,,,
2022-12-28,ENTER_SHORT,SOXL,8.669645309448242,,14357.755246473342,124476.64542679349,1.5,22.13999938964844,2.263278428415205,-1.2710172193295066,False,0.0,82984.430284529,,,,
2022-12-28,EXIT_SHORT,SOXL,8.669645309448242,8.669645309448242,14357.755246473342,,,,,,False,0.0,82984.430284529,,,,
2023-01-03,ENTER_SHORT,SOXL,9.158902168273926,,13590.782294626495,124476.64542679349,1.5,22.899999618530273,5.676047706072218,-0.768705071638065,False,0.0,82984.430284529,,,,
2023-01-03,EXIT_SHORT,SOXL,9.158902168273926,9.158902168273926,13590.782294626495,,,,,,False,0.0,82984.430284529,,,,
2023-01-05,ENTER_SHORT,SOXL,9.364391326904297,,13292.550586728126,124476.64542679349,1.5,22.459999084472656,2.044519995053551,-1.791764438799004,False,0.0,82984.430284529,,,,
2023-01-05,EXIT_SHORT,SOXL,9.364391326904297,9.364391326904297,13292.550586728126,,,,,,False,0.0,82984.430284529,,,,
2023-01-13,ENTER_LONG,SMH,111.37683868408205,,2235.2339480539354,248953.29085358698,3.0,18.350000381469727,,,,0.0,82984.430284529,False,104.87999895130989,104.84161212323556,
2023-01-18,ENTER_SHORT,SOXL,12.544567108154297,,6608.140645241192,82896.26378435017,1.0,20.34000015258789,5.0619809470064725,-0.6251879465773991,True,0.0,82896.26378435017,,,,
2023-01-18,EXIT_SHORT,SOXL,12.544567108154297,12.544567108154297,6608.140645241192,,,,,,True,0.0,82896.26378435017,,,,
2023-01-19,STOP_LOSS_LONG,SMH,111.37683868408205,108.614501953125,2235.2339480539354,,,,,,True,-6174.468836991518,76809.96144753747,,,,-2.44562284595959
2023-01-19,ENTER_LONG,SMH,108.614501953125,,2121.538838727627,230429.8843426124,3.0,20.520000457763672,,,,0.0,76809.96144753747,False,106.09493482573104,105.11359872335963,
2023-01-30,STOP_LOSS_LONG,SMH,108.614501953125,115.20467376708984,2121.538838727627,,,,,,True,13981.305457214514,90791.26690475199,,,,-2.3946810519943083
2023-01-30,ENTER_LONG,SMH,115.20467376708984,,2364.259988834447,272373.80071425595,3.0,19.940000534057617,,,,0.0,90791.26690475199,False,110.57869105240451,106.31467704031323,
2023-01-30,ENTER_SHORT,SOXL,13.503510475158691,,6723.530675358329,90791.26690475199,1.0,19.940000534057617,7.725555307905929,-2.3946810519943074,True,0.0,90791.26690475199,,,,
2023-01-30,EXIT_SHORT,SOXL,13.503510475158691,13.503510475158691,6723.530675358329,,,,,,True,0.0,90791.26690475199,,,,
2023-02-06,ENTER_SHORT,SOXL,15.75409698486328,,6595.091640941928,103899.71333546024,1.0,19.43000030517578,6.001093213574449,-1.663115245305935,True,0.0,103899.71333546024,,,,
2023-02-06,EXIT_SHORT,SOXL,15.75409698486328,15.75409698486328,6595.091640941928,,,,,,True,0.0,103899.71333546024,,,,
2023-02-08,ENTER_SHORT,SOXL,16.13571548461914,,6613.30181794979,106710.35654835234,1.0,19.6299991607666,5.198281464557564,-1.9592274291103884,True,0.0,106710.35654835234,,,,
2023-02-08,EXIT_SHORT,SOXL,16.13571548461914,16.13571548461914,6613.30181794979,,,,,,True,0.0,106710.35654835234,,,,
2023-02-16,STOP_LOSS_LONG,SMH,115.20467376708984,121.41007995605467,2364.259988834447,,,,,,True,14671.193567035196,105462.46047178718,,,,-2.7154221076254323
2023-02-16,ENTER_LONG,SMH,121.41007995605467,,2605.939980682662,316387.38141536154,3.0,20.170000076293945,,,,0.0,105462.46047178718,False,118.29691636917808,109.33043938659455,
2023-02-16,ENTER_SHORT,SOXL,15.93022918701172,,6620.27264226513,105462.46047178718,1.0,20.170000076293945,10.641802428809232,-2.7154221076254315,True,0.0,105462.46047178718,,,,
2023-02-16,EXIT_SHORT,SOXL,15.93022918701172,15.93022918701172,6620.27264226513,,,,,,True,0.0,105462.46047178718,,,,
2023-02-21,STOP_LOSS_LONG,SMH,121.41007995605467,116.11229705810548,2605.939980682662,,,,,,True,-13805.704262742649,91656.75620904454,,,,-3.0399222131386385
2023-02-21,ENTER_LONG,SMH,116.11229705810548,,2368.1408050133714,274970.2686271336,3.0,22.8700008392334,,,,0.0,91656.75620904454,False,118.2322369555001,109.60089448743673,
2023-02-21,ENTER_SHORT,SOXL,13.708998680114746,,10028.823951452598,137485.1343135668,1.5,22.8700008392334,14.235765815702116,-3.039922213138635,True,0.0,91656.75620904454,,,,
2023-02-21,EXIT_SHORT,SOXL,13.708998680114746,13.708998680114746,10028.823951452598,,,,,,True,0.0,91656.75620904454,,,,
2023-02-24,ENTER_SHORT,SOXL,14.002554893493652,,6780.974223428611,94950.96379492462,1.0,21.670000076293945,2.507098873924418,-1.7852606076312671,True,0.0,94950.96379492462,,,,
2023-02-24,EXIT_SHORT,SOXL,14.002554893493652,14.002554893493652,6780.974223428611,,,,,,True,0.0,94950.96379492462,,,,
2023-03-07,ENTER_SHORT,SOXL,14.335247039794922,,6775.166584932724,97123.6867307743,1.0,19.59000015258789,5.265983396535834,-1.1162353460425822,True,0.0,97123.6867307743,,,,
2023-03-07,EXIT_SHORT,SOXL,14.335247039794922,14.335247039794922,6775.166584932724,,,,,,True,0.0,97123.6867307743,,,,
2023-03-09,ENTER_SHORT,SOXL,14.589661598205566,,10172.889372757034,148419.01342450682,1.5,22.61000061035156,18.31501773005759,-1.9159718545448512,True,0.0,98946.00894967122,,,,
2023-03-09,EXIT_SHORT,SOXL,14.589661598205566,14.589661598205566,10172.889372757034,,,,,,True,0.0,98946.00894967122,,,,
2023-03-10,ENTER_SHORT,SOXL,13.748139381408691,,10297.233231899809,141567.79771503207,1.5,24.799999237060547,9.685973319727982,-1.6181835487841023,True,0.0,94378.53181002138,,,,
2023-03-10,EXIT_SHORT,SOXL,13.748139381408691,13.748139381408691,10297.233231899809,,,,,,True,0.0,94378.53181002138,,,,
2023-03-15,ENTER_SHORT,SOXL,14.374388694763184,,10360.589057035999,148927.1342125454,1.5,26.13999938964844,10.155920328285827,-1.1239664134427119,True,0.0,99284.75614169694,,,,
2023-03-15,EXIT_SHORT,SOXL,14.374388694763184,14.374388694763184,10360.589057035999,,,,,,True,0.0,99284.75614169694,,,,
2023-03-17,ENTER_SHORT,SOXL,15.78345012664795,,10368.191554804725,163645.83430879284,1.5,25.510000228881836,10.96128961658145,-0.5087377461437059,True,0.0,109097.22287252857,,,,
2023-03-17,EXIT_SHORT,SOXL,15.78345012664795,15.78345012664795,10368.191554804725,,,,,,True,0.0,109097.22287252857,,,,
2023-03-22,ENTER_SHORT,SOXL,15.915040969848633,,10468.527822883349,166607.0491951888,1.5,22.260000228881836,4.116001415613146,-0.6426481582435972,True,0.0,111071.36613012585,,,,
2023-03-22,EXIT_SHORT,SOXL,15.915040969848633,15.915040969848633,10468.527822883349,,,,,,True,0.0,111071.36613012585,,,,
2023-04-04,ENTER_SHORT,SOXL,16.454036712646484,,7152.232027128606,117683.08835174007,1.0,19.0,2.425880223436394,-1.5361808735156024,True,0.0,117683.08835174007,,,,
2023-04-04,EXIT_SHORT,SOXL,16.454036712646484,16.454036712646484,7152.232027128606,,,,,,True,0.0,117683.08835174007,,,,
2023-04-25,STOP_LOSS_LONG,SMH,116.11229705810548,117.9818115234375,2368.1408050133714,,,,,,True,4427.273490915505,96084.02969996005,,,,-3.169916217913448
2023-04-25,ENTER_LONG,SMH,117.9818115234375,,2443.1909069527883,288252.0890998802,3.0,18.760000228881836,,,,0.0,96084.02969996005,False,123.48980171916,116.40270936814984,
2023-04-25,ENTER_SHORT,SOXL,12.935872077941896,,7427.719532245643,96084.02969996005,1.0,18.760000228881836,11.071645392595375,-3.169916217913449,True,0.0,96084.02969996005,,,,
2023-04-25,EXIT_SHORT,SOXL,12.935872077941896,12.935872077941896,7427.719532245643,,,,,,True,0.0,96084.02969996005,,,,
2023-05-02,ENTER_SHORT,SOXL,14.062860488891602,,7500.918100236803,105484.36478223199,1.0,17.780000686645508,10.572144098292036,-0.8669813659907599,True,0.0,105484.36478223199,,,,
2023-05-02,EXIT_SHORT,SOXL,14.062860488891602,14.062860488891602,7500.918100236803,,,,,,True,0.0,105484.36478223199,,,,
2023-05-03,ENTER_SHORT,SOXL,13.563065528869627,,7550.738291511017,102411.15823910902,1.0,18.34000015258789,3.1496031738794894,-1.0324816105788837,True,0.0,102411.15823910902,,,,
2023-05-03,EXIT_SHORT,SOXL,13.563065528869627,13.563065528869627,7550.738291511017,,,,,,True,0.0,102411.15823910902,,,,
2023-05-09,ENTER_SHORT,SOXL,13.66106414794922,,7659.779124161758,104640.73397429608,1.0,17.709999084472656,4.2991729205911655,-1.543134837857918,True,0.0,104640.73397429608,,,,
2023-05-09,EXIT_SHORT,SOXL,13.66106414794922,13.66106414794922,7659.779124161758,,,,,,True,0.0,104640.73397429608,,,,
2023-05-19,ENTER_SHORT,SOXL,17.042030334472656,,7577.135606256389,129129.77485023424,1.0,16.809999465942383,4.73520414335562,-0.5520569524582353,True,0.0,129129.77485023424,,,,
2023-05-19,EXIT_SHORT,SOXL,17.042030334472656,17.042030334472656,7577.135606256389,,,,,,True,0.0,129129.77485023424,,,,
2023-05-23,ENTER_SHORT,SOXL,16.581436157226562,,7492.520912804584,124236.7571723541,1.0,18.530000686645508,7.669969043541625,-1.4415607474823067,True,0.0,124236.7571723541,,,,
2023-05-23,EXIT_SHORT,SOXL,16.581436157226562,16.581436157226562,7492.520912804584,,,,,,True,0.0,124236.7571723541,,,,
2023-05-24,ENTER_SHORT,SOXL,15.709243774414062,,7612.386174837724,119584.83012550519,1.0,20.030000686645508,8.09498081174409,-1.470245332307163,True,0.0,119584.83012550519,,,,
2023-05-24,EXIT_SHORT,SOXL,15.709243774414062,15.709243774414062,7612.386174837724,,,,,,True,0.0,119584.83012550519,,,,
2023-05-31,STOP_LOSS_LONG,SMH,117.9818115234375,142.3891143798828,2443.1909069527883,,,,,,True,59631.70040211,155715.73010207005,,,,-2.525846815710535
2023-05-31,ENTER_LONG,SMH,142.3891143798828,,3280.7788175428827,467147.1903062102,3.0,17.940000534057617,,,,0.0,155715.73010207005,False,130.26562365568628,120.22809359740137,
2023-05-31,ENTER_SHORT,SOXL,20.726795196533203,,7512.774098723922,155715.73010207005,1.0,17.940000534057617,2.749149339943724,-2.5258468157105307,True,0.0,155715.73010207005,,,,
2023-05-31,EXIT_SHORT,SOXL,20.726795196533203,20.726795196533203,7512.774098723922,,,,,,True,0.0,155715.73010207005,,,,
2023-06-15,ENTER_SHORT,SOXL,25.430749893188477,,7414.955235700019,188567.8720682756,1.0,14.5,4.466857928293733,-0.7198015401768898,True,0.0,188567.8720682756,,,,
2023-06-15,EXIT_SHORT,SOXL,25.430749893188477,25.430749893188477,7414.955235700019,,,,,,True,0.0,188567.8720682756,,,,
2023-06-21,STOP_LOSS_LONG,SMH,142.3891143798828,147.33175659179688,3280.7788175428827,,,,,,True,16215.715871540957,171931.445973611,,,,-2.2899717410498566
2023-06-21,ENTER_LONG,SMH,147.33175659179688,,3500.9040131783195,515794.33792083303,3.0,13.199999809265137,,,,0.0,171931.445973611,False,142.33326281686746,125.69301017049565,
2023-06-23,ENTER_SHORT,SOXL,21.485107421875,,7711.389065702574,165680.0224484921,1.0,13.4399995803833,4.1053426741707755,-1.699088709107277,True,0.0,165680.0224484921,,,,
2023-06-23,EXIT_SHORT,SOXL,21.485107421875,21.485107421875,7711.389065702574,,,,,,True,0.0,165680.0224484921,,,,
2023-07-05,ENTER_SHORT,SOXL,23.408851623535156,,7545.377721274109,176628.62752083343,1.0,14.18000030517578,4.49521462100122,-1.888024353730855,True,0.0,176628.62752083343,,,,
2023-07-05,EXIT_SHORT,SOXL,23.408851623535156,23.408851623535156,7545.377721274109,,,,,,True,0.0,176628.62752083343,,,,
2023-07-06,ENTER_SHORT,SOXL,22.554943084716797,,7556.93662543278,170446.27548144816,1.0,15.4399995803833,8.885749281314293,-1.187791118230641,True,0.0,170446.27548144816,,,,
2023-07-06,EXIT_SHORT,SOXL,22.554943084716797,22.554943084716797,7556.93662543278,,,,,,True,0.0,170446.27548144816,,,,
2023-07-19,ENTER_SHORT,SOXL,26.785226821899418,,7610.343223108006,203844.76942345302,1.0,13.760000228881836,3.458646853760361,-1.0482878932732365,True,0.0,203844.76942345302,,,,
2023-07-19,EXIT_SHORT,SOXL,26.785226821899418,26.785226821899418,7610.343223108006,,,,,,True,0.0,203844.76942345302,,,,
2023-07-20,STOP_LOSS_LONG,SMH,147.33175659179688,150.91293334960938,3500.9040131783195,,,,,,True,12537.356083326704,184468.8020569377,,,,-3.5376476783300173
2023-07-20,ENTER_LONG,SMH,150.91293334960938,,3667.057513810135,553406.4061708131,3.0,13.989999771118164,,,,0.0,184468.8020569377,False,150.07516594310852,132.60692943344546,
2023-08-02,STOP_LOSS_LONG,SMH,150.91293334960938,152.5604705810547,3667.057513810135,,,,,,True,6041.6137838534805,190510.4158407912,,,,-3.66910363406179
2023-08-02,ENTER_LONG,SMH,152.5604705810547,,3746.260386754127,571531.2475223736,3.0,16.09000015258789,,,,0.0,190510.4158407912,False,152.67463112403618,135.59703252429463,
2023-08-02,ENTER_SHORT,SOXL,24.812402725219727,,7678.031746887347,190510.4158407912,1.0,16.09000015258789,15.506100503167609,-3.6691036340617877,True,0.0,190510.4158407912,,,,
2023-08-02,EXIT_SHORT,SOXL,24.812402725219727,24.812402725219727,7678.031746887347,,,,,,True,0.0,190510.4158407912,,,,
2023-08-11,STOP_LOSS_LONG,SMH,152.5604705810547,144.2438507080078,3746.260386754127,,,,,,True,-31156.223582087645,159354.19225870355,,,,-2.507161004040112
2023-08-11,ENTER_LONG,SMH,144.2438507080078,,3314.2666008261986,478062.5767761107,3.0,14.84000015258789,,,,0.0,159354.19225870355,False,151.3295688505025,137.1118543089787,
2023-08-15,ENTER_SHORT,SOXL,21.396774291992188,,7851.004615715227,167986.17372784758,1.0,16.459999084472656,11.06612296504428,-1.2013702667634574,True,0.0,167986.17372784758,,,,
2023-08-15,EXIT_SHORT,SOXL,21.396774291992188,21.396774291992188,7851.004615715227,,,,,,True,0.0,167986.17372784758,,,,
2023-08-17,ENTER_SHORT,SOXL,19.541732788085938,,8037.430408454995,157065.31734486393,1.0,17.889999389648438,6.615009878315026,-0.6757768282102172,True,0.0,157065.31734486393,,,,
2023-08-17,EXIT_SHORT,SOXL,19.541732788085938,19.541732788085938,8037.430408454995,,,,,,True,0.0,157065.31734486393,,,,
2023-08-24,STOP_LOSS_LONG,SMH,144.2438507080078,146.8187713623047,3314.2666008261986,,,,,,True,8533.973524313675,167888.16578301723,,,,-2.5855750053152176
2023-08-24,ENTER_LONG,SMH,146.8187713623047,,3430.518404939916,503664.4973490517,3.0,17.200000762939453,,,,0.0,167888.16578301723,True,149.11811086204548,138.4238763394488,
2023-08-24,ENTER_SHORT,SOXL,20.03248405456543,,8380.796177134873,167888.16578301723,1.0,17.200000762939453,7.634551036616566,-2.5855750053152216,True,0.0,167888.16578301723,,,,
2023-08-24,EXIT_SHORT,SOXL,20.03248405456543,20.03248405456543,8380.796177134873,,,,,,True,0.0,167888.16578301723,,,,
2023-09-06,ENTER_SHORT,SOXL,23.006437301635746,,8171.246377386946,187991.267457571,1.0,14.449999809265137,3.140610800820931,-1.1623592871887745,True,0.0,187991.267457571,,,,
2023-09-06,EXIT_SHORT,SOXL,23.006437301635746,23.006437301635746,8171.246377386946,,,,,,True,0.0,187991.267457571,,,,
2023-09-07,STOP_LOSS_LONG,SMH,146.8187713623047,149.29498291015625,3430.518404939916,,,,,,True,8494.689289429542,176382.85507244678,,,,-2.216328846374676
2023-09-07,ENTER_LONG,SMH,149.29498291015625,,3544.315789471472,529148.5652173404,3.0,14.399999618530272,,,,0.0,176382.85507244678,False,150.62201001462824,140.23348561293255,
2023-09-12,ENTER_SHORT,SOXL,20.55267906188965,,8246.831885367368,169494.48901731384,1.0,14.229999542236328,3.1159372866542467,-0.7508823072662651,True,0.0,169494.48901731384,,,,
2023-09-12,EXIT_SHORT,SOXL,20.55267906188965,20.55267906188965,8246.831885367368,,,,,,True,0.0,169494.48901731384,,,,
2023-09-15,STOP_LOSS_LONG,SMH,149.29498291015625,144.8357696533203,3544.315789471472,,,,,,True,-15804.859954824118,160577.99511762266,,,,-3.02530344063532
2023-09-15,ENTER_LONG,SMH,144.8357696533203,,3326.0705315126856,481733.985352868,3.0,13.789999961853027,,,,0.0,160577.99511762266,False,149.51577891262787,140.9260988970664,
2023-09-15,ENTER_SHORT,SOXL,19.423952102661133,,8267.009425729744,160577.99511762266,1.0,13.789999961853027,7.566304915127442,-3.0253034406353185,True,0.0,160577.99511762266,,,,
2023-09-15,EXIT_SHORT,SOXL,19.423952102661133,19.423952102661133,8267.009425729744,,,,,,True,0.0,160577.99511762266,,,,
2023-09-20,ENTER_SHORT,SOXL,18.16826438903809,,8264.04599211517,150143.372507919,1.0,15.140000343322754,7.299792428826057,-1.6434947440175707,True,0.0,150143.372507919,,,,
2023-09-20,EXIT_SHORT,SOXL,18.16826438903809,18.16826438903809,8264.04599211517,,,,,,True,0.0,150143.372507919,,,,
2023-09-21,ENTER_SHORT,SOXL,17.12614631652832,,8217.01883741956,140725.86689531684,1.0,17.540000915527344,15.852050976095722,-1.9982003705220852,True,0.0,140725.86689531684,,,,
2023-09-21,EXIT_SHORT,SOXL,17.12614631652832,17.12614631652832,8217.01883741956,,,,,,True,0.0,140725.86689531684,,,,
2023-09-26,ENTER_SHORT,SOXL,16.949180603027344,,8291.197310415906,140529.00062957377,1.0,18.940000534057617,12.0710116069503,-1.5808656830000767,True,0.0,140529.00062957377,,,,
2023-09-26,EXIT_SHORT,SOXL,16.949180603027344,16.949180603027344,8291.197310415906,,,,,,True,0.0,140529.00062957377,,,,
2023-10-03,STOP_LOSS_LONG,SMH,144.8357696533203,141.05728149414062,3326.0705315126856,,,,,,True,-12567.518119917173,148010.4769977055,,,,-2.222517908749281
2023-10-03,ENTER_LONG,SMH,141.05728149414062,,3147.880253254144,444031.43099311646,3.0,19.780000686645508,,,,0.0,148010.4769977055,False,144.68892923776625,141.06257905223072,
2023-10-03,ENTER_SHORT,SOXL,17.58821678161621,,8415.32025875477,148010.4769977055,1.0,19.780000686645508,12.32254401523627,-2.2225179087492775,True,0.0,148010.4769977055,,,,
2023-10-03,EXIT_SHORT,SOXL,17.58821678161621,17.58821678161621,8415.32025875477,,,,,,True,0.0,148010.4769977055,,,,
2023-10-13,STOP_LOSS_LONG,SMH,141.05728149414062,146.38467407226562,3147.880253254144,,,,,,True,16769.993898012373,164780.47089571788,,,,-2.5034352835865854
2023-10-13,ENTER_LONG,SMH,146.38467407226562,,3377.002516281947,494341.4126871537,3.0,19.31999969482422,,,,0.0,164780.47089571788,True,145.72873816768188,141.73210459706704,
2023-10-13,ENTER_SHORT,SOXL,18.65983009338379,,8830.759448026489,164780.47089571788,1.0,19.31999969482422,15.757933352966802,-2.503435283586586,True,0.0,164780.47089571788,,,,
2023-10-13,EXIT_SHORT,SOXL,18.65983009338379,18.65983009338379,8830.759448026489,,,,,,True,0.0,164780.47089571788,,,,
2023-10-17,ENTER_SHORT,SOXL,18.97443199157715,,8673.805812412476,164580.5384957671,1.0,17.8799991607666,3.8930860658699107,-1.1792839753899997,True,0.0,164580.5384957671,,,,
2023-10-17,EXIT_SHORT,SOXL,18.97443199157715,18.97443199157715,8673.805812412476,,,,,,True,0.0,164580.5384957671,,,,
2023-10-18,STOP_LOSS_LONG,SMH,146.38467407226562,143.39541625976562,3377.002516281947,,,,,,True,-10094.731154627969,154685.7397410899,,,,-2.0024222109275627
2023-10-18,ENTER_LONG,SMH,143.39541625976562,,3236.2067862937433,464057.2192232697,3.0,19.219999313354492,,,,0.0,154685.7397410899,False,145.74518733566654,141.92771822945875,
2023-10-18,ENTER_SHORT,SOXL,17.97163963317871,,8607.21352633366,154685.7397410899,1.0,19.219999313354492,7.494408364001504,-2.002422210927568,True,0.0,154685.7397410899,,,,
2023-10-18,EXIT_SHORT,SOXL,17.97163963317871,17.97163963317871,8607.21352633366,,,,,,True,0.0,154685.7397410899,,,,
2023-10-19,ENTER_SHORT,SOXL,17.135976791381836,,8842.503638437795,151524.9371259795,1.0,21.399999618530273,11.342353709976805,-0.6811234658520959,True,0.0,151524.9371259795,,,,
2023-10-19,EXIT_SHORT,SOXL,17.135976791381836,17.135976791381836,8842.503638437795,,,,,,True,0.0,151524.9371259795,,,,
2023-10-25,STOP_LOSS_LONG,SMH,143.39541625976562,136.81509399414062,3236.2067862937433,,,,,,True,-21295.283572015447,133390.45616907446,,,,-3.874691980421828
2023-10-25,ENTER_LONG,SMH,136.81509399414062,,2924.906578833776,400171.3685072234,3.0,20.190000534057617,,,,0.0,133390.45616907446,False,143.96198784656747,141.81471100905011,
2023-10-25,ENTER_SHORT,SOXL,14.717473030090332,,9063.40754940427,133390.45616907446,1.0,20.190000534057617,6.43121383691494,-3.8746919804218294,True,0.0,133390.45616907446,,,,
2023-10-25,EXIT_SHORT,SOXL,14.717473030090332,14.717473030090332,9063.40754940427,,,,,,True,0.0,133390.45616907446,,,,
2023-10-26,ENTER_SHORT,SOXL,14.481521606445312,,8967.98641433081,129870.08902543965,1.0,20.68000030517578,2.4269428338627552,-0.8797148973368585,True,0.0,129870.08902543965,,,,
2023-10-26,EXIT_SHORT,SOXL,14.481521606445312,14.481521606445312,8967.98641433081,,,,,,True,0.0,129870.08902543965,,,,
2023-11-13,ENTER_SHORT,SOXL,19.682287216186523,,9363.34394383757,184292.02480655172,1.0,14.760000228881836,4.163727236494141,-0.6103713167570302,True,0.0,184292.02480655172,,,,
2023-11-13,EXIT_SHORT,SOXL,19.682287216186523,19.682287216186523,9363.34394383757,,,,,,True,0.0,184292.02480655172,,,,
2023-12-04,ENTER_SHORT,SOXL,21.933656692504883,,8725.88453063681,191390.55563342688,1.0,13.079999923706056,3.56294382571396,-1.458444301121553,True,0.0,191390.55563342688,,,,
2023-12-04,EXIT_SHORT,SOXL,21.933656692504883,21.933656692504883,8725.88453063681,,,,,,True,0.0,191390.55563342688,,,,
2023-12-20,STOP_LOSS_LONG,SMH,136.81509399414062,167.81175231933594,2924.906578833776,,,,,,True,90662.3298572265,224052.78602630098,,,,-2.7828886315929795
2023-12-20,ENTER_LONG,SMH,167.81175231933594,,4005.4307805559706,672158.3580789029,3.0,13.670000076293944,,,,0.0,224052.78602630098,False,162.19836139065035,149.30991754010066,
2023-12-20,ENTER_SHORT,SOXL,27.625988006591797,,8110.21802995209,224052.78602630098,1.0,13.670000076293944,9.09816733932547,-2.7828886315929835,True,0.0,224052.78602630098,,,,
2023-12-20,EXIT_SHORT,SOXL,27.625988006591797,27.625988006591797,8110.21802995209,,,,,,True,0.0,224052.78602630098,,,,
2024-01-02,STOP_LOSS_LONG,SMH,167.81175231933594,167.70257568359375,4005.4307805559706,,,,,,True,-437.29945731930496,223615.48656898167,,,,-3.3739341558764226
2024-01-02,ENTER_LONG,SMH,167.70257568359375,,4000.2156017724988,670846.459706945,3.0,13.199999809265137,,,,0.0,223615.48656898167,False,166.62910399525106,151.78129546431154,
2024-01-02,ENTER_SHORT,SOXL,27.628942489624023,,8093.523183269134,223615.48656898167,1.0,13.199999809265137,6.024096477831753,-3.3739341558764235,True,0.0,223615.48656898167,,,,
2024-01-02,EXIT_SHORT,SOXL,27.628942489624023,27.628942489624023,8093.523183269134,,,,,,True,0.0,223615.48656898167,,,,
2024-01-03,ENTER_SHORT,SOXL,25.86518287658691,,8184.933833381431,211704.81043317425,1.0,14.039999961853027,6.363637611557316,-1.7754697760513638,True,0.0,211704.81043317425,,,,
2024-01-03,EXIT_SHORT,SOXL,25.86518287658691,25.86518287658691,8184.933833381431,,,,,,True,0.0,211704.81043317425,,,,
2024-01-17,ENTER_SHORT,SOXL,28.01322555541992,,8786.085239284263,246126.58755721562,1.0,14.789999961853027,6.864160395890595,-0.6032916170238378,True,0.0,246126.58755721562,,,,
2024-01-17,EXIT_SHORT,SOXL,28.01322555541992,28.01322555541992,8786.085239284263,,,,,,True,0.0,246126.58755721562,,,,
2024-01-26,STOP_LOSS_LONG,SMH,167.70257568359375,186.8578186035156,4000.2156017724988,,,,,,True,76625.10158401357,300240.5881529952,,,,-2.131300501614588
2024-01-26,ENTER_LONG,SMH,186.8578186035156,,4820.3589830521505,900721.7644589856,3.0,13.260000228881836,,,,0.0,300240.5881529952,False,176.6922141675479,157.9043698791703,
2024-01-31,ENTER_SHORT,SOXL,31.629423141479492,,9129.423574049815,288758.40126141964,1.0,14.350000381469728,7.813673396435394,-1.4422836670286987,True,0.0,288758.40126141964,,,,
2024-01-31,EXIT_SHORT,SOXL,31.629423141479492,31.629423141479492,9129.423574049815,,,,,,True,0.0,288758.40126141964,,,,
2024-02-13,ENTER_SHORT,SOXL,36.2999382019043,,9724.817238861366,353010.26479548117,1.0,15.850000381469728,13.783201968635716,-1.8516693014494323,True,0.0,353010.26479548117,,,,
2024-02-13,EXIT_SHORT,SOXL,36.2999382019043,36.2999382019043,9724.817238861366,,,,,,True,0.0,353010.26479548117,,,,
2024-02-20,ENTER_SHORT,SOXL,35.88609313964844,,9634.323836066562,345738.24251861963,1.0,15.420000076293944,8.2865191302115,-1.9677793711985303,True,0.0,345738.24251861963,,,,
2024-02-20,EXIT_SHORT,SOXL,35.88609313964844,35.88609313964844,9634.323836066562,,,,,,True,0.0,345738.24251861963,,,,
2024-02-28,ENTER_SHORT,SOXL,39.21654510498047,,9990.941232006933,391810.19746620907,1.0,13.84000015258789,3.0528655107632474,-1.110895525331046,True,0.0,391810.19746620907,,,,
2024-02-28,EXIT_SHORT,SOXL,39.21654510498047,39.21654510498047,9990.941232006933,,,,,,True,0.0,391810.19746620907,,,,
2024-03-05,ENTER_SHORT,SOXL,46.15333938598633,,9862.792960200397,455200.83078584564,1.0,14.460000038146973,7.190513591449865,-1.530632546925026,True,0.0,455200.83078584564,,,,
2024-03-05,EXIT_SHORT,SOXL,46.15333938598633,46.15333938598633,9862.792960200397,,,,,,True,0.0,455200.83078584564,,,,
2024-03-08,STOP_LOSS_LONG,SMH,186.8578186035156,223.30238342285156,4820.3589830521505,,,,,,True,175675.8854103125,475916.4735633077,,,,-3.920223758050119
2024-03-08,ENTER_LONG,SMH,223.30238342285156,,6926.610076309944,1546728.5390807502,3.25,14.739999771118164,,,,0.0,475916.4735633077,True,207.65596917361364,175.39271379619822,
2024-03-08,ENTER_SHORT,SOXL,48.23240661621094,,9867.15171295956,475916.4735633077,1.0,14.739999771118164,2.0775637081209553,-3.920223758050123,True,0.0,475916.4735633077,,,,
2024-03-08,EXIT_SHORT,SOXL,48.23240661621094,48.23240661621094,9867.15171295956,,,,,,True,0.0,475916.4735633077,,,,
2024-03-11,ENTER_SHORT,SOXL,46.08436965942383,,9728.87382714391,448349.01781999343,1.0,15.220000267028809,3.2564484624427736,-1.7823073051783322,True,0.0,448349.01781999343,,,,
2024-03-11,EXIT_SHORT,SOXL,46.08436965942383,46.08436965942383,9728.87382714391,,,,,,True,0.0,448349.01781999343,,,,
2024-03-14,ENTER_SHORT,SOXL,42.89186096191406,,10209.386780334751,437899.59828852164,1.0,14.399999618530272,4.727269952947433,-1.7900316254194193,True,0.0,437899.59828852164,,,,
2024-03-14,EXIT_SHORT,SOXL,42.89186096191406,42.89186096191406,10209.386780334751,,,,,,True,0.0,437899.59828852164,,,,
2024-04-02,ENTER_SHORT,SOXL,45.24464416503906,,10521.772942085665,476053.8727500021,1.0,14.609999656677246,7.032967508978882,-1.2854249817468855,True,0.0,476053.8727500021,,,,
2024-04-02,EXIT_SHORT,SOXL,45.24464416503906,45.24464416503906,10521.772942085665,,,,,,True,0.0,476053.8727500021,,,,
2024-04-04,STOP_LOSS_LONG,SMH,223.30238342285156,218.2406311035156,6926.610076309944,,,,,,True,-35060.78461889773,440855.68894441,,,,-2.664775215501927
2024-04-04,ENTER_LONG,SMH,218.2406311035156,,6060.1321584609595,1322567.06683323,3.0,16.350000381469727,,,,0.0,440855.68894441,True,218.76132907731682,187.01895313519947,
2024-04-04,ENTER_SHORT,SOXL,41.78324890136719,,10551.015072693037,440855.68894441,1.0,16.350000381469727,14.096304734949738,-2.6647752155019244,True,0.0,440855.68894441,,,,
2024-04-04,EXIT_SHORT,SOXL,41.78324890136719,41.78324890136719,10551.015072693037,,,,,,True,0.0,440855.68894441,,,,
2024-04-10,ENTER_SHORT,SOXL,42.49327850341797,,10694.602614557312,454448.72738376586,1.0,15.800000190734863,5.473969783420429,-0.8701567013378653,True,0.0,454448.72738376586,,,,
2024-04-10,EXIT_SHORT,SOXL,42.49327850341797,42.49327850341797,10694.602614557312,,,,,,True,0.0,454448.72738376586,,,,
2024-04-12,STOP_LOSS_LONG,SMH,218.2406311035156,219.02468872070312,6060.1321584609595,,,,,,True,4751.492780004413,445607.1817244144,,,,-2.916725030024874
2024-04-12,ENTER_LONG,SMH,219.02468872070312,,6103.519895320738,1336821.5451732432,3.0,17.309999465942383,,,,0.0,445607.1817244144,False,219.86220562519694,190.18893650365365,
2024-04-12,ENTER_SHORT,SOXL,40.935150146484375,,10885.685776889337,445607.1817244144,1.0,17.309999465942383,16.09657708311001,-2.9167250300248693,True,0.0,445607.1817244144,,,,
2024-04-12,EXIT_SHORT,SOXL,40.935150146484375,40.935150146484375,10885.685776889337,,,,,,True,0.0,445607.1817244144,,,,
2024-04-15,ENTER_SHORT,SOXL,39.22911071777344,,10846.42318589438,425495.53605127556,1.0,19.229999542236328,11.091855202373434,-1.5044375777570562,True,0.0,425495.53605127556,,,,
2024-04-15,EXIT_SHORT,SOXL,39.22911071777344,39.22911071777344,10846.42318589438,,,,,,True,0.0,425495.53605127556,,,,
2024-04-17,STOP_LOSS_LONG,SMH,219.02468872070312,210.80679321289065,6103.519895320738,,,,,,True,-50158.08872960034,395449.09299481404,,,,-3.084509546910639
2024-04-17,ENTER_LONG,SMH,210.80679321289065,,5627.652035797383,1186347.2789844421,3.0,18.209999084472656,,,,0.0,395449.09299481404,True,218.72818066485306,191.33572279904465,
2024-04-19,STOP_LOSS_LONG,SMH,210.80679321289065,197.71575927734375,5627.652035797383,,,,,,True,-73671.78377807316,321777.3092167409,,,,-4.515166963419466
2024-04-19,ENTER_LONG,SMH,197.71575927734375,,4882.42278298167,965331.9276502227,3.0,18.709999084472656,,,,0.0,321777.3092167409,False,216.28369239215382,191.6827027215009,
2024-04-19,ENTER_SHORT,SOXL,30.36361312866211,,10597.464401000261,321777.3092167409,1.0,18.709999084472656,3.9444393581814285,-4.51516696341947,True,0.0,321777.3092167409,,,,
2024-04-19,EXIT_SHORT,SOXL,30.36361312866211,30.36361312866211,10597.464401000261,,,,,,True,0.0,321777.3092167409,,,,
2024-04-30,ENTER_SHORT,SOXL,37.651268005371094,,10461.340718729592,393882.74309638934,1.0,15.649999618530272,6.6802967766848464,-1.9644686178600712,True,0.0,393882.74309638934,,,,
2024-04-30,EXIT_SHORT,SOXL,37.651268005371094,37.651268005371094,10461.340718729592,,,,,,True,0.0,393882.74309638934,,,,
2024-05-01,STOP_LOSS_LONG,SMH,197.71575927734375,206.2909393310547,4882.42278298167,,,,,,True,41867.65446240826,363644.96367914916,,,,-2.9146607340851514
2024-05-01,ENTER_LONG,SMH,206.2909393310547,,5288.331589235339,1090934.8910374474,3.0,15.390000343322754,,,,0.0,363644.96367914916,False,213.30877295461175,193.84057895406482,
2024-05-29,ENTER_SHORT,SOXL,50.274017333984375,,11179.619527393117,562044.3859075118,1.0,14.279999732971191,10.526313070017878,-1.673139776149568,True,0.0,562044.3859075118,,,,
2024-05-29,EXIT_SHORT,SOXL,50.274017333984375,50.274017333984375,11179.619527393117,,,,,,True,0.0,562044.3859075118,,,,
2024-06-20,STOP_LOSS_LONG,SMH,206.2909393310547,266.9028625488281,5288.331589235339,,,,,,True,320535.9482368582,684180.9119160073,,,,-2.8327778485735844
2024-06-20,ENTER_LONG,SMH,266.9028625488281,,8331.075742285202,2223587.9637270235,3.25,13.279999732971191,,,,0.0,684180.9119160073,True,249.60959267801468,214.35431521327877,
2024-06-20,ENTER_SHORT,SOXL,59.1888313293457,,11559.290774115889,684180.9119160073,1.0,13.279999732971191,7.967475829590032,-2.8327778485735866,True,0.0,684180.9119160073,,,,
2024-06-20,EXIT_SHORT,SOXL,59.1888313293457,59.1888313293457,11559.290774115889,,,,,,True,0.0,684180.9119160073,,,,
2024-06-24,STOP_LOSS_LONG,SMH,266.9028625488281,253.8614196777344,8331.075742285202,,,,,,True,-108649.24834776718,575531.6635682401,,,,-3.4391596423274793
2024-06-24,ENTER_LONG,SMH,253.8614196777344,,6801.328823011211,1726594.9907047204,3.0,13.329999923706056,,,,0.0,575531.6635682401,False,250.88057228110748,215.73979537470325,
2024-07-11,STOP_LOSS_LONG,SMH,253.8614196777344,268.9870910644531,6801.328823011211,,,,,,True,102874.664769886,678406.3283381262,,,,-3.644178570347092
2024-07-11,ENTER_LONG,SMH,268.9870910644531,,8827.271746711804,2374422.149183442,3.5,12.920000076293944,,,,0.0,678406.3283381262,True,260.7826531530618,224.45338063825594,
2024-07-17,STOP_LOSS_LONG,SMH,268.9870910644531,252.31312561035156,8827.271746711804,,,,,,True,-147185.62415863937,531220.7041794868,,,,-7.120671057311371
2024-07-17,ENTER_LONG,SMH,252.31312561035156,,6316.207722778407,1593662.1125384606,3.0,14.479999542236328,,,,0.0,531220.7041794868,False,262.32619021170495,227.08572315205316,
2024-07-17,ENTER_SHORT,SOXL,50.97884368896485,,10420.414935666297,531220.7041794868,1.0,14.479999542236328,9.780136488947022,-7.120671057311368,True,0.0,531220.7041794868,,,,
2024-07-17,EXIT_SHORT,SOXL,50.97884368896485,50.97884368896485,10420.414935666297,,,,,,True,0.0,531220.7041794868,,,,
2024-07-19,STOP_LOSS_LONG,SMH,252.31312561035156,246.2787322998047,6316.207722778407,,,,,,True,-38114.481630358525,493106.22254912835,,,,-2.8958241972978174
2024-07-19,ENTER_LONG,SMH,246.2787322998047,,6006.684596080156,1479318.667647385,3.0,16.520000457763672,,,,0.0,493106.22254912835,False,260.4738076156399,227.80491792494942,
2024-07-19,ENTER_SHORT,SOXL,46.4792594909668,,10609.166926270913,493106.22254912835,1.0,16.520000457763672,3.7037045906157084,-2.895824197297814,True,0.0,493106.22254912835,,,,
2024-07-19,EXIT_SHORT,SOXL,46.4792594909668,46.4792594909668,10609.166926270913,,,,,,True,0.0,493106.22254912835,,,,
2024-07-24,STOP_LOSS_LONG,SMH,246.2787322998047,239.17242431640625,6006.684596080156,,,,,,True,-42685.35069888083,450420.8718502475,,,,-5.4461299635204234
2024-07-24,ENTER_LONG,SMH,239.17242431640625,,5649.742521165937,1351262.6155507425,3.0,18.040000915527344,,,,0.0,450420.8718502475,False,257.9936848184588,228.80829073445645,
2024-07-24,ENTER_SHORT,SOXL,42.4246826171875,,10616.953246640638,450420.8718502475,1.0,18.040000915527344,22.554351822499452,-5.446129963520418,True,0.0,450420.8718502475,,,,
2024-07-24,EXIT_SHORT,SOXL,42.4246826171875,42.4246826171875,10616.953246640638,,,,,,True,0.0,450420.8718502475,,,,
2024-07-25,ENTER_SHORT,SOXL,39.33925247192383,,10819.63494445949,425636.3507341415,1.0,18.459999084472656,2.3281493771090345,-1.8341750027624615,True,0.0,425636.3507341415,,,,
2024-07-25,EXIT_SHORT,SOXL,39.33925247192383,39.33925247192383,10819.63494445949,,,,,,True,0.0,425636.3507341415,,,,
2024-07-30,STOP_LOSS_LONG,SMH,239.17242431640625,227.7487640380859,5649.742521165937,,,,,,True,-64540.739221780736,385880.13262846676,,,,-3.826490620021819
2024-07-30,ENTER_LONG,SMH,227.7487640380859,,5082.971153651621,1157640.3978854003,3.0,17.690000534057617,,,,0.0,385880.13262846676,True,251.4816638873483,229.15600997947547,
2024-07-30,ENTER_SHORT,SOXL,36.827396392822266,,10478.072587930099,385880.13262846676,1.0,17.690000534057617,6.566265828551643,-3.8264906200218163,True,0.0,385880.13262846676,,,,
2024-07-30,EXIT_SHORT,SOXL,36.827396392822266,36.827396392822266,10478.072587930099,,,,,,True,0.0,385880.13262846676,,,,
2024-08-01,STOP_LOSS_LONG,SMH,227.7487640380859,229.27720642089844,5082.971153651621,,,,,,True,7769.028541854629,393649.1611703214,,,,-6.469904555912429
2024-08-01,ENTER_LONG,SMH,229.27720642089844,,5150.7408954688035,1180947.483510964,3.0,18.59000015258789,,,,0.0,393649.1611703214,False,249.32314555431674,229.40757940589748,
2024-08-01,ENTER_SHORT,SOXL,34.61221694946289,,11373.127637131316,393649.1611703214,1.0,18.59000015258789,13.630803539367387,-6.469904555912431,True,0.0,393649.1611703214,,,,
2024-08-01,EXIT_SHORT,SOXL,34.61221694946289,34.61221694946289,11373.127637131316,,,,,,True,0.0,393649.1611703214,,,,
2024-08-02,STOP_LOSS_LONG,SMH,229.27720642089844,216.7915802001953,5150.7408954688035,,,,,,True,-64310.225580513186,329338.9355898082,,,,-5.445646523528589
2024-08-02,ENTER_LONG,SMH,216.7915802001953,,4557.450090345043,988016.8067694246,3.0,23.38999938964844,,,,0.0,329338.9355898082,False,246.82071745015358,229.20732545025143,
2024-08-02,ENTER_SHORT,SOXL,29.014923095703125,,17026.011123836855,494008.4033847123,1.5,23.38999938964844,25.82032919667485,-5.445646523528591,True,0.0,329338.9355898082,,,,
2024-08-02,EXIT_SHORT,SOXL,29.014923095703125,29.014923095703125,17026.011123836855,,,,,,True,0.0,329338.9355898082,,,,
2024-08-05,STOP_LOSS_LONG,SMH,216.7915802001953,211.70997619628903,4557.450090345043,,,,,,True,-23159.1566267004,306179.7789631078,,,,-2.344004319362261
2024-08-05,ENTER_LONG,SMH,211.70997619628903,,4338.668178951049,918539.3368893233,3.0,38.56999969482422,,,,0.0,306179.7789631078,False,244.1198911998563,228.9295897478076,
2024-08-05,ENTER_SHORT,SOXL,27.58098793029785,,16651.67577047346,459269.66844466166,1.5,38.56999969482422,64.89953271180455,-2.3440043193622584,True,0.0,306179.7789631078,,,,
2024-08-05,EXIT_SHORT,SOXL,27.58098793029785,27.58098793029785,16651.67577047346,,,,,,True,0.0,306179.7789631078,,,,
2024-08-07,STOP_LOSS_LONG,SMH,211.70997619628903,209.88377380371097,4338.668178951049,,,,,,True,-7923.2862090027365,298256.4927541051,,,,-2.754536019501477
2024-08-07,ENTER_LONG,SMH,209.88377380371097,,4263.166523292687,894769.4782623153,3.0,27.850000381469727,,,,0.0,298256.4927541051,True,239.47751290704176,228.42262784085727,
2024-08-20,ENTER_SHORT,SOXL,39.64581298828125,,11428.085417666602,453075.7372829141,1.0,15.880000114440918,8.395908040535804,-1.305000946889534,True,0.0,453075.7372829141,,,,
2024-08-20,EXIT_SHORT,SOXL,39.64581298828125,39.64581298828125,11428.085417666602,,,,,,True,0.0,453075.7372829141,,,,
2024-08-22,STOP_LOSS_LONG,SMH,209.88377380371097,240.6016387939453,4263.166523292687,,,,,,True,130955.3736933915,429211.8664474966,,,,-3.2757468308959767
2024-08-22,ENTER_LONG,SMH,240.6016387939453,,5351.73245617516,1287635.5993424896,3.0,17.549999237060547,,,,0.0,429211.8664474966,True,239.6249416008578,229.99317698379028,
2024-08-22,ENTER_SHORT,SOXL,37.09440612792969,,11570.797628279803,429211.8664474966,1.0,17.549999237060547,7.867232595473528,-3.275746830895976,True,0.0,429211.8664474966,,,,
2024-08-22,EXIT_SHORT,SOXL,37.09440612792969,37.09440612792969,11570.797628279803,,,,,,True,0.0,429211.8664474966,,,,
2024-08-26,STOP_LOSS_LONG,SMH,240.6016387939453,240.75050354003903,5351.73245617516,,,,,,True,796.6842932500442,430008.5507407466,,,,-2.3430923652223283
2024-08-26,ENTER_LONG,SMH,240.75050354003903,,5358.350795755227,1290025.6522222399,3.0,16.149999618530273,,,,0.0,430008.5507407466,False,240.20160001283452,230.42220183617408,
2024-08-28,ENTER_SHORT,SOXL,36.194480895996094,,11633.654789130049,421074.096015781,1.0,17.110000610351562,10.887882514248881,-1.68155771396451,True,0.0,421074.096015781,,,,
2024-08-28,EXIT_SHORT,SOXL,36.194480895996094,36.194480895996094,11633.654789130049,,,,,,True,0.0,421074.096015781,,,,
2024-09-03,STOP_LOSS_LONG,SMH,240.75050354003903,223.50086975097656,5358.350795755227,,,,,,True,-92429.58894010916,337578.9618006374,,,,-7.504315403504042
2024-09-03,ENTER_LONG,SMH,223.50086975097656,,4531.243598874125,1012736.8854019123,3.0,20.719999313354492,,,,0.0,337578.9618006374,False,238.84969059105674,230.89601956926083,
2024-09-03,ENTER_SHORT,SOXL,29.736833572387695,,11352.216132187601,337578.9618006374,1.0,20.719999313354492,38.13332875569662,-7.504315403504036,True,0.0,337578.9618006374,,,,
2024-09-03,EXIT_SHORT,SOXL,29.736833572387695,29.736833572387695,11352.216132187601,,,,,,True,0.0,337578.9618006374,,,,
2024-09-06,STOP_LOSS_LONG,SMH,223.50086975097656,213.38731384277344,4531.243598874125,,,,,,True,-45826.985470901,291751.9763297364,,,,-4.129126890288459
2024-09-06,ENTER_LONG,SMH,213.38731384277344,,4101.724292917006,875255.9289892092,3.0,22.3799991607666,,,,0.0,291751.9763297364,False,234.69449801549942,230.36623905516933,
2024-09-06,ENTER_SHORT,SOXL,25.67237091064453,,17046.651671472657,437627.9644946046,1.5,22.3799991607666,12.462309496363154,-4.129126890288459,True,0.0,291751.9763297364,,,,
2024-09-06,EXIT_SHORT,SOXL,25.67237091064453,25.67237091064453,17046.651671472657,,,,,,True,0.0,291751.9763297364,,,,
2024-09-16,ENTER_SHORT,SOXL,31.803680419921875,,11579.979689195612,368285.9733043635,1.0,17.139999389648438,3.5024151111773483,-1.3127338060493932,True,0.0,368285.9733043635,,,,
2024-09-16,EXIT_SHORT,SOXL,31.803680419921875,31.803680419921875,11579.979689195612,,,,,,True,0.0,368285.9733043635,,,,
2024-09-18,ENTER_SHORT,SOXL,30.794981002807617,,11597.069383888549,357131.5313650897,1.0,18.229999542236328,3.520720672322497,-1.1381129366823894,True,0.0,357131.5313650897,,,,
2024-09-18,EXIT_SHORT,SOXL,30.794981002807617,30.794981002807617,11597.069383888549,,,,,,True,0.0,357131.5313650897,,,,
2024-09-27,ENTER_SHORT,SOXL,37.30873489379883,,11392.375273266915,425035.1088809843,1.0,16.959999084472656,10.344822451218505,-1.9317505664874113,True,0.0,425035.1088809843,,,,
2024-09-27,EXIT_SHORT,SOXL,37.30873489379883,37.30873489379883,11392.375273266915,,,,,,True,0.0,425035.1088809843,,,,
2024-10-01,STOP_LOSS_LONG,SMH,213.38731384277344,237.0881805419922,4101.724292917006,,,,,,True,97214.42070337324,388966.3970331097,,,,-2.6767172228164564
2024-10-01,ENTER_LONG,SMH,237.0881805419922,,4921.794027993108,1166899.191099329,3.0,19.260000228881836,,,,0.0,388966.3970331097,True,237.2393779140333,231.74912127583184,
2024-10-01,ENTER_SHORT,SOXL,33.51445770263672,,11605.928417051728,388966.3970331097,1.0,19.260000228881836,15.12253888745365,-2.6767172228164604,True,0.0,388966.3970331097,,,,
2024-10-01,EXIT_SHORT,SOXL,33.51445770263672,33.51445770263672,11605.928417051728,,,,,,True,0.0,388966.3970331097,,,,
2024-10-15,STOP_LOSS_LONG,SMH,237.0881805419922,245.3060760498047,4921.794027993108,,,,,,True,40446.78903302296,429413.1860661326,,,,-5.4041628954164
2024-10-15,ENTER_LONG,SMH,245.3060760498047,,5251.559924413962,1288239.558198398,3.0,20.63999938964844,,,,0.0,429413.1860661326,False,244.25895221110156,234.34871505488417,
2024-10-15,ENTER_SHORT,SOXL,34.14849090576172,,12574.880314657761,429413.1860661326,1.0,20.63999938964844,4.771566448247833,-5.404162895416398,True,0.0,429413.1860661326,,,,
2024-10-15,EXIT_SHORT,SOXL,34.14849090576172,34.14849090576172,12574.880314657761,,,,,,True,0.0,429413.1860661326,,,,
2024-10-23,ENTER_SHORT,SOXL,33.484737396240234,,13112.11368506959,439055.683454203,1.0,19.239999771118164,5.714280025176999,-1.0648016648921788,True,0.0,439055.683454203,,,,
2024-10-23,EXIT_SHORT,SOXL,33.484737396240234,33.484737396240234,13112.11368506959,,,,,,True,0.0,439055.683454203,,,,
2024-10-30,STOP_LOSS_LONG,SMH,245.3060760498047,248.79965209960935,5251.559924413962,,,,,,True,18346.723976046585,447759.9100421792,,,,-2.428776560311735
2024-10-30,ENTER_LONG,SMH,248.79965209960935,,5399.0418346274155,1343279.7301265376,3.0,20.350000381469727,,,,0.0,447759.9100421792,False,247.50196337946997,236.81005665261802,
2024-10-30,ENTER_SHORT,SOXL,33.69278335571289,,13289.490076107286,447759.9100421792,1.0,20.350000381469727,5.222338267389759,-2.4287765603117295,True,0.0,447759.9100421792,,,,
2024-10-30,EXIT_SHORT,SOXL,33.69278335571289,33.69278335571289,13289.490076107286,,,,,,True,0.0,447759.9100421792,,,,
2024-10-31,STOP_LOSS_LONG,SMH,248.79965209960935,239.86717224121097,5399.0418346274155,,,,,,True,-48226.83244245963,399533.0775997196,,,,-3.5902300437390386
2024-10-31,ENTER_LONG,SMH,239.86717224121097,,4996.9290153378915,1198599.2327991587,3.0,23.15999984741211,,,,0.0,399533.0775997196,False,246.91467175345005,236.85858229688142,
2024-10-31,ENTER_SHORT,SOXL,29.809341430664062,,20104.423232346086,599299.6163995793,1.5,23.15999984741211,13.808350925148428,-3.59023004373904,True,0.0,399533.0775997196,,,,
2024-10-31,EXIT_SHORT,SOXL,29.809341430664062,29.809341430664062,20104.423232346086,,,,,,True,0.0,399533.0775997196,,,,
2024-11-11,STOP_LOSS_LONG,SMH,239.86717224121097,251.6282958984375,4996.9290153378915,,,,,,True,58769.500055772165,458302.57765549177,,,,-2.2403018148491105
2024-11-11,ENTER_LONG,SMH,251.6282958984375,,5464.042619123475,1374907.7329664752,3.0,14.970000267028809,,,,0.0,458302.57765549177,False,248.73238121885427,238.30966717458165,
2024-11-15,STOP_LOSS_LONG,SMH,251.6282958984375,238.1501617431641,5464.042619123475,,,,,,True,-73645.09945067768,384657.4782048141,,,,-3.3161379702706815
2024-11-15,ENTER_LONG,SMH,238.1501617431641,,4845.566453399926,1153972.4346144423,3.0,16.139999389648438,,,,0.0,384657.4782048141,False,247.62788948774076,238.7233913087792,
2024-11-15,ENTER_SHORT,SOXL,26.41133499145508,,14564.105840513672,384657.4782048141,1.0,16.139999389648438,12.78825238553527,-3.316137970270683,True,0.0,384657.4782048141,,,,
2024-11-15,EXIT_SHORT,SOXL,26.41133499145508,26.41133499145508,14564.105840513672,,,,,,True,0.0,384657.4782048141,,,,
2024-11-20,ENTER_SHORT,SOXL,26.876953125,,14775.234357193927,397113.2812291907,1.0,17.15999984741211,4.954125058372449,-0.6716366506982041,True,0.0,397113.2812291907,,,,
2024-11-20,EXIT_SHORT,SOXL,26.876953125,26.876953125,14775.234357193927,,,,,,True,0.0,397113.2812291907,,,,
2024-12-09,ENTER_SHORT,SOXL,28.957365036010746,,14299.986093198133,414089.91731061554,1.0,14.1899995803833,11.119804790267839,-1.0216754470572131,True,0.0,414089.91731061554,,,,
2024-12-09,EXIT_SHORT,SOXL,28.957365036010746,28.957365036010746,14299.986093198133,,,,,,True,0.0,414089.91731061554,,,,
2024-12-10,STOP_LOSS_LONG,SMH,238.1501617431641,238.0806884765625,4845.566453399926,,,,,,True,-336.63733005277845,384320.8408747613,,,,-2.515544518780785
2024-12-10,ENTER_LONG,SMH,238.0806884765625,,5246.300070935548,1249042.7328429741,3.25,14.18000030517578,,,,0.0,384320.8408747613,True,244.53214866973747,239.69388216610588,
2024-12-12,ENTER_SHORT,SOXL,28.194543838500977,,14275.566566892712,402493.08738969546,1.0,13.920000076293944,2.5036830228132967,-0.9684655926832875,True,0.0,402493.08738969546,,,,
2024-12-12,EXIT_SHORT,SOXL,28.194543838500977,28.194543838500977,14275.566566892712,,,,,,True,0.0,402493.08738969546,,,,
2024-12-17,ENTER_SHORT,SOXL,30.83964157104492,,14163.812364921896,436806.89661372534,1.0,15.869999885559082,8.032677596203118,-1.2991046470848144,True,0.0,436806.89661372534,,,,
2024-12-17,EXIT_SHORT,SOXL,30.83964157104492,30.83964157104492,14163.812364921896,,,,,,True,0.0,436806.89661372534,,,,
2024-12-18,STOP_LOSS_LONG,SMH,238.0806884765625,240.17486572265625,5246.300070935548,,,,,,True,10986.682234733253,395307.52310949453,,,,-3.1885098407577965
2024-12-18,ENTER_LONG,SMH,240.17486572265625,,4937.746361427914,1185922.5693284837,3.0,27.6200008392334,,,,0.0,395307.52310949453,True,244.8837837443925,240.22096884076782,
2024-12-18,ENTER_SHORT,SOXL,27.57042121887207,,21507.1536251451,592961.2846642418,1.5,27.6200008392334,74.03907396600702,-3.1885098407577916,True,0.0,395307.52310949453,,,,
2024-12-18,EXIT_SHORT,SOXL,27.57042121887207,27.57042121887207,21507.1536251451,,,,,,True,0.0,395307.52310949453,,,,
2024-12-27,ENTER_SHORT,SOXL,29.496267318725582,,14649.869682192342,432116.47233043873,1.0,15.949999809265137,8.282418906603617,-1.0082507941808094,True,0.0,432116.47233043873,,,,
2024-12-27,EXIT_SHORT,SOXL,29.496267318725582,29.496267318725582,14649.869682192342,,,,,,True,0.0,432116.47233043873,,,,
2024-12-30,ENTER_SHORT,SOXL,27.75768661499023,,14904.217932858699,413706.61062180926,1.0,17.399999618530273,9.090908003791021,-1.5056340193528195,True,0.0,413706.61062180926,,,,
2024-12-30,EXIT_SHORT,SOXL,27.75768661499023,27.75768661499023,14904.217932858699,,,,,,True,0.0,413706.61062180926,,,,
2025-01-07,STOP_LOSS_LONG,SMH,240.17486572265625,253.25196838378903,4937.746361427914,,,,,,True,64571.416083027696,459878.9391925222,,,,-2.378673874801411
2025-01-07,ENTER_LONG,SMH,253.25196838378903,,5447.684479540964,1379636.8175775665,3.0,17.81999969482422,,,,0.0,459878.9391925222,True,247.01127316326404,241.4972244416914,
2025-01-07,ENTER_SHORT,SOXL,30.946741104125977,,14860.334975019674,459878.9391925222,1.0,17.81999969482422,11.097248614080613,-2.378673874801407,True,0.0,459878.9391925222,,,,
2025-01-07,EXIT_SHORT,SOXL,30.946741104125977,30.946741104125977,14860.334975019674,,,,,,True,0.0,459878.9391925222,,,,
2025-01-10,STOP_LOSS_LONG,SMH,253.25196838378903,246.4132537841797,5447.684479540964,,,,,,True,-37255.15938430204,422623.77980822016,,,,-2.002139831319734
2025-01-10,ENTER_LONG,SMH,246.4132537841797,,5145.304970223403,1267871.3394246604,3.0,19.540000915527344,,,,0.0,422623.77980822016,False,247.28027613857518,241.73069188157183,
2025-01-10,ENTER_SHORT,SOXL,27.876903533935547,,15160.35593026841,422623.77980822016,1.0,19.540000915527344,10.39548063998117,-2.002139831319738,True,0.0,422623.77980822016,,,,
2025-01-10,EXIT_SHORT,SOXL,27.876903533935547,27.876903533935547,15160.35593026841,,,,,,True,0.0,422623.77980822016,,,,
2025-01-27,STOP_LOSS_LONG,SMH,246.4132537841797,235.0785217285156,5145.304970223403,,,,,,True,-58320.653182158974,364303.12662606116,,,,-9.83443970619083
2025-01-27,ENTER_LONG,SMH,235.0785217285156,,4649.124776870718,1092909.3798781834,3.0,17.899999618530273,,,,0.0,364303.12662606116,False,251.10698264229228,243.52844987032228,
2025-01-27,ENTER_SHORT,SOXL,24.8964786529541,,14632.717008067108,364303.12662606116,1.0,17.899999618530273,20.538714873478558,-9.834439706190834,True,0.0,364303.12662606116,,,,
2025-01-27,EXIT_SHORT,SOXL,24.8964786529541,24.8964786529541,14632.717008067108,,,,,,True,0.0,364303.12662606116,,,,
2025-01-31,ENTER_SHORT,SOXL,26.843690872192383,,14919.714278009884,400500.1979803323,1.0,16.43000030517578,3.724748402174094,-0.632216232360594,True,0.0,400500.1979803323,,,,
2025-01-31,EXIT_SHORT,SOXL,26.843690872192383,26.843690872192383,14919.714278009884,,,,,,True,0.0,400500.1979803323,,,,
2025-02-03,ENTER_SHORT,SOXL,25.44289207458496,,14859.48432873332,378068.2560599484,1.0,18.6200008392334,13.32927871807601,-1.9866985877105559,True,0.0,378068.2560599484,,,,
2025-02-03,EXIT_SHORT,SOXL,25.44289207458496,25.44289207458496,14859.48432873332,,,,,,True,0.0,378068.2560599484,,,,
2025-02-07,ENTER_SHORT,SOXL,26.158191680908203,,15555.206708962925,406896.07872920146,1.0,16.540000915527344,6.709683325982874,-1.3489053167879739,True,0.0,406896.07872920146,,,,
2025-02-07,EXIT_SHORT,SOXL,26.158191680908203,26.158191680908203,15555.206708962925,,,,,,True,0.0,406896.07872920146,,,,
2025-02-21,STOP_LOSS_LONG,SMH,235.0785217285156,249.2145538330078,4649.124776870718,,,,,,True,65720.17710363468,430023.30372969585,,,,-3.0294716332917173
2025-02-21,ENTER_LONG,SMH,249.2145538330078,,5176.543228906005,1290069.9111890877,3.0,18.209999084472656,,,,0.0,430023.30372969585,True,249.65635708748326,244.5507423810396,
2025-02-21,ENTER_SHORT,SOXL,28.62200927734375,,15024.21788641122,430023.30372969585,1.0,18.209999084472656,16.28352019097845,-3.0294716332917138,True,0.0,430023.30372969585,,,,
2025-02-21,EXIT_SHORT,SOXL,28.62200927734375,28.62200927734375,15024.21788641122,,,,,,True,0.0,430023.30372969585,,,,
2025-02-24,STOP_LOSS_LONG,SMH,249.2145538330078,242.6649169921875,5176.543228906005,,,,,,True,-33904.47824014171,396118.82548955415,,,,-2.628111697364614
2025-02-24,ENTER_LONG,SMH,242.6649169921875,,4897.108701159802,1188356.4764686625,3.0,18.979999542236328,,,,0.0,396118.82548955415,True,249.11855400322975,244.52080864470864,
2025-02-24,ENTER_SHORT,SOXL,26.585386276245117,,14899.87098075377,396118.82548955415,1.0,18.979999542236328,4.228448635234905,-2.62811169736461,True,0.0,396118.82548955415,,,,
2025-02-24,EXIT_SHORT,SOXL,26.585386276245117,26.585386276245117,14899.87098075377,,,,,,True,0.0,396118.82548955415,,,,
2025-02-25,STOP_LOSS_LONG,SMH,242.6649169921875,237.51095581054688,4897.108701159802,,,,,,True,-25239.50814805216,370879.317341502,,,,-2.123900416064904
2025-02-25,ENTER_LONG,SMH,237.51095581054688,,4684.575278758986,1112637.952024506,3.0,19.43000030517578,,,,0.0,370879.317341502,False,248.22566183456183,244.4095411394045,
2025-02-25,ENTER_SHORT,SOXL,24.906414031982425,,14890.915924920158,370879.317341502,1.0,19.43000030517578,2.3709208313628327,-2.1239004160649055,True,0.0,370879.317341502,,,,
2025-02-25,EXIT_SHORT,SOXL,24.906414031982425,24.906414031982425,14890.915924920158,,,,,,True,0.0,370879.317341502,,,,
2025-02-27,STOP_LOSS_LONG,SMH,237.51095581054688,228.08029174804688,4684.575278758986,,,,,,True,-44178.65572946829,326700.6616120337,,,,-6.164391903234153
2025-02-27,ENTER_LONG,SMH,228.08029174804688,,4297.1796349628885,980101.9848361012,3.0,21.1299991607666,,,,0.0,326700.6616120337,True,246.30948745046203,244.12932308175908,
2025-02-27,ENTER_SHORT,SOXL,21.60807991027832,,15119.374926813,326700.6616120337,1.0,21.1299991607666,10.62826564792283,-6.164391903234156,True,0.0,326700.6616120337,,,,
2025-02-27,EXIT_SHORT,SOXL,21.60807991027832,21.60807991027832,15119.374926813,,,,,,True,0.0,326700.6616120337,,,,
2025-03-03,STOP_LOSS_LONG,SMH,228.08029174804688,222.3182373046875,4297.1796349628885,,,,,,False,-24760.58300955133,301940.0786024824,,,,-4.192978528021873
2025-03-03,ENTER_SHORT,SOXL,20.37616920471191,,22227.44193736818,452910.1179037236,1.5,22.780000686645508,16.046875499488777,-4.192978528021873,False,0.0,301940.0786024824,,,,
2025-03-03,EXIT_SHORT,SOXL,20.37616920471191,20.37616920471191,22227.44193736818,,,,,,False,0.0,301940.0786024824,,,,
2025-03-06,ENTER_SHORT,SOXL,19.104520797729492,,23706.96039429319,452910.1179037236,1.5,24.8700008392334,13.406294998380531,-4.19354410390701,False,0.0,301940.0786024824,,,,
2025-03-06,EXIT_SHORT,SOXL,19.104520797729492,19.104520797729492,23706.96039429319,,,,,,False,0.0,301940.0786024824,,,,
2025-03-10,ENTER_SHORT,SOXL,17.87261199951172,,25341.014392081983,452910.1179037236,1.5,27.86000061035156,19.212664141544987,-4.691460613338738,False,0.0,301940.0786024824,,,,
2025-03-10,EXIT_SHORT,SOXL,17.87261199951172,17.87261199951172,25341.014392081983,,,,,,False,0.0,301940.0786024824,,,,
2025-03-18,ENTER_SHORT,SOXL,19.79995346069336,,15249.53476289176,301940.0786024824,1.0,21.700000762939453,5.802050320710772,-1.5461229001847654,False,0.0,301940.0786024824,,,,
2025-03-18,EXIT_SHORT,SOXL,19.79995346069336,19.79995346069336,15249.53476289176,,,,,,False,0.0,301940.0786024824,,,,
2025-03-26,ENTER_SHORT,SOXL,18.725353240966797,,16124.666633359227,301940.0786024824,1.0,18.329999923706055,6.880468404796991,-3.326802258942607,False,0.0,301940.0786024824,,,,
2025-03-26,EXIT_SHORT,SOXL,18.725353240966797,18.725353240966797,16124.666633359227,,,,,,False,0.0,301940.0786024824,,,,
2025-03-28,ENTER_SHORT,SOXL,15.974847793579102,,18900.967477376755,301940.0786024824,1.0,21.649999618530273,15.837340823392898,-2.5625750464038144,False,0.0,301940.0786024824,,,,
2025-03-28,EXIT_SHORT,SOXL,15.974847793579102,15.974847793579102,18900.967477376755,,,,,,False,0.0,301940.0786024824,,,,
2025-04-03,ENTER_SHORT,SOXL,11.370742797851562,,39831.181300600554,452910.1179037236,1.5,30.020000457763672,39.562994599392496,-8.650561804179269,False,0.0,301940.0786024824,,,,
2025-04-03,EXIT_SHORT,SOXL,11.370742797851562,11.370742797851562,39831.181300600554,,,,,,False,0.0,301940.0786024824,,,,
2025-04-04,ENTER_SHORT,SOXL,8.699963569641113,,52058.85223291881,452910.1179037236,1.5,45.310001373291016,50.932713798720464,-7.5522893697711035,False,0.0,301940.0786024824,,,,
2025-04-04,EXIT_SHORT,SOXL,8.699963569641113,8.699963569641113,52058.85223291881,,,,,,False,0.0,301940.0786024824,,,,
2025-04-08,ENTER_SHORT,SOXL,8.221614837646484,,55087.73237951554,452910.1179037236,1.5,52.33000183105469,11.387829589075583,-2.677123494352407,False,0.0,301940.0786024824,,,,
2025-04-08,EXIT_SHORT,SOXL,8.221614837646484,8.221614837646484,55087.73237951554,,,,,,False,0.0,301940.0786024824,,,,
2025-04-10,ENTER_SHORT,SOXL,9.596866607666016,,47193.541019100674,452910.1179037236,1.5,40.720001220703125,21.118389394369697,-6.934495011505659,False,0.0,301940.0786024824,,,,
2025-04-10,EXIT_SHORT,SOXL,9.596866607666016,9.596866607666016,47193.541019100674,,,,,,False,0.0,301940.0786024824,,,,
2025-04-16,ENTER_SHORT,SOXL,9.30786418914795,,48658.86616950988,452910.1179037236,1.5,32.63999938964844,8.366528818726216,-4.223336642701536,False,0.0,301940.0786024824,,,,
2025-04-16,EXIT_SHORT,SOXL,9.30786418914795,9.30786418914795,48658.86616950988,,,,,,False,0.0,301940.0786024824,,,,
2025-04-21,ENTER_SHORT,SOXL,8.680032730102539,,52178.388260337044,452910.1179037236,1.5,33.81999969482422,14.064081382610993,-2.441180022398526,False,0.0,301940.0786024824,,,,
2025-04-21,EXIT_SHORT,SOXL,8.680032730102539,8.680032730102539,52178.388260337044,,,,,,False,0.0,301940.0786024824,,,,
2025-05-05,ENTER_SHORT,SOXL,13.00510025024414,,34825.57682669315,452910.1179037236,1.5,23.63999938964844,4.232800139132187,-0.6483168486209223,False,0.0,301940.0786024824,,,,
2025-05-05,EXIT_SHORT,SOXL,13.00510025024414,13.00510025024414,34825.57682669315,,,,,,False,0.0,301940.0786024824,,,,
2025-05-06,ENTER_SHORT,SOXL,12.596510887145996,,35955.20394190204,452910.1179037236,1.5,24.760000228881836,4.737736328892739,-0.9282656438385106,False,0.0,301940.0786024824,,,,
2025-05-06,EXIT_SHORT,SOXL,12.596510887145996,12.596510887145996,35955.20394190204,,,,,,False,0.0,301940.0786024824,,,,
2025-05-21,ENTER_SHORT,SOXL,16.941509246826172,,17822.501773804357,301940.0786024824,1.0,20.8700008392334,15.36761007847649,-1.6575640890017618,False,0.0,301940.0786024824,,,,
2025-05-21,EXIT_SHORT,SOXL,16.941509246826172,16.941509246826172,17822.501773804357,,,,,,False,0.0,301940.0786024824,,,,
2025-05-23,ENTER_LONG,SMH,236.70347595214844,,3826.814254263703,905820.2358074472,3.0,22.290000915527344,,,,0.0,301940.0786024824,False,228.4318107820101,228.36233847781966,
2025-05-23,ENTER_SHORT,SOXL,15.675878524780272,,28892.168128744288,452910.1179037236,1.5,22.290000915527344,9.911243396581494,-1.3994420562939647,True,0.0,301940.0786024824,,,,
2025-05-23,EXIT_SHORT,SOXL,15.675878524780272,15.675878524780272,28892.168128744288,,,,,,True,0.0,301940.0786024824,,,,
2025-06-13,STOP_LOSS_LONG,SMH,236.70347595214844,256.19281005859375,3826.814254263703,,,,,,True,74582.06156465267,376522.14016713505,,,,-2.34087325827571
2025-06-13,ENTER_LONG,SMH,256.19281005859375,,4409.048092501356,1129566.4205014051,3.0,20.81999969482422,,,,0.0,376522.14016713505,False,244.8809128401073,232.925426684694,
2025-06-13,ENTER_SHORT,SOXL,19.971052169799805,,18853.395252580194,376522.14016713505,1.0,20.81999969482422,15.538286159444613,-2.340873258275711,True,0.0,376522.14016713505,,,,
2025-06-13,EXIT_SHORT,SOXL,19.971052169799805,19.971052169799805,18853.395252580194,,,,,,True,0.0,376522.14016713505,,,,
2025-06-17,ENTER_SHORT,SOXL,21.346302032470703,,18585.933583696344,396740.95183302276,1.0,21.600000381469727,13.029825701676723,-0.6796289720717885,True,0.0,396740.95183302276,,,,
2025-06-17,EXIT_SHORT,SOXL,21.346302032470703,21.346302032470703,18585.933583696344,,,,,,True,0.0,396740.95183302276,,,,
2025-06-20,ENTER_SHORT,SOXL,21.13702392578125,,18495.461215151543,390939.0062230173,1.0,20.6200008392334,2.383324052292024,-0.8835072811883782,True,0.0,390939.0062230173,,,,
2025-06-20,EXIT_SHORT,SOXL,21.13702392578125,21.13702392578125,18495.461215151543,,,,,,True,0.0,390939.0062230173,,,,
2025-07-07,ENTER_SHORT,SOXL,24.96274757385254,,19092.645679682133,476604.8946189113,1.0,17.790000915527344,8.608069761920255,-1.3609744893377407,True,0.0,476604.8946189113,,,,
2025-07-07,EXIT_SHORT,SOXL,24.96274757385254,24.96274757385254,19092.645679682133,,,,,,True,0.0,476604.8946189113,,,,
2025-07-14,ENTER_SHORT,SOXL,26.4923038482666,,18912.78204448759,501043.1685386061,1.0,17.200000762939453,4.8780558720578515,-0.7547983495274857,True,0.0,501043.1685386061,,,,
2025-07-14,EXIT_SHORT,SOXL,26.4923038482666,26.4923038482666,18912.78204448759,,,,,,True,0.0,501043.1685386061,,,,
2025-07-31,STOP_LOSS_LONG,SMH,256.19281005859375,287.88421630859375,4409.048092501356,,,,,,True,139728.93427524806,516251.07444238313,,,,-2.5248159822520457
2025-07-31,ENTER_LONG,SMH,287.88421630859375,,5379.778173274298,1548753.2233271494,3.0,16.719999313354492,,,,0.0,516251.07444238313,False,282.8569578948069,252.58218618563143,
2025-07-31,ENTER_SHORT,SOXL,24.97274398803711,,20672.581062364912,516251.07444238313,1.0,16.719999313354492,8.01033467562382,-2.524815982252049,True,0.0,516251.07444238313,,,,
2025-07-31,EXIT_SHORT,SOXL,24.97274398803711,24.97274398803711,20672.581062364912,,,,,,True,0.0,516251.07444238313,,,,
2025-08-01,ENTER_SHORT,SOXL,24.07300567626953,,20369.181812938863,490347.42940384336,1.0,20.3799991607666,21.889952139464608,-1.672548256777251,True,0.0,490347.42940384336,,,,
2025-08-01,EXIT_SHORT,SOXL,24.07300567626953,24.07300567626953,20369.181812938863,,,,,,True,0.0,490347.42940384336,,,,
2025-08-15,STOP_LOSS_LONG,SMH,287.88421630859375,294.73291015625,5379.778173274298,,,,,,True,36844.453677059064,553095.5281194422,,,,-2.076708576397402
2025-08-15,ENTER_LONG,SMH,294.73291015625,,5629.7974443324665,1659286.5843583266,3.0,15.09000015258789,,,,0.0,553095.5281194422,False,289.09253884402904,259.02688120883494,
2025-08-19,STOP_LOSS_LONG,SMH,294.73291015625,289.9677429199219,5629.7974443324665,,,,,,True,-26826.92632889688,526268.6017905453,,,,-2.017781381975706
2025-08-19,ENTER_LONG,SMH,289.9677429199219,,5444.763577746102,1578805.8053716358,3.0,15.56999969482422,,,,0.0,526268.6017905453,True,289.64601199343076,260.09461485098717,
2025-08-19,ENTER_SHORT,SOXL,26.232378005981445,,20061.795452571885,526268.6017905453,1.0,15.56999969482422,3.8692457142232017,-2.017781381975703,True,0.0,526268.6017905453,,,,
2025-08-19,EXIT_SHORT,SOXL,26.232378005981445,26.232378005981445,20061.795452571885,,,,,,True,0.0,526268.6017905453,,,,
2025-08-21,ENTER_SHORT,SOXL,25.34263801574707,,20035.776442881153,507759.4297563695,1.0,16.600000381469727,5.799877791100583,-0.5191079394910814,True,0.0,507759.4297563695,,,,
2025-08-21,EXIT_SHORT,SOXL,25.34263801574707,25.34263801574707,20035.776442881153,,,,,,True,0.0,507759.4297563695,,,,
2025-08-29,STOP_LOSS_LONG,SMH,289.9677429199219,289.3895568847656,5444.763577746102,,,,,,True,-3148.0862653801773,523120.5155251651,,,,-2.8740530884985844
2025-08-29,ENTER_LONG,SMH,289.3895568847656,,5423.00684056962,1569361.5465754953,3.0,15.359999656677246,,,,0.0,523120.5155251651,False,291.1857401587439,264.0018346196307,
2025-08-29,ENTER_SHORT,SOXL,26.03243827819824,,20094.948845543615,523120.5155251651,1.0,15.359999656677246,6.44490181450581,-2.874053088498585,True,0.0,523120.5155251651,,,,
2025-08-29,EXIT_SHORT,SOXL,26.03243827819824,26.03243827819824,20094.948845543615,,,,,,True,0.0,523120.5155251651,,,,
2025-09-02,ENTER_SHORT,SOXL,25.242666244506836,,19907.679925223092,502522.9200548753,1.0,17.170000076293945,11.783857161935952,-1.3124824878776864,True,0.0,502522.9200548753,,,,
2025-09-02,EXIT_SHORT,SOXL,25.242666244506836,25.242666244506836,19907.679925223092,,,,,,True,0.0,502522.9200548753,,,,
2025-10-07,ENTER_SHORT,SOXL,38.83000183105469,,19982.321886594713,775913.5954451968,1.0,17.239999771118164,5.314593080531016,-1.843438510550044,True,0.0,775913.5954451968,,,,
2025-10-07,EXIT_SHORT,SOXL,38.83000183105469,38.83000183105469,19982.321886594713,,,,,,True,0.0,775913.5954451968,,,,
2025-10-10,STOP_LOSS_LONG,SMH,289.3895568847656,324.330810546875,5423.00684056962,,,,,,True,189486.65762769742,712607.1731528625,,,,-5.755912695428613
2025-10-10,ENTER_LONG,SMH,324.330810546875,,6591.484527337595,2137821.5194585873,3.0,21.65999984741211,,,,0.0,712607.1731528625,True,322.11712595024864,283.90699655502755,
2025-10-10,ENTER_SHORT,SOXL,34.209999084472656,,20830.376855411927,712607.1731528625,1.0,21.65999984741211,31.83201123002275,-5.755912695428611,True,0.0,712607.1731528625,,,,
2025-10-10,EXIT_SHORT,SOXL,34.209999084472656,34.209999084472656,20830.376855411927,,,,,,True,0.0,712607.1731528625,,,,
2025-10-14,ENTER_SHORT,SOXL,36.630001068115234,,20918.016113798196,766226.9525912796,1.0,20.809999465942383,9.353645376092956,-1.8395814745809203,True,0.0,766226.9525912796,,,,
2025-10-14,EXIT_SHORT,SOXL,36.630001068115234,36.630001068115234,20918.016113798196,,,,,,True,0.0,766226.9525912796,,,,
2025-10-22,ENTER_SHORT,SOXL,38.38999938964844,,20831.966048137678,799739.1638731824,1.0,18.600000381469727,4.085056004214738,-1.9403366687671952,True,0.0,799739.1638731824,,,,
2025-10-22,EXIT_SHORT,SOXL,38.38999938964844,38.38999938964844,20831.966048137678,,,,,,True,0.0,799739.1638731824,,,,
2025-11-04,STOP_LOSS_LONG,SMH,324.330810546875,351.665771484375,6591.484527337595,,,,,,True,180177.97207490882,892785.1452277713,,,,-3.6438115642470668
2025-11-04,ENTER_LONG,SMH,351.665771484375,,7616.195981707355,2678355.4356833138,3.0,19.0,,,,0.0,892785.1452277713,False,345.22047795143794,299.77273435479276,
2025-11-04,ENTER_SHORT,SOXL,42.79999923706055,,20859.466381829,892785.1452277713,1.0,19.0,10.658124144289749,-3.643811564247068,True,0.0,892785.1452277713,,,,
2025-11-04,EXIT_SHORT,SOXL,42.79999923706055,42.79999923706055,20859.466381829,,,,,,True,0.0,892785.1452277713,,,,
2025-11-06,STOP_LOSS_LONG,SMH,351.665771484375,350.0009460449219,7616.195981707355,,,,,,True,-12679.636822207072,880105.5084055642,,,,-2.3393597594595503
2025-11-06,ENTER_LONG,SMH,350.0009460449219,,7543.741109996353,2640316.5252166926,3.0,19.5,,,,0.0,880105.5084055642,True,346.5229550871235,301.4855912334777,
2025-11-06,ENTER_SHORT,SOXL,43.0099983215332,,20462.81196818681,880105.5084055642,1.0,19.5,8.273180189796548,-2.339359759459547,True,0.0,880105.5084055642,,,,
2025-11-06,EXIT_SHORT,SOXL,43.0099983215332,43.0099983215332,20462.81196818681,,,,,,True,0.0,880105.5084055642,,,,
2025-11-11,STOP_LOSS_LONG,SMH,350.0009460449219,349.9610595703125,7543.741109996353,,,,,,True,-300.8932382435679,879804.6151673207,,,,-2.15725418720002
2025-11-11,ENTER_LONG,SMH,349.9610595703125,,7542.021528745725,2639413.845501962,3.0,17.280000686645508,,,,0.0,879804.6151673207,False,347.6133320378831,303.83312905315245,
2025-11-13,STOP_LOSS_LONG,SMH,349.9610595703125,343.7503967285156,7542.021528745725,,,,,,True,-46840.952860613135,832963.6623067076,,,,-3.0123983661258795
2025-11-13,ENTER_LONG,SMH,343.7503967285156,,7269.492662996624,2498890.986920123,3.0,20.0,,,,0.0,832963.6623067076,False,347.80000488413054,305.25706894828863,
2025-11-13,ENTER_SHORT,SOXL,39.220001220703125,,21238.236521701325,832963.6623067076,1.0,20.0,14.22044396670561,-3.012398366125879,True,0.0,832963.6623067076,,,,
2025-11-13,EXIT_SHORT,SOXL,39.220001220703125,39.220001220703125,21238.236521701325,,,,,,True,0.0,832963.6623067076,,,,
2025-11-17,ENTER_SHORT,SOXL,36.84000015258789,,32581.72793520824,1200310.8621046487,1.5,22.3799991607666,12.859300286794827,-1.3566132232519679,True,0.0,800207.2414030991,,,,
2025-11-17,EXIT_SHORT,SOXL,36.84000015258789,36.84000015258789,32581.72793520824,,,,,,True,0.0,800207.2414030991,,,,
2025-11-18,STOP_LOSS_LONG,SMH,343.7503967285156,332.25616455078125,7269.492662996624,,,,,,True,-83557.23648281975,749406.4258238878,,,,-2.0599368858151412
2025-11-18,ENTER_LONG,SMH,332.25616455078125,,6766.523897340815,2248219.2774716634,3.0,24.690000534057617,,,,0.0,749406.4258238878,False,345.741853261742,306.81075843522524,
2025-11-18,ENTER_SHORT,SOXL,34.349998474121094,,32725.172887059176,1124109.6387358317,1.5,24.690000534057617,10.321722340993556,-2.059936885815139,True,0.0,749406.4258238878,,,,
2025-11-18,EXIT_SHORT,SOXL,34.349998474121094,34.349998474121094,32725.172887059176,,,,,,True,0.0,749406.4258238878,,,,
2025-11-20,STOP_LOSS_LONG,SMH,332.25616455078125,324.091552734375,6766.523897340815,,,,,,True,-55246.040968224086,694160.3848556638,,,,-4.2246092897466045
2025-11-20,ENTER_LONG,SMH,324.091552734375,,6425.595289346495,2082481.1545669911,3.0,26.420000076293945,,,,0.0,694160.3848556638,True,343.55421346017147,307.57831255098256,
2025-11-20,ENTER_SHORT,SOXL,30.809999465942383,,33795.54025745736,1041240.5772834956,1.5,26.420000076293945,11.665258861714323,-4.224609289746606,True,0.0,694160.3848556638,,,,
2025-11-20,EXIT_SHORT,SOXL,30.809999465942383,30.809999465942383,33795.54025745736,,,,,,True,0.0,694160.3848556638,,,,
2025-12-12,STOP_LOSS_LONG,SMH,324.091552734375,353.02154541015625,6425.595289346495,,,,,,True,185892.4246583286,880052.8095139924,,,,-4.521557905597111
2025-12-12,ENTER_LONG,SMH,353.02154541015625,,7478.745880721027,2640158.428541977,3.0,15.739999771118164,,,,0.0,880052.8095139924,False,354.082197735064,317.90085398645465,
2025-12-12,ENTER_SHORT,SOXL,41.709999084472656,,21099.324594365884,880052.8095139924,1.0,15.739999771118164,5.9932617291983625,-4.521557905597106,True,0.0,880052.8095139924,,,,
2025-12-12,EXIT_SHORT,SOXL,41.709999084472656,41.709999084472656,21099.324594365884,,,,,,True,0.0,880052.8095139924,,,,
2025-12-17,STOP_LOSS_LONG,SMH,353.02154541015625,338.18768310546875,7478.745880721027,,,,,,True,-110938.68660636456,769114.1229076278,,,,-3.6085721713999366
2025-12-17,ENTER_LONG,SMH,338.18768310546875,,6822.668251946081,2307342.3687228835,3.0,17.6200008392334,,,,0.0,769114.1229076278,True,352.4806817327069,319.25875844912247,
2025-12-17,ENTER_SHORT,SOXL,36.0099983215332,,21358.349312882754,769114.1229076278,1.0,17.6200008392334,6.917483790429602,-3.6085721713999375,True,0.0,769114.1229076278,,,,
2025-12-17,EXIT_SHORT,SOXL,36.0099983215332,36.0099983215332,21358.349312882754,,,,,,True,0.0,769114.1229076278,,,,
2025-12-31,ENTER_SHORT,SOXL,42.029998779296875,,21861.03573061458,918819.3050718962,1.0,14.949999809265137,4.326586802930943,-0.8752835587103269,True,0.0,918819.3050718962,,,,
2025-12-31,EXIT_SHORT,SOXL,42.029998779296875,42.029998779296875,21861.03573061458,,,,,,True,0.0,918819.3050718962,,,,
2026-01-07,ENTER_SHORT,SOXL,52.290000915527344,,20819.18895644321,1088635.409592952,1.0,15.380000114440918,4.2711872165486,-0.6707616057653465,True,0.0,1088635.409592952,,,,
2026-01-07,EXIT_SHORT,SOXL,52.290000915527344,52.290000915527344,20819.18895644321,,,,,,True,0.0,1088635.409592952,,,,
2026-01-14,ENTER_SHORT,SOXL,55.380001068115234,,20067.804081537375,1111355.011470267,1.0,16.75,4.818526156577807,-0.812196430847123,True,0.0,1111355.011470267,,,,
2026-01-14,EXIT_SHORT,SOXL,55.380001068115234,55.380001068115234,20067.804081537375,,,,,,True,0.0,1111355.011470267,,,,
2026-01-20,STOP_LOSS_LONG,SMH,338.18768310546875,390.3900146484375,6822.668251946081,,,,,,True,356159.19009577634,1125273.313003404,,,,-2.4975647828731447
2026-01-20,ENTER_LONG,SMH,390.3900146484375,,8647.300935835357,3375819.939010212,3.0,20.09000015258789,,,,0.0,1125273.313003404,False,376.737509001744,335.7813150063598,
2026-01-20,ENTER_SHORT,SOXL,57.939998626708984,,19421.355534597464,1125273.313003404,1.0,20.09000015258789,26.67087381764075,-2.4975647828731407,True,0.0,1125273.313003404,,,,
2026-01-20,EXIT_SHORT,SOXL,57.939998626708984,57.939998626708984,19421.355534597464,,,,,,True,0.0,1125273.313003404,,,,
2026-01-23,ENTER_SHORT,SOXL,61.599998474121094,,19629.090969087887,1209151.973744198,1.0,16.09000015258789,2.877236568970143,-0.6777247745121895,True,0.0,1209151.973744198,,,,
2026-01-23,EXIT_SHORT,SOXL,61.599998474121094,61.599998474121094,19629.090969087887,,,,,,True,0.0,1209151.973744198,,,,
2026-01-30,STOP_LOSS_LONG,SMH,390.3900146484375,403.4599914550781,8647.300935835357,,,,,,True,113020.0226714099,1238293.335674814,,,,-3.3675028570029375
2026-01-30,ENTER_LONG,SMH,403.4599914550781,,9207.554864676247,3714880.007024442,3.0,17.440000534057617,,,,0.0,1238293.335674814,False,390.93457726773624,344.24287270691383,
2026-01-30,ENTER_SHORT,SOXL,61.790000915527344,,20040.351469935656,1238293.335674814,1.0,17.440000534057617,3.3175438455743667,-3.3675028570029353,True,0.0,1238293.335674814,,,,
2026-01-30,EXIT_SHORT,SOXL,61.790000915527344,61.790000915527344,20040.351469935656,,,,,,True,0.0,1238293.335674814,,,,
