date,eod_equity,peak_equity,drawdown_%,daily_change_%,long_stop,short_entered
2022-07-06,100000.0,100000.0,0.0,0.0,False,False
2022-07-07,113853.63921785913,113853.63921785913,0.0,13.853639217859136,False,False
2022-07-08,115547.54760627792,115547.54760627792,0.0,15.547547606277924,False,False
2022-07-11,107985.50052272211,115547.54760627792,6.544532740169509,7.985500522722111,False,False
2022-07-12,107864.51382581748,115547.54760627792,6.64924002250568,7.864513825817476,False,False
2022-07-13,110299.48347623122,115547.54760627792,4.541908710974285,10.29948347623122,False,False
2022-07-14,116848.1900849107,116848.1900849107,0.0,16.848190084910698,False,False
2022-07-15,124848.76071438457,124848.76071438457,0.0,24.848760714384575,False,False
2022-07-18,122444.07322510457,124848.76071438457,1.9260803835940188,22.444073225104578,False,False
2022-07-19,137174.85416655336,137174.85416655336,0.0,37.17485416655335,False,False
2022-07-20,145114.97876345163,145114.97876345163,0.0,45.11497876345163,False,False
2022-07-21,150907.48302956935,150907.48302956935,0.0,50.907483029569356,False,False
2022-07-22,142967.38209060943,150907.48302956935,5.261568730428105,42.96738209060944,False,False
2022-07-25,140849.9729471474,150907.48302956935,6.66468612457822,40.84997294714741,False,False
2022-07-26,135707.82540725367,150907.48302956935,10.072169595020952,35.70782540725366,False,False
2022-07-27,151421.68832038343,151421.68832038343,0.0,51.42168832038343,False,False
2022-07-28,155716.9053240061,155716.9053240061,0.0,55.716905324006106,False,False
2022-07-29,158681.22134580076,158681.22134580076,0.0,58.68122134580076,False,False
2022-08-01,159407.14152722876,159407.14152722876,0.0,59.407141527228745,False,False
2022-08-02,158666.08026523388,159407.14152722876,0.46488586075567884,58.66608026523388,False,False
2022-08-03,167241.4205077893,167241.4205077893,0.0,67.2414205077893,False,False
2022-08-04,170977.03263683576,170977.03263683576,0.0,70.97703263683577,False,False
2022-08-05,168451.3111347743,170977.03263683576,1.4772285277790693,68.4513111347743,False,False
2022-08-08,162084.1082293902,170977.03263683576,5.20123917832555,62.08410822939019,False,False
2022-08-09,146929.8738487751,170977.03263683576,14.064554997359258,46.92987384877512,False,False
2022-08-10,160980.03956080452,170977.03263683576,5.84698010127792,60.980039560804514,False,False
2022-08-11,160904.42878972375,170977.03263683576,5.8912028661222315,60.90442878972375,False,False
2022-08-12,171098.01933374046,171098.01933374046,0.0,71.09801933374047,False,False
2022-08-15,172776.8102995308,172776.8102995308,0.0,72.77681029953081,False,False
2022-08-16,168572.3214896174,172776.8102995308,2.43347981863097,68.57232148961741,False,False
2022-08-17,160662.4790538528,172776.8102995308,7.011549307268876,60.66247905385278,False,False
2022-08-18,165698.75731947037,172776.8102995308,4.096645242952288,65.69875731947037,False,False
2022-08-19,155399.32115911596,172776.8102995308,10.057767075505518,55.399321159115964,False,False
2022-08-22,143012.7343584949,172776.8102995308,17.22689282747844,43.01273435849491,False,False
2022-08-23,145235.98911829467,172776.8102995308,15.940114378480871,45.235989118294675,False,False
2022-08-24,145009.08583123703,172776.8102995308,16.071441775175067,45.009085831237016,False,False
2022-08-25,156594.0943634725,172776.8102995308,9.366254596321967,56.594094363472514,False,False
2022-08-26,136766.4708341387,172776.8102995308,20.84211382474509,36.76647083413869,False,False
2022-08-29,130520.30194153599,172776.8102995308,24.45728005091524,30.520301941535987,False,False
2022-08-30,126739.29022872732,172776.8102995308,26.645659212594285,26.73929022872732,False,False
2022-08-31,124516.05912686593,172776.8102995308,27.932423968817723,24.51605912686594,False,False
2022-09-01,117422.88872417712,172776.8102995308,32.037818894439916,17.42288872417712,False,False
2022-09-02,114307.35116022079,172776.8102995308,33.84103401257709,14.307351160220794,False,False
2022-09-06,110798.57134441676,172776.8102995308,35.87185042232623,10.798571344416775,False,False
2022-09-07,115759.23883895355,172776.8102995308,33.00070846413357,15.759238838953538,False,False
2022-09-08,120039.3620778862,172776.8102995308,30.52345284660451,20.039362077886192,False,False
2022-09-09,127979.46301684607,172776.8102995308,25.927870299852607,27.97946301684606,False,False
2022-09-12,128796.15870786014,172776.8102995308,25.455182044062823,28.796158707860144,False,False
2022-09-13,109225.67331084098,172776.8102995308,36.78221451045181,9.225673310840987,False,False
2022-09-14,112583.20792654499,172776.8102995308,34.838936005724655,12.583207926544993,False,False
2022-09-15,107017.58328954643,172776.8102995308,38.06021589123118,7.017583289546425,False,False
2022-09-16,108393.83653926,172776.8102995308,37.26366614168571,8.393836539260002,False,False
2022-09-19,110420.4701731359,172776.8102995308,36.09068833849414,10.420470173135898,False,False
2022-09-20,106125.27682745154,172776.8102995308,38.576666253144886,6.125276827451542,False,False
2022-09-21,103569.32048013313,172776.8102995308,40.05600618475222,3.56932048013312,False,False
2022-09-22,98000.0,172776.8102995308,43.27942515543353,-2.0000000000000018,True,False
2022-09-23,98000.0,172776.8102995308,43.27942515543353,0.0,False,False
2022-09-26,95281.7865813406,172776.8102995308,44.85267645805165,-2.7736871618973535,True,True
2022-09-27,95281.7865813406,172776.8102995308,44.85267645805165,0.0,False,False
2022-09-28,98922.53452289858,172776.8102995308,42.7454793548951,3.821032405233016,False,False
2022-09-29,91508.6278327195,172776.8102995308,47.036510470312805,-3.960000000000008,True,True
2022-09-30,91508.6278327195,172776.8102995308,47.036510470312805,0.0,False,False
2022-10-03,101355.49127154914,172776.8102995308,41.337329300247895,10.760584736151868,False,False
2022-10-04,113515.78687112955,172776.8102995308,34.29917668098204,24.049272248557575,False,False
2022-10-05,116452.04652349735,172776.8102995308,32.5997242791942,27.257996629973704,False,False
2022-10-06,114405.57025583507,172776.8102995308,33.78418662927142,25.021621420192062,False,False
2022-10-07,96669.3575455605,172776.8102995308,44.049576226131414,5.6396099854922666,False,False
2022-10-10,89678.45527606511,172776.8102995308,48.09578026090655,-2.0000000000000018,True,False
2022-10-11,89678.45527606511,172776.8102995308,48.09578026090655,0.0,False,False
2022-10-12,88063.14200309542,172776.8102995308,49.03069349965042,-1.801227806608774,False,False
2022-10-13,96246.21201589824,172776.8102995308,44.294484978022766,7.323672915211388,False,False
2022-10-14,87884.88617054382,172776.8102995308,49.13386465568841,-1.9999999999999907,True,False
2022-10-17,87884.88617054382,172776.8102995308,49.13386465568841,0.0,False,False
2022-10-18,87944.33588830117,172776.8102995308,49.09945626624408,0.06764498464728597,False,False
2022-10-19,90071.47238444936,172776.8102995308,47.86830927813814,2.4880116584123257,False,False
2022-10-20,92183.6708301865,172776.8102995308,46.64580815540334,4.891381040536058,False,False
2022-10-21,101420.90049814782,172776.8102995308,41.2994716580763,15.401981975987166,False,False
2022-10-24,102298.47605780969,172776.8102995308,40.79154726814198,16.400533146616112,False,False
2022-10-25,106701.38497849513,172776.8102995308,38.24322558477925,21.410392193530537,False,False
2022-10-26,103934.6812056361,172776.8102995308,39.84454220132206,18.262292567515036,False,False
2022-10-27,100439.15414146073,172776.8102995308,41.867688165248246,14.284899847915721,False,False
2022-10-28,110985.30139170057,172776.8102995308,35.76377454862531,26.284855369021653,False,False
2022-10-31,105689.92539692498,172776.8102995308,38.828639553133364,20.259500810901486,False,False
2022-11-01,107638.52659587073,172776.8102995308,37.70082547000057,22.476720726467402,False,False
2022-11-02,99516.92730650483,172776.8102995308,42.401455881735835,13.235542131087952,False,False
2022-11-03,96289.07521418094,172776.8102995308,44.269676557142446,9.562723933360374,False,False
2022-11-04,108932.5991997034,172776.8102995308,36.951840347755734,23.949183922609542,False,False
2022-11-07,114555.23949203565,172776.8102995308,33.69756086280363,30.34691684044175,False,False
2022-11-08,120817.54013304389,172776.8102995308,30.073057881094595,37.472488612652995,False,False
2022-11-09,112755.43709741792,172776.8102995308,34.73925296922551,28.2990079529851,False,False
2022-11-10,142237.1221990715,172776.8102995308,17.675802700324663,61.84480449010903,False,False
2022-11-11,152664.32347781412,172776.8102995308,11.640732796750386,73.70941709085615,False,False
2022-11-14,149555.5104289527,172776.8102995308,13.440055890788235,70.17204771561607,False,False
2022-11-15,159804.2229464755,172776.8102995308,7.5082919580270415,81.83356650922843,False,False
2022-11-16,147725.92500547803,172776.8102995308,14.498985859632347,68.09025014700536,False,False
2022-11-17,150165.36448078047,172776.8102995308,13.08708372353355,70.8659714133089,False,False
2022-11-18,150760.39682215368,172776.8102995308,12.742690086249908,71.5430301970212,False,False
2022-11-21,145048.4772472246,172776.8102995308,16.048642757228574,65.04371066232339,False,False
2022-11-22,154374.91639380896,172776.8102995308,10.65067347511497,75.65581878804375,False,False
2022-11-23,157245.7444277106,172776.8102995308,8.98909167549459,78.92239642043744,False,False
2022-11-25,153333.72031936442,172776.8102995308,11.2532983717313,74.47109167532489,False,False
2022-11-28,145569.07528444682,172776.8102995308,15.747330308920434,65.63607421868277,False,False
2022-11-29,144691.49972478495,172776.8102995308,16.255254698854753,64.63752304805384,False,False
2022-11-30,162972.50898108556,172776.8102995308,5.674547007464848,85.43860734464795,False,False
2022-12-01,161886.66163134703,172776.8102995308,6.303015230634424,84.2030736857303,False,False
2022-12-02,157245.7444277106,172776.8102995308,8.98909167549459,78.92239642043744,False,False
2022-12-05,153274.22406562447,172776.8102995308,11.287733695335673,74.40339373961326,False,False
2022-12-06,146059.96009678603,172776.8102995308,15.463215321794443,66.19462852048459,False,False
2022-12-07,145985.57232861762,172776.8102995308,15.506269576609919,66.10998624419597,False,False
2022-12-08,154181.55938615196,172776.8102995308,10.762584910059159,75.43580711586408,False,False
2022-12-09,151533.8248527815,172776.8102995308,12.295044346473274,72.42307688573959,False,False
2022-12-12,157364.7602031817,172776.8102995308,8.920207561205885,79.05781876739269,False,False
2022-12-13,162913.01272734557,172776.8102995308,5.708982331069238,85.3709094089363,False,False
2022-12-14,157082.14718091924,172776.8102995308,9.08377871509657,78.73624695387969,False,False
2022-12-15,144408.8634345312,172776.8102995308,16.418839319825455,64.31592475900867,False,False
2022-12-16,141924.79595192597,172776.8102995308,17.85657131539753,61.4894234220384,False,False
2022-12-19,138165.31679450627,172776.8102995308,20.03248783504051,57.21169226571159,False,False
2022-12-20,136630.83930461927,172776.8102995308,20.92061482802458,55.465683871379376,False,False
2022-12-21,143611.21342496583,172776.8102995308,16.88050428990017,63.40831704132044,False,False
2022-12-22,130372.6105620876,172776.8102995308,24.54276107073054,48.34474531729474,False,False
2022-12-23,130342.50178135253,172776.8102995308,24.56018747227301,48.310485978690544,False,False
2022-12-27,124866.54290614056,172776.8102995308,27.72957048479575,42.07965481554188,False,False
2022-12-28,121045.40357179052,172776.8102995308,29.941174766484714,37.73176349901337,False,False
2022-12-29,130733.68325099495,172776.8102995308,24.333778923021377,48.75559262522282,False,False
2022-12-30,129530.16966928035,172776.8102995308,25.030350169838673,47.38617220021466,False,False
2023-01-03,127183.31353133859,172776.8102995308,26.388666794548428,44.71579707634228,False,False
2023-01-04,134885.7632255261,172776.8102995308,21.930632362245657,53.48004543554325,False,False
2023-01-05,129319.54781208292,172776.8102995308,25.152254178155697,47.146515683178606,False,False
2023-01-06,142663.41506757733,172776.8102995308,17.429072327326818,62.329862714658105,False,False
2023-01-09,149598.64928481262,172776.8102995308,13.415087924436072,70.22113335222508,False,False
2023-01-10,153825.95467519868,172776.8102995308,10.968402293964322,75.03118155799146,False,False
2023-01-11,157692.23391265998,172776.8102995308,8.730671877041695,79.43043540689405,False,False
2023-01-12,162686.77804798965,172776.8102995308,5.839922750077853,85.11348780982664,False,False
2023-01-13,163905.3227520805,172776.8102995308,5.134651769569324,86.50001142860478,False,False
2023-01-17,165921.23824984115,172776.8102995308,3.967877423946326,88.79382505868523,False,False
2023-01-18,163785.02723708813,172776.8102995308,5.204276573259027,86.36313292738109,False,False
2023-01-19,155480.79748405196,172776.8102995308,10.010610096050494,76.91414788014383,False,False
2023-01-20,166252.20215801353,172776.8102995308,3.7763216777795696,89.17041302800925,False,False
2023-01-23,182379.20038822078,182379.20038822078,0.0,107.5205514112032,False,False
2023-01-24,179836.80005144037,182379.20038822078,1.394018797850051,104.62767591512892,False,False
2023-01-25,180197.82620436524,182379.20038822078,1.1960652197247108,105.03847027199282,False,False
2023-01-26,186576.42026586318,186576.42026586318,0.0,112.29636675389764,False,False
2023-01-27,184199.50188316897,186576.42026586318,1.2739650483738585,109.59178524248543,False,False
2023-01-30,175579.38588031926,186576.42026586318,5.894118007984953,99.78336837075838,False,False
2023-01-31,180919.9483141888,186576.42026586318,3.0317185545816323,105.86013841231706,False,False
2023-02-01,197738.95987348453,197738.95987348453,0.0,124.99768559723101,False,False
2023-02-02,205727.2335727333,205727.2335727333,0.0,134.08715939338208,False,False
2023-02-03,198716.79720763428,205727.2335727333,3.4076365308341767,126.11031983590112,False,False
2023-02-06,192488.65397784626,205727.2335727333,6.435015610223835,119.02361414488838,False,False
2023-02-07,203545.9059248602,205727.2335727333,1.0603008702306262,131.6051312052359,False,False
2023-02-08,196114.24911335766,205727.2335727333,4.672684453308922,123.14900508921505,False,False
2023-02-09,197588.5323097659,205727.2335727333,3.956064115395798,124.82652128187111,False,False
2023-02-10,191315.2259088754,205727.2335727333,7.005396132332006,117.68842658295222,False,False
2023-02-13,196836.32468719862,205727.2335727333,4.3216975852598365,123.97062027847494,False,False
2023-02-14,204854.70716718226,205727.2335727333,0.4241180860688331,133.09435341322998,False,False
2023-02-15,204839.67604480608,205727.2335727333,0.4314244218004452,133.07725021946007,False,False
2023-02-16,194504.52293962432,205727.2335727333,5.455140983627367,121.31737482390457,False,False
2023-02-17,189449.83104679856,205727.2335727333,7.912128230791568,115.56588317036022,False,False
2023-02-21,178347.4391966734,205727.2335727333,13.308784598214112,102.9330035776387,False,False
2023-02-22,176617.41750794766,205727.2335727333,14.149714434620094,100.96449481110454,False,False
2023-02-23,189103.78948026733,205727.2335727333,8.08033229426034,115.17213905620194,False,False
2023-02-24,182589.84551340953,205727.2335727333,11.24663354360604,107.7602344037714,False,False
2023-02-27,184199.50188316897,205727.2335727333,10.464210943639294,109.59178524248543,False,False
2023-02-28,184380.03822762263,205727.2335727333,10.376455744039124,109.79720889644943,False,False
2023-03-01,184620.72232957254,205727.2335727333,10.25946389139516,110.07107180102538,False,False
2023-03-02,187809.99609233026,205727.2335727333,8.709220052807709,113.69999356644568,False,False
2023-03-03,192744.3924701637,205727.2335727333,6.310706111731003,119.31460671876638,False,False
2023-03-06,189464.8389011835,205727.2335727333,7.904833205177156,115.58295988859801,False,False
2023-03-07,185387.96107451606,205727.2335727333,9.886524085799483,110.94407599819154,False,False
2023-03-08,194835.51011578803,205727.2335727333,5.294254566007463,121.69398926876079,False,False
2023-03-09,187734.81721245783,205727.2335727333,8.745763041583112,113.6144511220639,False,False
2023-03-10,181852.64574522717,205727.2335727333,11.60497198785568,106.92141011861298,False,False
2023-03-13,181611.96164327732,205727.2335727333,11.721963840499614,106.64754721403713,False,False
2023-03-14,192308.14090138386,205727.2335727333,6.522759499706791,118.81821696645645,False,False
2023-03-15,188171.06878123764,205727.2335727333,8.533709653607337,114.11084087437385,False,False
2023-03-16,202733.5272768055,205727.2335727333,1.4551823032556406,130.68076447569575,False,False
2023-03-17,200807.93812124987,205727.2335727333,2.391173674993422,128.48972886142764,False,False
2023-03-20,204598.94540687365,205727.2335727333,0.5484388946788358,132.8033343638199,False,False
2023-03-21,205802.4822565795,205802.4822565795,0.0,134.1727812643602,False,False
2023-03-22,203350.31519003902,205802.4822565795,1.1915148153962978,131.38257788196975,False,False
2023-03-23,213429.70653491205,213429.70653491205,0.0,142.85143422811512,False,False
2023-03-24,207276.76545298775,213429.70653491205,2.882888788922094,135.8502974570163,False,False
2023-03-27,202808.72942466917,213429.70653491205,4.976334964179665,130.76633339560965,False,False
2023-03-28,200176.07254965755,213429.70653491205,6.209835641172344,127.7707593103194,False,False
2023-03-29,211880.1513866663,213429.70653491205,0.7260259939458317,141.08826968894874,False,False
2023-03-30,217431.3124097419,217431.3124097419,0.0,147.40466977201123,False,False
2023-03-31,220169.35001732613,220169.35001732613,0.0,150.52015154241593,False,False
2023-04-03,217912.82022158944,220169.35001732613,1.0249064166102633,147.952554434356,False,False
2023-04-04,211865.14353228128,220169.35001732613,3.771735931632335,141.07119297071085,False,False
2023-04-05,205080.38341474725,220169.35001732613,6.853345663868043,133.3511395995681,False,False
2023-04-06,203937.01759052888,220169.35001732613,7.372657649904428,132.05015842517187,False,False
2023-04-10,209683.79261641702,220169.35001732613,4.762496414729821,138.58913830703267,False,False
2023-04-11,207637.8381418952,220169.35001732613,5.691760399185798,136.26114476494448,False,False
2023-04-12,200822.9692436261,220169.35001732613,8.787045413985899,128.50683205519755,False,False
2023-04-13,203861.83871065642,220169.35001732613,7.406803583417218,131.96461598079003,False,False
2023-04-14,203455.62611863774,220169.35001732613,7.5913036475663445,131.50240614048778,False,False
2023-04-17,203184.8332359529,220169.35001732613,7.714296644849364,131.19428389730783,False,False
2023-04-18,204884.79267992603,220169.35001732613,6.942182159413781,133.128586276302,False,False
2023-04-19,201274.2984707647,220169.35001732613,8.582053562439313,129.0203779523417,False,False
2023-04-20,201695.49564917706,220169.35001732613,8.390747561681623,129.49963803534956,False,False
2023-04-21,197829.21641171578,220169.35001732613,10.146795457157094,125.100384186447,False,False
2023-04-24,195828.40184030522,220169.35001732613,11.055557085991039,122.82375317673288,False,False
2023-04-25,184049.05105145898,220169.35001732613,16.405689058456442,109.42059445159332,False,False
2023-04-26,186561.38914348691,220169.35001732613,15.264595581171697,112.2792635601277,False,False
2023-04-27,190066.5956920408,220169.35001732613,13.67254539422331,116.26767010110211,False,False
2023-04-28,196189.45126122134,220169.35001732613,10.891569945688488,123.23457400912892,False,False
2023-05-01,199032.75326142175,220169.35001732613,9.600154042440986,126.46983108698744,False,False
2023-05-02,195783.28520518527,220169.35001732613,11.076048873388512,122.772417119891,False,False
2023-05-03,191947.06821247644,220169.35001732613,12.818442622748691,118.4073696585283,False,False
2023-05-04,190713.49238600937,220169.35001732613,13.378727615355517,117.00374284598026,False,False
2023-05-05,198461.0819833082,220169.35001732613,9.859804751346912,125.81935373755533,False,False
2023-05-08,200537.12197057373,220169.35001732613,8.916876052551114,128.1815801427155,False,False
2023-05-09,194730.19918718934,220169.35001732613,11.554356148180872,121.57416101024276,False,False
2023-05-10,197738.95987348453,220169.35001732613,10.187789600176611,124.99768559723101,False,False
2023-05-11,194429.34405975195,220169.35001732613,11.691003291579221,121.23183237952287,False,False
2023-05-12,194008.12361334835,220169.35001732613,11.882319860561443,120.75254582098283,False,False
2023-05-15,203696.33348857894,220169.35001732613,7.4819753646231195,131.77629552059588,False,False
2023-05-16,203606.07695034772,220169.35001732613,7.5229695076426255,131.6735969313799,False,False
2023-05-17,213865.95810369187,220169.35001732613,2.862974302798376,143.34782398042503,False,False
2023-05-18,227525.75814498245,227525.75814498245,0.0,158.89065578745866,False,False
2023-05-19,225299.3371299808,227525.75814498245,0.9785358076174188,156.35731801800281,False,False
2023-05-22,224968.3732218084,227525.75814498245,1.1239979789648458,155.9807300486788,False,False
2023-05-23,219191.48941518518,227525.75814498245,3.6630000918342467,149.40749082821375,False,False
2023-05-24,213384.5898997921,227525.75814498245,6.215194429186082,142.8000981712732,False,False
2023-05-25,246842.09994192127,246842.09994192127,0.0,180.86979536266932,False,False
2023-05-26,267602.5928865421,267602.5928865421,0.0,204.49216531639985,False,False
2023-05-30,269738.87370326894,269738.87370326894,0.0,206.92293687430038,False,False
2023-05-31,258486.00775344248,269738.87370326894,4.171762784998271,194.11884001515455,False,False
2023-06-01,265015.0526466504,269738.87370326894,1.7512570553012146,201.5479272879515,False,False
2023-06-02,263931.92765189335,269738.87370326894,2.1528028094918294,200.31549126629562,False,False
2023-06-05,258425.836727955,269738.87370326894,4.194069923995845,194.0503742890106,False,False
2023-06-06,261494.83824371162,269738.87370326894,3.056302321713671,197.54244402873934,False,False
2023-06-07,258997.57781004245,269738.87370326894,3.982108972933075,194.70093106503913,False,False
2023-06-08,264022.16092213325,269738.87370326894,2.119350727112646,200.4181633799794,False,False
2023-06-09,266038.0531519026,269738.87370326894,1.3720011878738196,202.71195053452774,False,False
2023-06-12,279096.09640233585,279096.09640233585,0.0,217.57007212905725,False,False
2023-06-13,285384.4571935939,285384.4571935939,0.0,224.72529649727826,False,False
2023-06-14,292394.91682668414,292394.91682668414,0.0,232.70216253029125,False,False
2023-06-15,289025.06018349016,292394.91682668414,1.152501787570901,228.86776415984258,False,False
2023-06-16,285715.46763774886,292394.91682668414,2.284393060394581,225.10193741766656,False,False
2023-06-20,284090.6638056568,292394.91682668414,2.840081185799027,223.25315100752192,False,False
2023-06-21,273559.9897696277,292394.91682668414,6.441605504455736,211.27080171529676,False,False
2023-06-22,275786.4573206119,292394.91682668414,5.680146456142674,213.80419243581684,False,False
2023-06-23,268114.1164071595,292394.91682668414,8.30411167302098,205.07420341522013,False,False
2023-06-26,266068.1619326376,292394.91682668414,9.00383466982485,202.74620987313185,False,False
2023-06-27,280089.03466283565,292394.91682668414,4.208651195924434,218.6998889880937,False,False
2023-06-28,275966.97039707436,292394.91682668414,5.618410404633464,214.00958961424882,False,False
2023-06-29,275305.0425807296,292394.91682668414,5.844791842289281,213.25641367560078,False,False
2023-06-30,282315.5022138199,292394.91682668414,3.4471921476113727,221.23327970861385,False,False
2023-07-03,286377.34891811106,292394.91682668414,2.058027538194164,225.85506040525036,False,False
2023-07-05,277651.89871867135,292394.91682668414,5.042159510848014,215.92678879947314,False,False
2023-07-06,272266.19638169056,292394.91682668414,6.884086995576874,209.7986562255404,False,False
2023-07-07,272687.48663206806,292394.91682668414,6.740004377811254,210.2780222106769,False,False
2023-07-10,279035.97191283095,292394.91682668414,4.5688020362445805,217.50165935397754,False,False
2023-07-11,279517.3401167308,292394.91682668414,4.4041725655533535,218.04938516312941,False,False
2023-07-12,289085.23120897764,292394.91682668414,1.1319231037344974,228.9362298859866,False,False
2023-07-13,300247.81735258165,300247.81735258165,0.0,241.63760168038434,False,False
2023-07-14,296306.2661632828,300247.81735258165,1.3127659758040093,237.1526994849714,False,False
2023-07-17,305091.88738821005,305091.88738821005,0.0,247.1494368168927,False,False
2023-07-18,306415.69648491696,306415.69648491696,0.0,248.65573574312444,False,False
2023-07-19,301361.0045920912,306415.69648491696,1.6496191124708188,242.90424408958012,False,False
2023-07-20,284481.79873931664,306415.69648491696,7.158216108775614,223.69820470298998,False,False
2023-07-21,286948.9503922508,306415.69648491696,6.353051203310144,226.505458328086,False,False
2023-07-24,287340.1318618932,306415.69648491696,6.225387550915725,226.95056497461832,False,False
2023-07-25,294771.7886733958,306415.69648491696,3.8000363379211892,235.4066910906392,False,False
2023-07-26,289626.77043836494,306415.69648491696,5.479133816951326,229.55242142128242,False,False
2023-07-27,297991.24102086236,306415.69648491696,2.749355062647479,239.06995162126003,False,False
2023-07-28,307137.8883987144,307137.8883987144,0.0,249.47748331004513,False,False
2023-07-31,307498.91455163923,307498.91455163923,0.0,249.88827766690895,False,False
2023-08-01,307228.1216689544,307498.91455163923,0.08806303693126565,249.580155423729,False,False
2023-08-02,289506.42838739,307498.91455163923,5.851235667118986,229.41548996899445,False,False
2023-08-03,288152.55704593053,307498.91455163923,6.291520584362846,227.8749846552228,False,False
2023-08-04,288333.07012239296,307498.91455163923,6.232816937644079,228.0803818336547,False,False
2023-08-07,293327.59098973125,307498.91455163923,4.608576775814324,233.76340776105505,False,False
2023-08-08,285595.03251480876,307498.91455163923,7.123238814929894,224.96490006325,False,False
2023-08-09,276448.43167293933,307498.91455163923,10.097753653528912,214.55742132552928,False,False
2023-08-10,275455.49341243954,307498.91455163923,10.420661544747842,213.42760446649285,False,False
2023-08-11,264142.5495090907,307498.91455163923,14.099680678797174,200.55514778333162,False,False
2023-08-14,277531.5101317138,307498.91455163923,9.745531773216355,215.78980439612087,False,False
2023-08-15,272085.6833052281,307498.91455163923,11.51653861869618,209.5932590471085,False,False
2023-08-16,265015.0526466504,307498.91455163923,13.815938819470002,201.5479272879515,False,False
2023-08-17,262036.3309371163,307498.91455163923,14.784632225714173,198.15858261297086,False,False
2023-08-18,263901.86540714087,307498.91455163923,14.17795220775551,200.2812848787557,False,False
2023-08-21,278674.89922392357,307498.91455163923,9.37369660954532,217.09081204604942,False,False
2023-08-22,274131.63777975,307498.91455163923,10.851185221431333,211.92125258919668,False,False
2023-08-23,283880.0884844419,307498.91455163923,7.680946159317557,223.01354744155017,False,False
2023-08-24,271995.49657097086,307498.91455163923,11.5458677414961,209.49063988448904,False,False
2023-08-25,272807.7821470604,307498.91455163923,11.281708898114847,210.4149007119005,False,False
2023-08-28,278343.9353157511,307498.91455163923,9.481327528716212,216.7142240767253,False,False
2023-08-29,289987.88966325496,307498.91455163923,5.694662341789695,229.96332168027496,False,False
2023-08-30,292364.80804594915,307498.91455163923,4.9216780253539945,232.66790319168712,False,False
2023-08-31,294260.311688761,307498.91455163923,4.305251900541275,234.8247059428832,False,False
2023-09-01,294230.2494440086,307498.91455163923,4.315028274807914,234.79049955534342,False,False
2023-09-05,295343.4832195007,307498.91455163923,3.952999752816117,236.05719491560347,False,False
2023-09-06,289867.45454031485,307498.91455163923,5.733828373681454,229.8262843258584,False,False
2023-09-07,279547.4023614832,307498.91455163923,9.089954750218167,218.08359155066924,False,False
2023-09-08,276689.11577488924,307498.91455163923,10.019482124570558,214.8312842301052,False,False
2023-09-11,277020.0796830616,307498.91455163923,9.911851205399703,215.20787219942918,False,False
2023-09-12,273620.16079511517,307498.91455163923,11.017519787320973,211.3392674414407,False,False
2023-09-13,277260.81032099406,307498.91455163923,9.833564542735058,215.48178805506942,False,False
2023-09-14,279727.9619739282,307498.91455163923,9.03123596979311,218.2890416801655,False,False
2023-09-15,265947.7733456801,307498.91455163923,13.512613944196975,202.6092254697796,False,False
2023-09-18,267422.1263460622,307498.91455163923,13.033147861355063,204.28682108903214,False,False
2023-09-19,263600.9637437209,307498.91455163923,14.275806752659745,199.9389032969715,False,False
2023-09-20,256379.92878941578,307498.91455163923,16.62411909217939,191.72243369798673,False,False
2023-09-21,247744.71186021596,307498.91455163923,19.432329632301375,181.8968342058933,False,False
2023-09-22,251355.25260535983,307498.91455163923,18.2581658956884,186.00509548091787,False,False
2023-09-25,254364.0365596464,307498.91455163923,17.279696115177583,189.42864654343836,False,False
2023-09-26,247564.19878375356,307498.91455163923,19.49103327902013,181.69143702746138,False,False
2023-09-27,251445.53241158233,307498.91455163923,18.22880650547587,186.10782054566596,False,False
2023-09-28,258365.66570246752,307498.91455163923,15.978348710860447,193.98190856286658,False,False
2023-09-29,260441.72895772438,307498.91455163923,15.303203805622667,196.34416144355896,False,False
2023-10-02,264202.6739985956,307498.91455163923,14.080127930263878,200.62356055841127,False,False
2023-10-03,254424.20758513384,307498.91455163923,17.260128232938,189.4971122695823,False,False
2023-10-04,261133.7655548042,307498.91455163923,15.078150459307974,197.1315967208112,False,False
2023-10-05,261133.7655548042,307498.91455163923,15.078150459307974,197.1315967208112,False,False
2023-10-06,270581.31459607615,307498.91455163923,12.00576594209844,207.8815099913804,False,False
2023-10-09,269437.9255038664,307498.91455163923,12.377601105769475,206.58050234145188,False,False
2023-10-10,274944.0164278047,307498.91455163923,10.58699611063748,212.84561931873688,False,False
2023-10-11,279818.2417801507,307498.91455163923,9.001876579580593,218.39176674491355,False,False
2023-10-12,282134.9426013748,307498.91455163923,8.248475279090771,221.02782957911748,False,False
2023-10-13,270671.5944022987,307498.91455163923,11.976406551885901,207.98423505612854,False,False
2023-10-16,275816.51956536435,307498.91455163923,10.303254251310328,213.83839882335667,False,False
2023-10-17,270491.0347898537,307498.91455163923,12.035125332310958,207.77878492663228,False,False
2023-10-18,261555.0092691991,307498.91455163923,14.94116014992457,197.61090975488332,False,False
2023-10-19,258576.28755966498,307498.91455163923,15.909853556168741,194.22156507990272,False,False
2023-10-20,251776.49631975472,307498.91455163923,18.121175586304997,186.48440851499,False,False
2023-10-23,253280.8650289067,307498.91455163923,17.63194826290274,188.1961575707181,False,False
2023-10-24,258305.54121296265,307498.91455163923,15.997901459393734,193.91349578778696,False,False
2023-10-25,241486.45984969297,307498.91455163923,21.467540722281342,174.77586917627644,False,False
2023-10-26,237815.7946150442,307498.91455163923,22.661257207427614,170.59919512617222,False,False
2023-10-27,240373.22607420082,307498.91455163923,21.829569244273152,173.50917381601639,False,False
2023-10-30,239320.2098601788,307498.91455163923,22.172014750319057,172.31099713296462,False,False
2023-10-31,242298.83849774773,307498.91455163923,21.20335161148748,175.7002359058166,False,False
2023-11-01,252709.263554767,307498.91455163923,17.817835577325667,187.54575964788245,False,False
2023-11-02,263811.53906493576,307498.91455163923,14.207326731674339,200.17850686294327,False,False
2023-11-03,274071.42021827993,307498.91455163923,10.870768237377213,211.85273391198845,False,False
2023-11-06,275395.3223869521,307498.91455163923,10.440229426987411,213.35913874034893,False,False
2023-11-07,278223.54672879365,307498.91455163923,9.52047842690166,216.57723967337313,False,False
2023-11-08,279848.3040249031,307498.91455163923,8.992100205313951,218.42597313245338,False,False
2023-11-09,279035.97191283095,307498.91455163923,9.256274182401516,217.50165935397754,False,False
2023-11-10,297449.60871950997,307498.91455163923,3.268078473311701,238.45365418383565,False,False
2023-11-13,294561.21335218096,307498.91455163923,4.20739735563704,235.16708752466747,False,False
2023-11-14,308913.0499905513,308913.0499905513,0.0,251.49735460895326,False,False
2023-11-15,309274.12267945876,309274.12267945876,0.0,251.90820191688147,False,False
2023-11-16,311079.34651604807,311079.34651604807,0.0,253.9622796033294,False,False
2023-11-17,313365.9850925198,313365.9850925198,0.0,256.5641360499935,False,False
2023-11-20,320376.4447256101,320376.4447256101,0.0,264.54100208300656,False,False
2023-11-21,313065.12996508245,320376.4447256101,2.2821012221386896,256.22180741927366,False,False
2023-11-22,312012.0206790952,320376.4447256101,2.610811182975299,255.0235248340932,False,False
2023-11-24,310928.8956843381,320376.4447256101,2.9488900313390465,253.79108881243732,False,False
2023-11-27,310627.99402091815,320376.4447256101,3.0428113131229417,253.4487072306531,False,False
2023-11-28,307829.8784598117,320376.4447256101,3.916194986352399,250.26486563623305,False,False
2023-11-29,312282.8600977627,320376.4447256101,2.526273314125575,255.33170002833762,False,False
2023-11-30,307077.62430126173,320376.4447256101,4.150998190812145,249.4089116817725,False,False
2023-12-01,309033.39204152627,320376.4447256101,3.540538910030884,251.63428606124123,False,False
2023-12-04,301962.8079189311,320376.4447256101,5.7475002016610555,243.58900725314854,False,False
2023-12-05,301962.8079189311,320376.4447256101,5.7475002016610555,243.58900725314854,False,False
2023-12-06,298111.53653585474,320376.4447256101,6.949608361134155,239.20683012248372,False,False
2023-12-07,308943.15877128637,320376.4447256101,3.5687036742404317,251.53161394755742,False,False
2023-12-08,313095.19220983493,320376.4447256101,2.2727178092045,256.2560138068135,False,False
2023-12-11,324829.47289954376,324829.47289954376,0.0,269.60788942617546,False,False
2023-12-12,330124.84889431944,330124.84889431944,0.0,275.63324398429575,False,False
2023-12-13,336082.19924142247,336082.19924142247,0.0,282.4118274321284,False,False
2023-12-14,345529.7482826945,345529.7482826945,0.0,293.16174070269767,False,False
2023-12-15,347996.94647161115,347996.94647161115,0.0,295.96904727885794,False,False
2023-12-18,348914.1241524562,348914.1241524562,0.0,297.0126598052089,False,False
2023-12-19,350669.74063160573,350669.74063160573,0.0,299.01029165710963,False,False
2023-12-20,336019.5152728752,350669.74063160573,4.177784297083463,282.340502348512,False,False
2023-12-21,348671.9508990635,350669.74063160573,0.5697069068303232,296.7371024665753,False,False
2023-12-22,348732.49421241164,350669.74063160573,0.5524418547505244,296.80599180123363,False,False
2023-12-26,355966.7919217546,355966.7919217546,0.0,305.0375524535449,False,False
2023-12-27,356541.9301305711,356541.9301305711,0.0,305.6919746572676,False,False
2023-12-28,356420.89003985724,356541.9301305711,0.03394834673990688,305.554248939015,False,False
2023-12-29,353545.2920677402,356541.9301305711,0.8404728335131532,302.2822438225302,False,False
2024-01-02,335686.5503174515,356541.9301305711,5.8493484358156955,281.9616374834229,False,False
2024-01-03,326605.7978909454,356541.9301305711,8.396244511455542,271.6290845016912,False,False
2024-01-04,323639.4547527799,356541.9301305711,9.2282204692564,268.25382480981517,False,False
2024-01-05,326938.8093823517,356541.9301305711,8.302844138802499,272.00800231784456,False,False
2024-01-08,344737.00781929225,356541.9301305711,3.310949235888113,292.25971932229345,False,False
2024-01-09,346129.3644183527,356541.9301305711,2.92043230606991,293.8440151662438,False,False
2024-01-10,346613.6643891556,356541.9301305711,2.7845997630011348,294.39507689244675,False,False
2024-01-11,349580.007527321,356541.9301305711,1.9526238052002942,297.7703365843227,False,False
2024-01-12,347733.5993461405,356541.9301305711,2.470489454411397,295.6693972059665,False,False
2024-01-16,356057.58362378564,356541.9301305711,0.13584559510521238,305.14085998000036,False,False
2024-01-17,352849.11376821005,356541.9301305711,1.0357312984222384,301.49009590055516,False,False
2024-01-18,370011.6306829859,370011.6306829859,0.0,321.01850136662273,False,False
2024-01-19,390806.46718275745,390806.46718275745,0.0,344.6799492058092,False,False
2024-01-22,393439.89190148166,393439.89190148166,0.0,347.6763969836602,False,False
2024-01-23,396345.6917262989,396345.6917262989,0.0,350.9827673408778,False,False
2024-01-24,406516.1307211071,406516.1307211071,0.0,362.55522244433223,False,False
2024-01-25,406516.1307211071,406516.1307211071,0.0,362.55522244433223,False,False
2024-01-26,394105.86834831163,406516.1307211071,3.052833930791698,348.4341796649027,False,False
2024-01-29,400795.276237521,406516.1307211071,1.407288432426555,356.04573630528824,False,False
2024-01-30,395074.4217539348,406516.1307211071,2.81457686485311,349.53625016624426,False,False
2024-01-31,386841.22917832073,406516.1307211071,4.839882124206402,340.1680949186658,False,False
2024-02-01,391986.991989073,406516.1307211071,3.574062044293621,346.0232118050514,False,False
2024-02-02,403035.1926874735,406516.1307211071,0.8562853403772436,358.5944298833921,False,False
2024-02-05,414325.56663926656,414325.56663926656,0.0,371.4412053003661,False,False
2024-02-06,407636.1122140746,414325.56663926656,1.614540584461726,363.8295957089162,False,False
2024-02-07,419410.7396006881,419410.7396006881,0.0,377.2273799010291,False,False
2024-02-08,427886.05889371247,427886.05889371247,0.0,386.8710395361769,False,False
2024-02-09,441265.06081606157,441265.06081606157,0.0,402.0943646212054,False,False
2024-02-12,438873.7628147473,441265.06081606157,0.541918727236616,399.3734212309233,False,False
2024-02-13,427492.59716092306,441265.06081606157,3.121131691158178,386.42333828749366,False,False
2024-02-14,439600.2360389428,441265.06081606157,0.3772845223775187,400.2000402957598,False,False
2024-02-15,437541.949529035,441265.06081606157,0.8437357991002383,397.8580147216314,False,False
2024-02-16,434908.47827432805,441265.06081606157,1.4405361099693352,394.8615139927158,False,False
2024-02-20,422891.67763432185,441265.06081606157,4.163797411868632,381.1881724619694,False,False
2024-02-21,419047.52625658165,441265.06081606157,5.034963456746726,376.814096844143,False,False
2024-02-22,459668.5993145186,459668.5993145186,0.0,423.0348690701095,False,False
2024-02-23,455703.36131008214,459668.5993145186,0.8626297315826336,418.52301478296647,False,False
2024-02-26,460939.9158228653,460939.9158228653,0.0,424.4814391958074,False,False
2024-02-27,459093.50764168485,460939.9158228653,0.4005745907000242,422.3804998174512,False,False
2024-02-28,452040.8398723863,460939.9158228653,1.9306368671917853,414.3556071691151,False,False
2024-02-29,465782.9620668767,465782.9620668767,0.0,429.992109408901,False,False
2024-03-01,491784.058154766,491784.058154766,0.0,459.5775105180669,False,False
2024-03-04,502529.5888224081,502529.5888224081,0.0,471.8043348741798,False,False
2024-03-05,492147.31803485507,502529.5888224081,2.0660018869500036,459.9908465260174,False,False
2024-03-06,509370.42479896185,509370.42479896185,0.0,479.58819427780793,False,False
2024-03-07,533040.8127348677,533040.8127348677,0.0,506.52159428241464,False,False
2024-03-08,505253.851779146,533040.8127348677,5.2129143382390115,474.9041431295508,False,False
2024-03-11,493115.9179764609,533040.8127348677,7.490025867543706,461.0929699784233,False,False
2024-03-12,514273.9678203388,533040.8127348677,3.5207144492824125,485.1677008744956,False,False
2024-03-13,500622.68386386195,533040.8127348677,6.0817348496596955,469.6345591122294,False,False
2024-03-14,488515.0449858422,533040.8127348677,8.35316296337189,455.8578571039632,False,False
2024-03-15,483611.4554284826,533040.8127348677,9.273090563699673,450.27829755621116,False,False
2024-03-18,484943.2687141949,533040.8127348677,9.023238534756683,451.7937040655032,False,False
2024-03-19,483490.36880178633,533040.8127348677,9.2958067654995,450.1405188868945,False,False
2024-03-20,494054.2229934011,533040.8127348677,7.313997129307684,462.1606222879676,False,False
2024-03-21,509249.33817226544,533040.8127348677,4.463349521124946,479.4504156084911,False,False
2024-03-22,513275.11949005025,533040.8127348677,3.70810128841838,484.03115923029264,False,False
2024-03-25,511580.0463242488,533040.8127348677,4.026101922760913,482.10241671305016,False,False
2024-03-26,505193.2619298153,533040.8127348677,5.22428116942401,474.8352008438281,False,False
2024-03-27,504951.0886764226,533040.8127348677,5.269713573023684,474.5596435051946,False,False
2024-03-28,505253.851779146,533040.8127348677,5.2129143382390115,474.9041431295508,False,False
2024-04-01,514183.17611830786,533040.8127348677,3.5377472354897384,485.0643933480402,False,False
2024-04-02,505314.34855651157,533040.8127348677,5.201564967624185,474.9729795131448,False,False
2024-04-03,508038.56497726694,533040.8127348677,4.690494078553185,478.07273481745153,False,False
2024-04-04,489816.6098828716,533040.8127348677,8.108985619736327,457.33884542145813,False,False
2024-04-05,498140.59416051686,533040.8127348677,6.547382065416076,466.81030819549215,False,False
2024-04-08,499411.86413288093,533040.8127348677,6.30888813737301,468.25682537012574,False,False
2024-04-09,502559.8837470735,533040.8127348677,5.718310542002587,471.8388060170412,False,False
2024-04-10,496657.3527874603,533040.8127348677,6.825642442036488,465.12259892295776,False,False
2024-04-11,512276.2246237792,533040.8127348677,3.8954968578394236,482.89456463502563,False,False
2024-04-12,492207.81481222075,533040.8127348677,7.660388650757423,460.0596829096116,False,False
2024-04-15,482158.5089800914,533040.8127348677,9.545667524727586,448.6250594265382,False,False
2024-04-16,487606.9418216022,533040.8127348677,8.523525746585586,454.8245700351516,False,False
2024-04-17,467145.0237412719,533040.8127348677,12.36224083021051,431.5419341099902,False,False
2024-04-18,455733.6562347475,533040.8127348677,14.503046418431087,418.5574859258278,False,False
2024-04-19,427220.22205483017,533040.8127348677,19.852249237184065,386.1134157081273,False,False
2024-04-22,438752.676188051,533040.8127348677,17.68872744716364,399.2356425616067,False,False
2024-04-23,453221.31814271945,533040.8127348677,14.974368319494912,415.6988168172933,False,False
2024-04-24,453947.74483093235,533040.8127348677,14.838088569266064,416.5253829310654,False,False
2024-04-25,466539.6836797551,533040.8127348677,12.475804378639575,430.8531466655346,False,False
2024-04-26,483006.02229500085,533040.8127348677,9.386671572698868,449.5894042096272,False,False
2024-04-29,485245.9852809359,533040.8127348677,8.966448030257066,452.1381507387953,False,False
2024-04-30,472260.53816334135,533040.8127348677,11.402555511590478,437.36263280457865,False,False
2024-05-01,453372.6531580986,533040.8127348677,14.94597743238766,415.87101367840705,False,False
2024-05-02,466025.1353202695,533040.8127348677,12.572335140861249,430.2676667475347,False,False
2024-05-03,483278.490473059,533040.8127348677,9.335555753506673,449.89943269112223,False,False
2024-05-06,498231.3858625479,533040.8127348677,6.530349279208727,466.9136157219476,False,False
2024-05-07,492359.1963635825,533040.8127348677,7.631989033365076,460.2319327217897,False,False
2024-05-08,494387.18794882495,533040.8127348677,7.25153193950064,462.5394871530569,False,False
2024-05-09,490088.9849889646,533040.8127348677,8.057887261114303,457.64876800082453,False,False
2024-05-10,500138.3838930591,533040.8127348677,6.172590926573967,469.0834973860265,False,False
2024-05-13,500017.2507303802,533040.8127348677,6.195315858658891,468.94566576564546,False,False
2024-05-14,511580.0463242488,533040.8127348677,4.026101922760913,482.10241671305016,False,False
2024-05-15,532223.5478086411,533040.8127348677,0.15332126672129343,505.59166769112267,False,False
2024-05-16,527077.7849978887,533040.8127348677,1.1186812706487712,499.7365508047369,False,False
2024-05-17,521175.3471102406,533040.8127348677,2.225995710112522,493.02044961278193,False,False
2024-05-20,535553.1508268957,535553.1508268957,0.0,509.38026339094915,False,False
2024-05-21,534554.2559606245,535553.1508268957,0.1865164764186114,508.2436687956819,False,False
2024-05-22,540365.9021462416,540365.9021462416,0.0,514.8564624611812,False,False
2024-05-23,550142.8328722779,550142.8328722779,0.0,525.9811633648882,False,False
2024-05-24,563582.2850360101,563582.2850360101,0.0,541.2732718824465,False,False
2024-05-28,580442.1319200277,580442.1319200277,0.0,560.4572836262865,False,False
2024-05-29,567789.6497578569,580442.1319200277,2.1798007874304424,546.060630557159,False,False
2024-05-30,557558.7605216656,580442.1319200277,3.9424035816743452,534.4193920211748,False,False
2024-05-31,552140.5760688377,580442.1319200277,4.875861743111601,528.2542996043584,False,False
2024-06-03,561221.2819593613,580442.1319200277,3.31141536833074,538.586799635026,False,False
2024-06-04,558557.6553879366,580442.1319200277,3.7703115140350016,535.5559866164418,False,False
2024-06-05,594305.3872771969,594305.3872771969,0.0,576.2316174864534,False,False
2024-06-06,588251.6143741696,594305.3872771969,1.0186299893330153,569.3433194333846,False,False
2024-06-07,587646.1812406878,594305.3872771969,1.1205023846440445,568.6544260868006,False,False
2024-06-10,598694.3819390882,598694.3819390882,0.0,581.2256441651411,False,False
2024-06-11,597544.1985934206,598694.3819390882,0.19211527289472535,579.9169056598246,False,False
2024-06-12,620578.9050071618,620578.9050071618,0.0,606.1269941260501,False,False
2024-06-13,633049.8037652706,633049.8037652706,0.0,620.3170321422667,False,False
2024-06-14,635108.0902751785,635108.0902751785,0.0,622.6590577163953,False,False
2024-06-17,649001.5940210307,649001.5940210307,0.0,638.4678097683594,False,False
2024-06-18,661956.7462139598,661956.7462139598,0.0,653.2088565597145,False,False
2024-06-20,638225.8149647057,661956.7462139598,3.5849670518477725,626.2065672204494,False,False
2024-06-21,626027.3378486724,661956.7462139598,5.427757715407305,612.3265047346636,False,False
2024-06-24,598452.2552216782,661956.7462139598,9.593450230017817,580.950139777572,False,False
2024-06-25,616583.4186140423,661956.7462139598,6.854424833560305,601.5807216471098,False,False
2024-06-26,613980.2888199835,661956.7462139598,7.247672550869234,598.6187450121201,False,False
2024-06-27,607775.0878296117,661956.7462139598,8.185075338266175,591.5581441958086,False,False
2024-06-28,613344.6072978188,661956.7462139598,7.34370322444428,597.8954334737389,False,False
2024-07-01,614283.0519227069,661956.7462139598,7.2019349548019616,598.9632446364762,False,False
2024-07-02,622213.4348596149,661956.7462139598,6.003913636601698,607.9868473086341,False,False
2024-07-03,640344.6913239444,661956.7462139598,3.2648741800162693,628.6175350803006,False,False
2024-07-05,640647.2682827376,661956.7462139598,3.2191647042047764,628.9618229003997,False,False
2024-07-08,654238.1019978314,661956.7462139598,1.1660345272217452,644.4261812301361,False,False
2024-07-09,656054.2152543465,661956.7462139598,0.8916792514575321,646.492649465631,False,False
2024-07-10,675607.9836344541,675607.9836344541,0.0,668.7419453709165,False,False
2024-07-11,644582.2578984913,675607.9836344541,4.592267481662796,633.439258995746,False,False
2024-07-12,654964.6217580095,675607.9836344541,3.05552367297274,645.2528532460369,False,False
2024-07-15,653087.9186521636,675607.9836344541,3.333303561799715,643.1174427248193,False,False
2024-07-16,652724.6587720745,675607.9836344541,3.3870714107429616,642.704106716869,False,False
2024-07-17,593730.2956043631,675607.9836344541,12.119111972245715,575.5772482337951,False,False
2024-07-18,597725.7819974825,675607.9836344541,11.527720737993924,580.1235207127354,False,False
2024-07-19,575326.7105699233,675607.9836344541,14.8431154595102,554.6366908338265,False,False
2024-07-22,604324.4447206435,675607.9836344541,10.551020805044164,587.6318227777299,False,False
2024-07-23,595667.4954875746,675607.9836344541,11.83237766327703,577.7814951386068,False,False
2024-07-24,553654.0192945945,675607.9836344541,18.050995147186452,529.9763741176256,False,False
2024-07-25,540275.1104442107,675607.9836344541,20.0312720495421,514.7531549347259,False,False
2024-07-26,551626.027709352,675607.9836344541,18.351167974383213,527.6688196863583,False,False
2024-07-29,546450.0165099169,675607.9836344541,19.117294385677315,521.7792846081757,False,False
2024-07-30,518814.3440335918,675607.9836344541,23.207783714660394,490.3339773653614,False,False
2024-07-31,571845.7725362896,675607.9836344541,15.358345906448944,550.6758982728863,False,False
2024-08-01,523475.7603375587,675607.9836344541,22.517824978694804,495.6379795744799,False,False
2024-08-02,485397.320296315,675607.9836344541,28.15399876047866,452.31034759990905,False,False
2024-08-05,469899.5350866924,675607.9836344541,30.447900784290127,434.676160557158,False,False
2024-08-06,482461.2255468323,675607.9836344541,28.588584322018047,448.9695060998302,False,False
2024-08-07,464330.01561848563,675607.9836344541,31.272272254598306,428.3388712792281,False,False
2024-08-08,505011.6785257533,675607.9836344541,25.250782886100996,474.62858579091727,False,False
2024-08-09,504830.0485857086,675607.9836344541,25.277666810572647,474.4219177869418,False,False
2024-08-12,511216.87951612496,675607.9836344541,24.33232112414985,481.6891866072285,False,False
2024-08-13,539155.1754872256,675607.9836344541,20.197039030411737,513.478834621206,False,False
2024-08-14,539760.5155487425,675607.9836344541,20.107439724870616,514.1676220656617,False,False
2024-08-15,569969.0694304436,675607.9836344541,15.636125795275937,548.5404877516686,False,False
2024-08-16,570998.2592213802,675607.9836344541,15.483790444618876,549.7115534897973,False,False
2024-08-19,585012.7565219635,675607.9836344541,13.409437026651275,565.6579783089495,False,False
2024-08-20,575084.5373165306,675607.9836344541,14.878960692139026,554.3611334951929,False,False
2024-08-21,582863.7248460072,675607.9836344541,13.727525582146955,563.2126981594298,False,False
2024-08-22,558012.8121037856,675607.9836344541,17.40582917597593,534.9360355555805,False,False
2024-08-23,576083.4321828017,675607.9836344541,14.731109439568346,555.4977280904601,False,False
2024-08-26,558466.8171499231,675607.9836344541,17.338629696820114,535.4526261389221,False,False
2024-08-27,565852.4498746452,675607.9836344541,16.24544653385763,543.8563836523472,False,False
2024-08-28,553381.6441885015,675607.9836344541,18.091310701870658,529.6664515382591,False,False
2024-08-29,544361.4350753436,675607.9836344541,19.426435409046768,519.4027878911858,False,False
2024-08-30,561160.7851819956,675607.9836344541,16.93988247989407,538.5179632514318,False,False
2024-09-03,505859.19184066274,675607.9836344541,25.12533834793107,475.5929305740063,False,False
2024-09-04,504224.66198820947,675607.9836344541,25.36727300412922,473.73307739142217,False,False
2024-09-05,503044.1371818938,675607.9836344541,25.542008181171532,472.38981479217983,False,False
2024-09-06,475015.04950876196,675607.9836344541,29.690728793137733,440.4968592517466,False,False
2024-09-09,489725.77164485806,675607.9836344541,27.513323775369987,457.23548494393833,False,False
2024-09-10,496021.76433726074,675607.9836344541,26.581423495190766,464.3993932867051,False,False
2024-09-11,530710.0580469017,675607.9836344541,21.447041642117593,503.8695402267911,False,False
2024-09-12,532223.5478086411,675607.9836344541,21.223022714218377,505.59166769112267,False,False
2024-09-13,541334.5486238301,675607.9836344541,19.874459488814196,515.9586388646516,False,False
2024-09-16,531920.8777778826,675607.9836344541,21.26782236698895,505.2472739688947,False,False
2024-09-17,531678.70452449,675607.9836344541,21.303667599617757,504.97171663026126,False,False
2024-09-18,523627.14188892045,675607.9836344541,22.495418264294035,495.8102293866581,False,False
2024-09-19,553986.9842500183,675607.9836344541,18.001711396329554,530.3552389827147,False,False
2024-09-20,544331.1866866609,675607.9836344541,19.430912619117617,519.3683696993888,False,False
2024-09-23,547509.4081535536,675607.9836344541,18.96048871296491,522.984715587037,False,False
2024-09-24,560979.1087059685,675607.9836344541,16.966773292381184,538.3112422963923,False,False
2024-09-25,567456.6848024331,675607.9836344541,16.007995975745832,545.6817656920699,False,False
2024-09-26,588887.202824369,675607.9836344541,12.835961520698438,570.066525069637,False,False
2024-09-27,574115.9373749248,675607.9836344541,15.022327846623377,553.259010042787,False,False
2024-09-30,567184.30969634,675607.9836344541,16.048311530430055,545.3718431127033,False,False
2024-10-01,547297.5298248263,675607.9836344541,18.991849847507385,522.7436293912648,False,False
2024-10-02,557710.0955370447,675607.9836344541,17.450635716761965,534.5915888822885,False,False
2024-10-03,564460.1398115673,675607.9836344541,16.451529069411457,542.272140759461,False,False
2024-10-04,574358.1106283176,675607.9836344541,14.986482613994534,553.5345673814207,False,False
2024-10-07,575568.883823316,675607.9836344541,14.807270226881375,554.9122481724601,False,False
2024-10-08,588584.5327936108,675607.9836344541,12.880761173468954,569.7221313474096,False,False
2024-10-09,596545.3037271494,675607.9836344541,11.702449027020753,578.7803110645572,False,False
2024-10-10,595031.81396541,675607.9836344541,11.926467954919966,577.0581836002258,False,False
2024-10-11,601206.7665670988,675607.9836344541,11.01248340303968,584.0843662247399,False,False
2024-10-14,615100.2237769683,675607.9836344541,8.956045713371,599.8930653256397,False,False
2024-10-15,572360.3208957752,675607.9836344541,15.282185119135933,551.2613781908863,False,False
2024-10-16,572844.6674025607,675607.9836344541,15.210494653878264,551.8124928681534,False,False
2024-10-17,585739.2762821417,675607.9836344541,13.301901328764782,566.4846503248503,False,False
2024-10-18,585527.3514174316,675607.9836344541,13.333269351322777,566.2435111780136,False,False
2024-10-21,589553.1327352165,675607.9836344541,12.737394018984622,570.8242547998153,False,False
2024-10-22,586072.1947015827,675607.9836344541,13.252624465923398,566.863462238875,False,False
2024-10-23,577960.088752665,675607.9836344541,14.45333643875687,557.6330856606135,False,False
2024-10-24,581138.3567555405,675607.9836344541,13.982905644588644,561.2494844993261,False,False
2024-10-25,589916.3926153056,675607.9836344541,12.683626170041377,571.2375908077657,False,False
2024-10-28,584619.3413251567,675607.9836344541,13.467668309634401,565.2103300113305,False,False
2024-10-29,601902.8983306465,675607.9836344541,10.909445579270518,584.8764611956509,False,False
2024-10-30,583014.966789421,675607.9836344541,13.705139531792687,563.3847891184149,False,False
2024-10-31,555772.8491178507,675607.9836344541,17.737376913746136,532.3872890264126,False,False
2024-11-01,565065.4798730841,675607.9836344541,16.361929763870336,542.9609282039166,False,False
2024-11-04,563612.5799606756,675607.9836344541,16.576980495596835,541.307743025308,False,False
2024-11-05,575841.258929409,675607.9836344541,14.766954672197171,555.2221707518265,False,False
2024-11-06,595516.1604721955,675607.9836344541,11.854777489662299,577.609298277493,False,False
2024-11-07,614313.2072394246,675607.9836344541,9.072535831399202,598.9975569261449,False,False
2024-11-08,609228.034278003,675607.9836344541,9.82521683644975,593.2113823254818,False,False
2024-11-11,591641.7141697898,675607.9836344541,12.42825299561517,573.2007515168052,False,False
2024-11-12,586586.7895970511,675607.9836344541,13.176456790594852,567.4489951079395,False,False
2024-11-13,573783.0189554837,675607.9836344541,15.071604709464776,552.8801981287623,False,False
2024-11-14,575447.750660637,675607.9836344541,14.825199731211281,554.774416552079,False,False
2024-11-15,550536.34114105,675607.9836344541,18.51245774518195,526.4289175646359,False,False
2024-11-18,555349.0924603959,675607.9836344541,17.800099182831108,531.905116634868,False,False
2024-11-19,563340.1117826173,675607.9836344541,16.617309826312045,540.9977145438128,False,False
2024-11-20,558375.9789119095,675607.9836344541,17.35207510306367,535.3492656614023,False,False
2024-11-21,569151.8510401996,675607.9836344541,15.757086235359502,547.610614111441,False,False
2024-11-22,564671.9250683296,675607.9836344541,16.420181710899946,542.5131210531048,False,False
2024-11-25,561766.1717794948,675607.9836344541,16.850276286337483,539.2068036469515,False,False
2024-11-26,554985.8791162894,675607.9836344541,17.853860143758858,531.491833577982,False,False
2024-11-27,545390.5783302975,675607.9836344541,19.274106946405226,520.57380067825,False,False
2024-11-29,557135.0038642108,675607.9836344541,17.53575781223221,533.9372196296301,False,False
2024-12-02,574509.3991077141,675607.9836344541,14.964089675624766,553.7067112914702,False,False
2024-12-03,576174.2238848328,675607.9836344541,14.717670921340254,555.6010356169157,False,False
2024-12-04,588917.4977490344,675607.9836344541,12.831477422612073,570.1009962124986,False,False
2024-12-05,575810.9640047435,675607.9836344541,14.771438770283535,555.1876996089651,False,False
2024-12-06,576749.3155576666,675607.9836344541,14.632548825870028,556.255404869574,False,False
2024-12-09,569061.0128021861,675607.9836344541,15.77053164160306,547.5072536339212,False,False
2024-12-10,550324.4628123225,675607.9836344541,18.543818879724448,526.1878313688635,False,False
2024-12-11,568092.4128605803,675607.9836344541,15.91389879608741,546.4051301815152,False,False
2024-12-12,560888.3635399201,675607.9836344541,16.98020492259376,538.207987721001,False,False
2024-12-13,579412.9886650736,675607.9836344541,14.238285707030352,559.2862708392222,False,False
2024-12-16,590794.1543188979,675607.9836344541,12.553704421800582,572.2363537826519,False,False
2024-12-17,580835.6867247821,675607.9836344541,14.027705297359198,560.9050907770983,False,False
2024-12-18,556711.2472067561,675607.9836344541,17.598480081317167,533.4550472380856,False,False
2024-12-19,547267.2349001609,675607.9836344541,18.996333945593733,522.7091582484034,False,False
2024-12-20,558890.6203433604,675607.9836344541,17.275900539719654,535.9348514815309,False,False
2024-12-23,581939.2410158959,675607.9836344541,13.86436289794332,562.1607723159834,False,False
2024-12-24,588475.9178102482,675607.9836344541,12.896837801631092,569.5985435633258,False,False
2024-12-26,587138.1944547473,675607.9836344541,13.094840695010864,568.0764122688676,False,False
2024-12-27,579446.1688206595,675607.9836344541,14.233374551983403,559.3240249480704,False,False
2024-12-30,568075.3806909528,675607.9836344541,15.916419809758073,546.3857500919803,False,False
2024-12-31,560504.9535793699,675607.9836344541,17.036955282245753,537.7717239022073,False,False
2025-01-02,568470.6107910804,675607.9836344541,15.85791989417071,546.835463481107,False,False
2025-01-03,590026.5432860936,675607.9836344541,12.667322237367957,571.3629259769714,False,False
2025-01-06,615413.2247958614,675607.9836344541,8.909716921160864,600.2492141841427,False,False
2025-01-07,596593.561541094,675607.9836344541,11.69530615495388,578.8352213182395,False,False
2025-01-08,591090.5885279892,675607.9836344541,12.509827763106191,572.573652062263,False,False
2025-01-10,575736.9717924272,675607.9836344541,14.782390714918382,555.1035074167232,False,False
2025-01-13,568014.558161709,675607.9836344541,15.92542244600825,546.316543050936,False,False
2025-01-14,570446.8543636841,675607.9836344541,15.565406540202865,549.0841363288691,False,False
2025-01-15,587989.5237202288,675607.9836344541,12.968831339570478,569.0450990392293,False,False
2025-01-16,591273.0095797378,675607.9836344541,12.482826742371174,572.7812202343313,False,False
2025-01-17,609393.3300881588,675607.9836344541,9.800750605416393,593.3994645058866,False,False
2025-01-21,621980.2895868445,675607.9836344541,7.937693950731271,607.7215624764754,False,False
2025-01-22,636513.1046615032,675607.9836344541,5.78662181619565,624.2577562498361,False,False
2025-01-23,635540.1303375341,675607.9836344541,5.9306364441363915,623.1506553973859,False,False
2025-01-24,619365.6188691035,675607.9836344541,8.324703989256173,604.7464539775383,False,False
2025-01-27,541168.5082379526,675607.9836344541,19.899035928095486,515.7697094672177,False,False
2025-01-28,555275.612143888,675607.9836344541,17.81097535929554,531.8215069043333,False,False
2025-01-29,552478.5203743984,675607.9836344541,18.22498641855546,528.6388302333279,False,False
2025-01-30,569625.9596308155,675607.9836344541,15.686911133510433,548.1500795545614,False,False
2025-01-31,564913.4468179661,675607.9836344541,16.384432910488023,542.7879370768383,False,False
2025-02-03,550198.303763524,675607.9836344541,18.562492289727658,526.0442810335377,False,False
2025-02-04,558376.7700236136,675607.9836344541,17.351958006800267,535.3501658294956,False,False
2025-02-05,575615.3732699222,675607.9836344541,14.800389099403255,554.9651462856988,False,False
2025-02-06,579294.1823015242,675607.9836344541,14.25587081058557,559.1510867720564,False,False
2025-02-07,569109.0844722004,675607.9836344541,15.763416321598154,547.5619520833462,False,False
2025-02-10,583155.365848892,675607.9836344541,13.684358389048388,563.5445424794177,False,False
2025-02-11,583915.4380525168,675607.9836344541,13.571856431990991,564.4093922126812,False,False
2025-02-12,579780.6229275261,675607.9836344541,14.183870384630698,559.7045842472172,False,False
2025-02-13,590148.0952726159,675607.9836344541,12.649330740898598,571.5012341569312,False,False
2025-02-14,592154.7268418501,675607.9836344541,12.352319512813423,573.7844840496832,False,False
2025-02-18,603221.4953973035,675607.9836344541,10.714273660258607,586.3768296026808,False,False
2025-02-19,606626.6728512824,675607.9836344541,10.210256902543481,590.2514178309355,False,False
2025-02-20,608025.1722000446,675607.9836344541,10.003258260929012,591.8427032153738,False,False
2025-02-21,584280.3266919964,675607.9836344541,13.517847502505475,564.824581507882,False,False
2025-02-24,564305.3611334766,675607.9836344541,16.47443860894325,542.0960255195888,False,False
2025-02-25,548586.9022944175,675607.9836344541,18.80100360222547,524.2107445299123,False,False
2025-02-26,565521.5325024554,675607.9836344541,16.294427212032815,543.4798486340874,False,False
2025-02-27,519825.4313273013,675607.9836344541,23.05812780203036,491.4844451394761,False,False
2025-02-28,531925.950199985,675607.9836344541,21.26707157330012,505.25304563490397,False,False
2025-03-03,502252.42051010847,675607.9836344541,25.659193988764606,471.48895833519015,False,False
2025-03-04,509001.90635284025,675607.9836344541,24.660169997599983,479.1688747995913,False,False
2025-03-05,521680.02984141745,675607.9836344541,22.783619720562868,493.5947039051497,False,False
2025-03-06,492432.16478428186,675607.9836344541,27.11273745830714,460.31495999061696,False,False
2025-03-07,508576.28825608187,675607.9836344541,24.72316778730471,478.68458436547445,False,False
2025-03-10,476470.4623642304,675607.9836344541,29.47530610857456,442.15290378782777,False,False
2025-03-11,475527.9691088571,675607.9836344541,29.61480908636697,441.08048588249613,False,False
2025-03-12,494682.0399345084,675607.9836344541,26.779722573236768,462.8749850964817,False,False
2025-03-13,491732.91510990076,675607.9836344541,27.21623677911438,459.51931729839777,False,False
2025-03-14,513075.99202055216,675607.9836344541,24.057144905179484,483.8045816261394,False,False
2025-03-17,520342.353021899,675607.9836344541,22.981615725927156,492.07262556175556,False,False
2025-03-18,509579.60404069896,675607.9836344541,24.57466217326212,479.8262093118505,False,False
2025-03-19,515629.8402090495,675607.9836344541,23.679137502904744,486.7104830840323,False,False
2025-03-20,514535.31389855815,675607.9836344541,23.84114362731484,485.46507405162214,False,False
2025-03-21,507603.4070040779,675607.9836344541,24.867168639214466,477.5775894151527,False,False
2025-03-24,525419.661402263,675607.9836344541,22.23009879549504,497.8498514325512,False,False
2025-03-25,522440.14858102484,675607.9836344541,22.671110875489976,494.45960658947746,False,False
2025-03-26,499212.0851596267,675607.9836344541,26.1092087050097,468.0295064510722,False,False
2025-03-27,486260.3300934264,675607.9836344541,28.026260513149374,453.29232508741103,False,False
2025-03-28,469295.311888758,675607.9836344541,30.537334777459364,433.9886439382459,False,False
2025-03-31,467167.081797019,675607.9836344541,30.85234439002938,431.5670329144698,False,False
2025-04-01,470268.23967674444,675607.9836344541,30.393327037534124,435.0956918396319,False,False
2025-04-02,475132.73900872935,675607.9836344541,29.67330900195435,440.63077249336936,False,False
2025-04-03,418826.0149794584,675607.9836344541,38.00753911663819,376.56204977806,False,False
2025-04-04,373920.4205405421,675607.9836344541,44.654232987445525,325.4661260127662,False,False
2025-04-07,386385.73498074035,675607.9836344541,42.80918160526074,339.6498099012665,False,False
2025-04-08,371336.1378194317,675607.9836344541,45.03674515185308,322.52559455881914,False,False
2025-04-09,465221.3192930111,675607.9836344541,31.14034609384889,429.3530430138263,False,False
2025-04-10,420771.82401944883,675607.9836344541,37.71953052480319,378.77609262976773,False,False
2025-04-11,436277.42727414635,675607.9836344541,35.424471314388796,396.4191754513218,False,False
2025-04-14,437189.53253288916,675607.9836344541,35.28946621071371,397.45701631166366,False,False
2025-04-15,441172.3611387443,675607.9836344541,34.69994851667621,401.98888610111334,False,False
2025-04-16,415116.817951226,675607.9836344541,38.55655527957318,372.3415322467128,False,False
2025-04-17,409583.410405508,675607.9836344541,39.37558164985834,366.04533299468176,False,False
2025-04-21,395293.88544782414,675607.9836344541,41.490643239393286,349.7859673854979,False,False
2025-04-22,407667.9893621481,675607.9836344541,39.659092367576015,363.86586718796394,False,False
2025-04-23,428980.678276169,675607.9836344541,36.50449836775845,388.1165544707157,False,False
2025-04-24,459566.3132247882,675607.9836344541,31.977370848618907,422.9184826307711,False,False
2025-04-25,468687.27274025127,675607.9836344541,30.62733358789907,433.29678533206106,False,False
2025-04-28,464674.0096017829,675607.9836344541,31.221356044069427,428.730285546557,False,False
2025-04-29,463579.4832912915,675607.9836344541,31.38336216847952,427.4848765141468,False,False
2025-04-30,466589.4306451427,675607.9836344541,30.93784532635177,430.9097513532747,False,False
2025-05-01,469690.58852486825,675607.9836344541,30.478827973856497,434.43841027843695,False,False
2025-05-02,490151.94817340747,675607.9836344541,27.450243329479342,457.72041079082675,False,False
2025-05-05,485834.6654606856,675607.9836344541,28.08926519086957,452.8079817022301,False,False
2025-05-06,479693.2187664609,675607.9836344541,28.998290371594432,445.8199238440143,False,False
2025-05-07,493161.8489912761,675607.9836344541,27.004733375367078,461.1452326788904,False,False
2025-05-08,499029.6641078781,675607.9836344541,26.13620972574472,467.8219382790038,False,False
2025-05-09,503438.1108104917,675607.9836344541,25.483694242002468,472.8380985025705,False,False
2025-05-12,546033.0541059201,675607.9836344541,19.17901100450021,521.3048430720195,False,False
2025-05-13,570811.6499311986,675607.9836344541,15.51141138674833,549.4992197219415,False,False
2025-05-14,578199.6559910328,675607.9836344541,14.417876934995666,557.9056777396462,False,False
2025-05-15,575584.9852732918,675607.9836344541,14.804886973520567,554.930569240709,False,False
2025-05-16,573426.3671849222,675607.9836344541,15.12439446020793,552.4743811719429,False,False
2025-05-19,572179.8078193128,675607.9836344541,15.308903731235713,551.0559810124543,False,False
2025-05-20,570750.8274019548,675607.9836344541,15.52041402299851,549.4300126808972,False,False
2025-05-21,558376.7700236136,675607.9836344541,17.351958006800267,535.3501658294956,False,False
2025-05-22,556370.1384543794,675607.9836344541,17.648969234885445,533.0669159367436,False,False
2025-05-23,546124.2646317945,675607.9836344541,19.165510494132686,521.4086271580537,False,False
2025-05-27,569017.8739463262,675607.9836344541,15.776916831965643,547.4581679973122,False,False
2025-05-28,561082.6512672289,675607.9836344541,16.951447457907857,538.4290584144669,False,False
2025-05-29,566311.9927027108,675607.9836344541,16.17742738085807,544.3792754123408,False,False
2025-05-30,553147.3820521489,675607.9836344541,18.12598497186557,529.3998958805571,False,False
2025-06-02,563940.5655659621,675607.9836344541,16.52843376239778,541.6809421265164,False,False
2025-06-03,580631.9056570252,675607.9836344541,14.057867917205796,560.6732180665147,False,False
2025-06-04,589631.2666499832,675607.9836344541,12.725829040970835,570.9131596367803,False,False
2025-06-05,588263.1087618691,675607.9836344541,12.928336696483436,569.3563983462676,False,False
2025-06-06,592610.7794712215,675607.9836344541,12.284816960975883,574.3034044798542,False,False
2025-06-09,605471.2774755647,675607.9836344541,10.381272551219238,588.9367488064167,False,False
2025-06-10,621007.4083348406,675607.9836344541,8.08169480264103,606.6145675261536,False,False
2025-06-11,620429.7106469817,675607.9836344541,8.167202626978908,605.9572330138942,False,False
2025-06-12,624290.8941943495,675607.9836344541,7.595690205441724,610.3506887212557,False,False
2025-06-13,605562.488001439,675607.9836344541,10.36777204085173,589.040532892451,False,False
2025-06-16,624990.2369406958,675607.9836344541,7.4921771086035065,611.1464373156034,False,False
2025-06-17,619548.039920852,675607.9836344541,8.297702968521156,604.9540221496067,False,False
2025-06-18,622588.3287353513,675607.9836344541,7.847695140291545,608.4134210826604,False,False
2025-06-20,615534.7767823837,675607.9836344541,8.891725424691508,600.3875223641026,False,False
2025-06-23,620551.3557054691,675607.9836344541,8.149197354478568,606.0956470959827,False,False
2025-06-24,649799.2207626047,675607.9836344541,3.8200796167342945,639.3753910105154,False,False
2025-06-25,660926.8118473019,675607.9836344541,2.173031127929301,652.0369436045572,False,False
2025-06-26,667007.4825482656,675607.9836344541,1.2730016954390946,658.9558473727933,False,False
2025-06-27,670716.6795764979,675607.9836344541,0.7239855325041137,663.1763649041404,False,False
2025-06-30,672115.1789252601,675607.9836344541,0.5169868908896464,664.7676502885788,False,False
2025-07-01,662872.5743513098,675607.9836344541,1.8850294241097854,654.2509335052007,False,False
2025-07-02,679320.7173973632,679320.7173973632,0.0,672.9664871831507,False,False
2025-07-03,686526.3489414314,686526.3489414314,0.0,681.1654299798512,False,False
2025-07-07,674790.7187082274,686526.3489414314,1.7094216778859825,667.8120187796243,False,False
2025-07-08,686100.7308446731,686526.3489414314,0.06199588659845776,680.6811395457345,False,False
2025-07-09,691998.9804938883,691998.9804938883,0.0,687.3924751419022,False,False
2025-07-10,698383.5311611575,698383.5311611575,0.0,694.6571493600377,False,False
2025-07-11,698292.3206352832,698383.5311611575,0.013060234356132568,694.5533652740036,False,False
2025-07-14,691694.9143836523,698383.5311611575,0.9577283081667929,687.0464928877454,False,False
2025-07-15,708355.8199421022,708355.8199421022,0.0,706.0041388316894,False,False
2025-07-16,703734.517655127,708355.8199421022,0.6523984354858448,700.7457804400003,False,False
2025-07-17,711122.4771789786,711122.4771789786,0.0,709.1521855066405,False,False
2025-07-18,706866.1100674657,711122.4771789786,0.598542058239802,704.3090693612168,False,False
2025-07-21,707474.1492159725,711122.4771789786,0.5130379196392455,705.0009279674018,False,False
2025-07-22,691846.9009027877,711122.4771789786,2.710584589121286,687.2194310637595,False,False
2025-07-23,695616.8739242812,711122.4771789786,2.1804406065475663,691.5091026850866,False,False
2025-07-24,699234.8604266392,711122.4771789786,1.671669386615026,695.6258361303996,False,False
2025-07-25,698292.3206352832,711122.4771789786,1.8042119262764091,694.5533652740036,False,False
2025-07-28,710210.464992201,711122.4771789786,0.12824966388288161,708.1144505484273,False,False
2025-07-29,714740.4636813367,714740.4636813367,0.0,713.2689189519537,False,False
2025-07-30,724956.0425792562,724956.0425792562,0.0,724.8927365877822,False,False
2025-07-31,702214.3732478773,724956.0425792562,3.1369721742670538,699.0160809734734,False,False
2025-08-01,687529.6647260485,724956.0425792562,5.1625720257537,682.3070549262271,False,False
2025-08-04,706501.2679639686,724956.0425792562,2.5456404983713323,703.89393301708,False,False
2025-08-05,697106.6768708829,724956.0425792562,3.8415247370434495,693.2042780576878,False,False
2025-08-06,695647.3084568944,724956.0425792562,4.0428291373483765,691.543732681141,False,False
2025-08-07,709328.7011941061,724956.0425792562,2.1556260610713687,707.1111337820112,False,False
2025-08-08,716655.8847246966,724956.0425792562,1.1449187767342706,715.4483847586714,False,False
2025-08-11,716260.6080885864,724956.0425792562,1.199442997913799,714.9986184184804,False,False
2025-08-12,736630.8037472338,736630.8037472338,0.0,738.1768877959005,False,False
2025-08-13,740218.4487889439,740218.4487889439,0.0,742.2590971472879,False,False
2025-08-14,742164.2112929518,742164.2112929518,0.0,744.4730870479314,False,False
2025-08-15,723101.3975291575,742164.2112929518,2.5685439251489015,722.7824248710442,False,False
2025-08-18,726780.1600247767,742164.2112929518,2.072863529942248,726.9683124063373,False,False
2025-08-19,708568.6755264639,742164.2112929518,4.526698438875125,706.246336999812,False,False
2025-08-20,702761.636403123,742164.2112929518,5.30914510431379,699.6387854896785,False,False
2025-08-21,698201.110109409,742164.2112929518,5.92363529722797,694.4495811879694,False,False
2025-08-22,716990.3853675458,742164.2112929518,3.391948243037725,715.8289970088825,False,False
2025-08-25,717841.7146330274,742164.2112929518,3.277239226821685,716.7976837792445,False,False
2025-08-26,726445.7524538927,742164.2112929518,2.1179219638838953,726.5878060582547,False,False
2025-08-27,729212.409690769,742164.2112929518,1.745139607260094,729.7358527332058,False,False
2025-08-28,732921.6067190014,742164.2112929518,1.2453584305619534,733.9563702645531,False,False
2025-08-29,706805.3340742046,742164.2112929518,4.764292953057823,704.2399152712369,False,False
2025-09-02,695221.6903601361,742164.2112929518,6.325085502443647,691.0594422470242,False,False
2025-09-03,695069.6107690355,742164.2112929518,6.345576869284905,690.8863981688816,False,False
2025-09-04,705497.8591073863,742164.2112929518,4.94046352918146,702.7522021685754,False,False
2025-09-05,715895.8590570544,742164.2112929518,3.5394258893371284,714.5835879764724,False,False
2025-09-08,725746.4097075464,742164.2112929518,2.212152153874871,725.7920574639069,False,False
2025-09-09,729668.4623201404,742164.2112929518,1.683690587968676,730.2547731633767,False,False
2025-09-10,738850.1978288646,742164.2112929518,0.4465337203896972,740.7022299546463,False,False
2025-09-11,748275.2234545635,748275.2234545635,0.0,751.426514910093,False,False
2025-09-12,749461.0533628943,749461.0533628943,0.0,752.7758139306659,False,False
2025-09-15,758125.9602489859,758125.9602489859,0.0,762.6351962017848,False,False
2025-09-16,758247.5122355082,758247.5122355082,0.0,762.7735043817447,False,False
2025-09-17,752288.4865930319,758247.5122355082,0.7858945194435971,755.993014695597,False,False
2025-09-18,787921.0884613672,787921.0884613672,0.0,796.5376446325226,False,False
2025-09-19,784090.2463746474,787921.0884613672,0.4861961613694829,792.178713019087,False,False
2025-09-22,803730.7578263006,803730.7578263006,0.0,814.5267097082334,False,False
2025-09-23,802301.8239449252,803730.7578263006,0.1777876319228998,812.9007943277406,False,False
2025-09-24,800507.9548880876,803730.7578263006,0.40098041624400427,810.8596367009827,False,False
2025-09-25,800355.9683689522,803730.7578263006,0.4198905447485382,810.6866985249686,False,False
2025-09-26,802666.6660484223,803730.7578263006,0.13239405951765243,813.3159306718774,False,False
2025-09-29,805220.4677009371,805220.4677009371,0.0,816.2217791787059,False,False
2025-09-30,816469.6107721565,816469.6107721565,0.0,829.0216399527076,False,False
2025-10-01,838755.2274741639,838755.2274741639,0.0,854.3793751368453,False,False
2025-10-02,852588.6998024763,852588.6998024763,0.0,870.1198203158583,False,False
2025-10-03,847845.7524570137,852588.6998024763,0.5562995787489854,864.7230478420807,False,False
2025-10-06,868215.9481156612,868215.9481156612,0.0,887.9013172195007,False,False
2025-10-07,848970.7133001182,868215.9481156612,2.216641476963418,866.0030868705453,False,False
2025-10-08,876394.4609117333,876394.4609117333,0.0,897.207254966523,False,False
2025-10-09,873779.6971220272,876394.4609117333,0.29835466862558285,894.2320405654574,False,False
2025-10-10,813368.5459643961,876394.4609117333,7.191500831916478,825.493086929674,False,False
2025-10-13,857179.5675568383,876394.4609117333,2.192493701398496,875.3435487114931,False,False
2025-10-14,838177.6228582702,876394.4609117333,4.360689136910483,853.7221465267145,False,False
2025-10-15,863351.4487836763,876394.4609117333,1.4882581656766896,882.3662365657633,False,False
2025-10-16,867972.6579986863,876394.4609117333,0.9609603082481408,887.6244890553238,False,False
2025-10-17,866543.724117311,876394.4609117333,1.1240071946797145,885.998573674831,False,False
2025-10-20,879890.802355604,879890.802355604,0.0,901.1855743297476,False,False
2025-10-21,874053.32869965,879890.802355604,0.6634316031405467,894.5433928235598,False,False
2025-10-22,853683.2261129677,879890.802355604,2.978503261140424,871.3652293482685,False,False
2025-10-23,872533.1842924004,879890.802355604,0.8361967239009838,892.8136933570329,False,False
2025-10-24,891808.9467125217,891808.9467125217,0.0,914.7466596041713,False,False
2025-10-27,918563.6930384386,918563.6930384386,0.0,945.1896031997269,False,False
2025-10-28,928201.481176534,928201.481176534,0.0,956.1559804211674,False,False
2025-10-29,944923.2558002103,944923.2558002103,0.0,975.18288635722,False,False
2025-10-30,930086.5607592458,944923.2558002103,1.5701481522327476,958.3009221339594,False,False
2025-10-31,927927.8495989111,944923.2558002103,1.7986017485522217,955.8446281630647,False,False
2025-11-03,937292.099231349,944923.2558002103,0.8075953811083707,966.4997590285313,False,False
2025-11-04,896734.2220377676,944923.2558002103,5.099782809518605,920.3508943478886,False,False
2025-11-05,917225.9696829375,944923.2558002103,2.931167790321479,943.6674719052684,False,False
2025-11-06,891656.867121421,944923.2558002103,5.637112681037837,914.5736155260286,False,False
2025-11-07,882627.1181318325,944923.2558002103,6.592719280215219,904.2990969107731,False,False
2025-11-10,915067.3515945679,944923.2558002103,3.1596115369558633,941.2112838365023,False,False
2025-11-11,891535.2220629336,944923.2558002103,5.64998621946974,914.4352014439401,False,False
2025-11-12,905155.8388068844,944923.2558002103,4.208534052815622,929.9334484548306,False,False
2025-11-13,872594.0533576267,944923.2558002103,7.654505484821779,892.8829533491415,False,False
2025-11-14,873080.5405196112,944923.2558002103,7.603021180779271,893.4365037753666,False,False
2025-11-17,858851.6984832233,944923.2558002103,9.108841039592901,877.2461863540341,False,False
2025-11-18,837539.1491771502,944923.2558002103,11.364320431728776,852.9956579244752,False,False
2025-11-19,856237.1208374476,944923.2558002103,9.385538393555429,874.2711837572257,False,False
2025-11-20,812638.8617574018,944923.2558002103,13.999485485282412,824.6628142414005,False,False
2025-11-21,815770.4541697406,944923.2558002103,13.66807313056301,828.226103162617,False,False
2025-11-24,855264.1465134784,944923.2558002103,9.488507001640457,873.1640829047752,False,False
2025-11-25,857970.1208290589,944923.2558002103,9.20213725690505,876.2430813918751,False,False
2025-11-26,881380.5122302405,944923.2558002103,6.724645962508191,902.8806438002201,False,False
2025-11-28,895274.8536237791,944923.2558002103,5.2542258719610295,918.6903489713416,False,False
2025-12-01,897342.2611862745,944923.2558002103,5.035434816729296,921.0427529540735,False,False
2025-12-02,917013.1140985758,944923.2558002103,2.9536940201560333,943.4252737371457,False,False
2025-12-03,932032.3232632538,944923.2558002103,1.3642306354329052,960.5149120346031,False,False
2025-12-04,923610.6134221721,944923.2558002103,2.2554892418209653,950.9322520255328,False,False
2025-12-05,932184.4028543544,944923.2558002103,1.3481362499717515,960.6879561127457,False,False
2025-12-08,944740.8347484617,944923.2558002103,0.01930538280530295,974.9753181851518,False,False
2025-12-09,946108.992636576,946108.992636576,0.0,976.5320794756643,False,False
2025-12-10,961614.6889632385,961614.6889632385,0.0,994.1752681993469,False,False
2025-12-11,951855.2557666557,961614.6889632385,1.0149005946555298,983.0704768958179,False,False
2025-12-12,900869.0371627583,961614.6889632385,6.317046993736433,925.0557023133524,False,False
2025-12-15,897159.8401345259,961614.6889632385,6.702772905663948,920.8351847820051,False,False
2025-12-16,894241.1033065489,961614.6889632385,7.006297473401554,917.5140940289114,False,False
2025-12-17,855628.9886169755,961614.6889632385,11.021639078801003,873.579219248912,False,False
2025-12-18,879982.0128814783,961614.6889632385,8.489125324174509,901.2893584157817,False,False
2025-12-19,907284.115434606,961614.6889632385,5.649931740041205,932.355112429671,False,False
2025-12-22,921236.9060222764,961614.6889632385,4.198956547189944,948.2313241375572,False,False
2025-12-23,931789.1262182441,961614.6889632385,3.101612640417415,960.2381897725546,False,False
2025-12-24,934869.4359777698,961614.6889632385,2.7812858198229082,963.7431266209092,False,False
2025-12-26,940023.482193423,961614.6889632385,2.2453075038916066,969.6076687967408,False,False
2025-12-29,934991.3602521528,961614.6889632385,2.76860670044356,963.8818584093835,False,False
2025-12-30,932246.5749270932,961614.6889632385,3.0540417459521545,960.7586987346549,False,False
2025-12-31,922548.2900116321,961614.6889632385,4.062583423483855,949.7234851296203,False,False
2026-01-02,962713.8688719886,962713.8688719886,0.0,995.4259723381872,False,False
2026-01-05,975797.4603768634,975797.4603768634,0.0,1010.3131640670193,False,False
2026-01-06,1006386.7716681071,1006386.7716681071,0.0,1045.119275361155,False,False
2026-01-07,998457.3194508508,1006386.7716681071,0.7879130012920448,1036.096731710283,False,False
2026-01-08,980036.7022467835,1006386.7716681071,2.618284556507813,1015.1367942207795,False,False
2026-01-09,1011266.441730416,1011266.441730416,0.0,1050.671618061855,False,False
2026-01-12,1015658.1354792975,1015658.1354792975,0.0,1055.6687159022724,False,False
2026-01-13,1018311.4310625873,1018311.4310625873,0.0,1058.6877737845812,False,False
2026-01-14,1008613.1461471262,1018311.4310625873,0.952388888077307,1047.6525601795463,False,False
2026-01-15,1033194.382870245,1033194.382870245,0.0,1075.622371365759,False,False
2026-01-16,1045332.5493528431,1045332.5493528431,0.0,1089.4338092722078,False,False
2026-01-20,1014834.7278033692,1045332.5493528431,2.917523382234186,1054.7317997704924,False,False
2026-01-21,1050029.1468596472,1050029.1468596472,0.0,1094.7778424859396,False,False
2026-01-22,1052743.4976520934,1052743.4976520934,0.0,1097.8663721646135,False,False
2026-01-23,1044417.5588631798,1052743.4976520934,0.7908800963846161,1088.3926854458791,False,False
2026-01-26,1040544.3690323038,1052743.4976520934,1.1587940126913168,1083.9855683639273,False,False
2026-01-27,1066254.0102612388,1066254.0102612388,0.0,1113.2393369573626,False,False
2026-01-28,1094860.9817661599,1094860.9817661599,0.0,1145.7898388143126,False,False
2026-01-29,1097575.2394866413,1097575.2394866413,0.0,1148.8782625908584,False,False
2026-01-30,1054695.309833838,1097575.2394866413,3.906787262516889,1100.0872457036164,False,False
