date,action,price,shares,leverage,vix,equity,entry,exit,pnl,shares_before,shares_after,qty_diff,notional_diff
2022-12-13,ENTER,111.0514678955078,2701.450108541388,3.0,22.549999237060547,100000.0,,,,,,,
2022-12-14,STOP,,2701.450108541388,,,98200.0,111.0514678955078,108.0616833176146,-1799.9999999999998,,,,
2022-12-14,RE_ENTER,109.13957214355467,2699.295903528955,3.0,21.13999938964844,98200.0,,,,,,,
2022-12-15,STOP,,2699.295903528955,,,96432.4,109.13957214355467,104.6621960877256,-1767.6,,,,
2022-12-15,RE_ENTER,104.98410034179688,2755.6287005187896,3.0,22.829999923706055,96432.4,,,,,,,
2022-12-16,STOP,,2755.6287005187896,,,94696.61679999999,104.98410034179688,103.24290039290024,-1735.7831999999999,,,,
2022-12-16,RE_ENTER,104.16959381103516,2727.1859283174535,3.0,22.6200008392334,94696.61679999999,,,,,,,
2022-12-19,STOP,,2727.1859283174535,,,92992.07769759999,104.16959381103516,102.04899837320043,-1704.5391023999996,,,,
2022-12-19,RE_ENTER,102.9368896484375,2710.1676963972127,3.0,22.420000076293945,92992.07769759999,,,,,,,
2022-12-20,STOP,,2710.1676963972127,,,91318.2202990432,102.9368896484375,101.61490596879788,-1673.8573985567998,,,,
2022-12-20,RE_ENTER,102.43374633789062,2674.457107069535,3.0,21.479999542236328,91318.2202990432,,,,,,,
2022-12-21,BEAR_EXIT,,2674.457107069535,,,97439.54642257647,102.43374633789062,104.7225570678711,6121.326123533276,,,,
2023-01-13,ENTER,111.37683868408205,2624.5909178378174,3.0,18.350000381469727,97439.54642257647,,,,,,,
2023-01-17,REBALANCE,112.037841796875,,,,,,,,2624.5909178378174,2609.0,-15.590917837817415,1734.8627664989326
2023-01-18,REBALANCE,111.33739471435548,,,,,,,,2609.0,2625.0,16.0,1839.3764579759445
2023-01-19,STOP,,2625.0,,,95685.6345869701,111.37683868408205,108.38266150651972,-1753.9118356063764,,,,
2023-01-19,RE_ENTER,108.614501953125,2642.8966537525175,3.0,20.520000457763672,95685.6345869701,,,,,,,
2023-01-20,REBALANCE,112.1463623046875,,,,,,,,2642.8966537525175,2559.0,-83.89665375251752,9334.341904665751
2023-01-23,REBALANCE,117.4342803955078,,,,,,,,2559.0,2444.0,-115.0,13457.419771194109
2023-01-24,REBALANCE,116.60064697265624,,,,,,,,2444.0,2461.0,17.0,2084.9225597385084
2023-01-25,REBALANCE,116.71902465820312,,,,,,,,2461.0,2459.0,-2.0,188.6159229275654
2023-01-26,REBALANCE,118.81051635742188,,,,,,,,2459.0,2416.0,-43.0,5098.155961990065
2023-01-27,REBALANCE,118.03114318847656,,,,,,,,2416.0,2432.0,16.0,1893.6618175509502
2023-01-30,REBALANCE,115.20467376708984,,,,,,,,2432.0,2491.0,59.0,6879.137159347825
2023-01-31,REBALANCE,116.95580291748048,,,,,,,,2491.0,2454.0,-37.0,4280.001306533581
2023-02-01,REBALANCE,122.47062683105467,,,,,,,,2454.0,2343.0,-111.0,13486.01448249782
2023-02-02,REBALANCE,125.08992004394533,,,,,,,,2343.0,2294.0,-49.0,6028.7789020536
2023-02-03,REBALANCE,122.79125213623048,,,,,,,,2294.0,2337.0,43.0,5373.771360397572
2023-02-06,REBALANCE,120.74909210205078,,,,,,,,2337.0,2377.0,40.0,4866.275518417649
2023-02-07,REBALANCE,124.37467956542967,,,,,,,,2377.0,2308.0,-69.0,8581.709566115984
2023-02-08,REBALANCE,121.93789672851562,,,,,,,,2308.0,2354.0,46.0,5624.238111496263
2023-02-09,REBALANCE,122.42130279541016,,,,,,,,2354.0,2344.0,-10.0,1122.8430194851826
2023-02-10,REBALANCE,120.36433410644533,,,,,,,,2344.0,2384.0,40.0,4922.9046154024545
2023-02-13,REBALANCE,122.1746597290039,,,,,,,,2384.0,2349.0,-35.0,4207.485033034987
2023-02-14,REBALANCE,124.80382537841795,,,,,,,,2349.0,2300.0,-49.0,6107.282052993425
2023-02-16,REBALANCE,121.41007995605467,,,,,,,,2300.0,2364.0,64.0,7813.719861984602
2023-02-17,REBALANCE,119.752685546875,,,,,,,,2364.0,2397.0,33.0,3961.555128097825
2023-02-21,REBALANCE,116.11229705810548,,,,,,,,2397.0,2472.0,75.0,8735.727712631458
2023-02-22,REBALANCE,115.54503631591795,,,,,,,,2472.0,2484.0,12.0,1429.5739879611647
2023-02-23,REBALANCE,119.63922119140624,,,,,,,,2484.0,2399.0,-85.0,10126.921678542742
2023-02-24,REBALANCE,117.50334930419922,,,,,,,,2399.0,2442.0,43.0,5166.368780136399
2023-02-27,REBALANCE,118.03114318847656,,,,,,,,2442.0,2432.0,-10.0,1175.1479053494404
2023-02-28,REBALANCE,118.09033966064452,,,,,,,,2432.0,2430.0,-2.0,138.80229377711657
2023-03-01,REBALANCE,118.16925811767578,,,,,,,,2430.0,2429.0,-1.0,94.39346504182322
2023-03-02,REBALANCE,119.21499633789062,,,,,,,,2429.0,2407.0,-22.0,2516.322343826003
2023-03-03,REBALANCE,120.83294677734376,,,,,,,,2407.0,2375.0,-32.0,3787.9991321561392
2023-03-06,REBALANCE,119.75760650634766,,,,,,,,2375.0,2396.0,21.0,2632.5883083346416
2023-03-07,REBALANCE,118.42082977294922,,,,,,,,2396.0,2424.0,28.0,3320.595624923997
2023-03-08,REBALANCE,121.51860809326172,,,,,,,,2424.0,2362.0,-62.0,7504.202257156081
2023-03-09,REBALANCE,119.19034576416016,,,,,,,,2362.0,2408.0,46.0,5529.307065964036
2023-03-10,REBALANCE,117.26162719726562,,,,,,,,2408.0,2448.0,40.0,4690.9054698947
2023-03-13,REBALANCE,117.18270874023438,,,,,,,,2448.0,2449.0,1.0,193.63276481657522
2023-03-14,REBALANCE,120.68990325927734,,,,,,,,2449.0,2378.0,-71.0,8512.66932105989
2023-03-15,REBALANCE,119.33338928222656,,,,,,,,2378.0,2405.0,27.0,3282.1040477755596
2023-03-16,REBALANCE,124.10830688476562,,,,,,,,2405.0,2312.0,-93.0,11423.574296951003
2023-03-17,REBALANCE,123.47692108154295,,,,,,,,2312.0,2324.0,12.0,1578.2622203830397
2023-03-20,REBALANCE,124.71996307373048,,,,,,,,2324.0,2301.0,-23.0,2792.2904224393424
2023-03-21,REBALANCE,125.11459350585938,,,,,,,,2301.0,2294.0,-7.0,831.7758960720967
2023-03-22,REBALANCE,124.310546875,,,,,,,,2294.0,2309.0,15.0,1888.5092296603252
2023-03-23,REBALANCE,127.6155014038086,,,,,,,,2309.0,2249.0,-60.0,7607.288980483718
2023-03-24,REBALANCE,125.5979995727539,,,,,,,,2249.0,2285.0,36.0,4587.00272178679
2023-03-27,REBALANCE,124.13296508789062,,,,,,,,2285.0,2312.0,27.0,3413.078535080247
2023-03-28,REBALANCE,123.26973724365234,,,,,,,,2312.0,2328.0,16.0,2057.2712535861065
2023-03-29,REBALANCE,127.10741424560548,,,,,,,,2328.0,2258.0,-70.0,8849.156602859264
2023-03-30,REBALANCE,128.92759704589844,,,,,,,,2258.0,2226.0,-32.0,4061.6103687283467
2023-03-31,REBALANCE,129.82537841796875,,,,,,,,2226.0,2211.0,-15.0,1934.3885974881123
2023-04-03,REBALANCE,129.08547973632812,,,,,,,,2211.0,2223.0,12.0,1648.9080638888408
2023-04-04,REBALANCE,127.1024932861328,,,,,,,,2223.0,2258.0,35.0,4508.061185837141
2023-04-05,REBALANCE,124.87782287597656,,,,,,,,2258.0,2298.0,40.0,5082.779706955247
2023-04-06,REBALANCE,124.50292205810548,,,,,,,,2298.0,2305.0,7.0,949.1888713838998
2023-04-10,REBALANCE,126.38724517822266,,,,,,,,2305.0,2271.0,-34.0,4265.696374892897
2023-04-11,REBALANCE,125.71639251708984,,,,,,,,2271.0,2283.0,12.0,1554.97635459929
2023-04-12,REBALANCE,123.48184967041016,,,,,,,,2283.0,2324.0,41.0,5147.8409633639385
2023-04-13,REBALANCE,124.478271484375,,,,,,,,2324.0,2306.0,-18.0,2230.599168777175
2023-04-14,REBALANCE,124.34507751464844,,,,,,,,2306.0,2308.0,2.0,317.15501213102834
2023-04-17,REBALANCE,124.25628662109376,,,,,,,,2308.0,2310.0,2.0,273.394239425892
2023-04-18,REBALANCE,124.81369018554688,,,,,,,,2310.0,2299.0,-11.0,1262.720567702956
2023-04-19,REBALANCE,123.6298370361328,,,,,,,,2299.0,2321.0,22.0,2831.9084148410475
2023-04-20,REBALANCE,123.7679443359375,,,,,,,,2321.0,2319.0,-2.0,208.49504280061228
2023-04-21,REBALANCE,122.5002212524414,,,,,,,,2319.0,2343.0,24.0,2978.890676498704
2023-04-24,REBALANCE,121.84416961669922,,,,,,,,2343.0,2355.0,12.0,1576.0143489840557
2023-04-25,REBALANCE,117.9818115234375,,,,,,,,2355.0,2433.0,78.0,9209.737623215013
2023-04-26,REBALANCE,118.80558776855467,,,,,,,,2433.0,2416.0,-17.0,1997.0912799831713
2023-04-27,REBALANCE,119.95491790771484,,,,,,,,2416.0,2393.0,-23.0,2754.1779041287373
2023-04-28,REBALANCE,121.96255493164062,,,,,,,,2393.0,2353.0,-40.0,4799.49019050569
2023-05-01,REBALANCE,122.89485168457033,,,,,,,,2353.0,2335.0,-18.0,2114.6822528836783
2023-05-02,REBALANCE,121.82937622070312,,,,,,,,2335.0,2356.0,21.0,2585.3102855685283
2023-05-03,REBALANCE,120.5715103149414,,,,,,,,2356.0,2380.0,24.0,2990.425458908372
2023-05-04,REBALANCE,120.16703033447266,,,,,,,,2380.0,2388.0,8.0,1059.3715648654033
2023-05-05,REBALANCE,122.70740509033205,,,,,,,,2388.0,2339.0,-49.0,5968.379594802624
2023-05-08,REBALANCE,123.38812255859376,,,,,,,,2339.0,2326.0,-13.0,1547.9149036405142
2023-05-09,REBALANCE,121.48407745361328,,,,,,,,2326.0,2362.0,36.0,4484.939603805833
2023-05-10,REBALANCE,122.47062683105467,,,,,,,,2362.0,2343.0,-19.0,2218.7168140407884
2023-05-11,REBALANCE,121.38542938232422,,,,,,,,2343.0,2364.0,21.0,2650.8427181246807
2023-05-12,REBALANCE,121.247314453125,,,,,,,,2364.0,2367.0,3.0,428.2523937228252
2023-05-15,REBALANCE,124.42400360107422,,,,,,,,2367.0,2307.0,-60.0,7454.712762832351
2023-05-16,REBALANCE,124.3944091796875,,,,,,,,2307.0,2307.0,0.0,79.00178337126272
2023-05-17,REBALANCE,127.758544921875,,,,,,,,2307.0,2246.0,-61.0,7682.0593738553
2023-05-18,REBALANCE,132.23748779296875,,,,,,,,2246.0,2170.0,-76.0,9948.493822097487
2023-05-19,REBALANCE,131.50746154785156,,,,,,,,2170.0,2182.0,12.0,1685.7122020724346
2023-05-22,REBALANCE,131.39894104003906,,,,,,,,2182.0,2184.0,2.0,344.41441154509084
2023-05-23,REBALANCE,129.50474548339844,,,,,,,,2184.0,2216.0,32.0,4218.539625168138
2023-05-24,REBALANCE,127.6007080078125,,,,,,,,2216.0,2249.0,33.0,4293.734815597825
2023-05-25,REBALANCE,138.5711669921875,,,,,,,,2249.0,2071.0,-178.0,24589.650804519362
2023-05-26,REBALANCE,145.3783721923828,,,,,,,,2071.0,1974.0,-97.0,14021.70504951448
2023-05-30,REBALANCE,146.07884216308594,,,,,,,,1974.0,1965.0,-9.0,1302.7306690213154
2023-05-31,REBALANCE,142.3891143798828,,,,,,,,1965.0,2016.0,51.0,7262.294004440599
2023-06-01,REBALANCE,144.52993774414062,,,,,,,,2016.0,1986.0,-30.0,4315.450731277175
2023-06-02,REBALANCE,144.17478942871094,,,,,,,,1986.0,1991.0,5.0,725.7719554904033
2023-06-05,REBALANCE,142.369384765625,,,,,,,,1991.0,2016.0,25.0,3599.45869255095
2023-06-06,REBALANCE,143.3756866455078,,,,,,,,2016.0,2168.0,152.0,21932.928130309097
2023-06-07,REBALANCE,142.55685424804688,,,,,,,,2168.0,2181.0,13.0,1915.0523978872225
2023-06-08,REBALANCE,144.20437622070312,,,,,,,,2181.0,2156.0,-25.0,3531.432129700668
2023-06-09,REBALANCE,144.86537170410156,,,,,,,,2156.0,2146.0,-10.0,1351.4289863901213
2023-06-12,REBALANCE,149.14700317382812,,,,,,,,2146.0,1924.0,-222.0,33012.56505012483
2023-06-13,REBALANCE,151.2089080810547,,,,,,,,1924.0,1898.0,-26.0,3869.0353870388935
2023-06-14,REBALANCE,153.50758361816406,,,,,,,,1898.0,2025.0,127.0,19620.918700377457
2023-06-15,REBALANCE,152.4026336669922,,,,,,,,2025.0,1883.0,-142.0,21558.429414748854
2023-06-16,REBALANCE,151.31744384765625,,,,,,,,1883.0,2055.0,172.0,26047.56564251613
2023-06-20,REBALANCE,150.78468322753906,,,,,,,,2055.0,2062.0,7.0,1115.788375060074
2023-06-21,REBALANCE,147.33175659179688,,,,,,,,2062.0,2110.0,48.0,7180.230315367691
2023-06-22,REBALANCE,148.06179809570312,,,,,,,,2110.0,2261.0,151.0,22489.327072461776
2023-06-23,REBALANCE,145.5460968017578,,,,,,,,2261.0,2136.0,-125.0,18101.412461121567
2023-06-26,REBALANCE,144.875244140625,,,,,,,,2136.0,1981.0,-155.0,22396.617723464675
2023-06-27,REBALANCE,149.4725799560547,,,,,,,,1981.0,2080.0,99.0,14873.131514708512
2023-06-28,REBALANCE,148.12098693847656,,,,,,,,2080.0,2099.0,19.0,2886.6595756215975
2023-06-29,REBALANCE,147.90394592285156,,,,,,,,2099.0,2102.0,3.0,527.9299155874178
2023-06-30,REBALANCE,150.20262145996094,,,,,,,,2102.0,2070.0,-32.0,4747.597901185043
2023-07-03,REBALANCE,151.5344696044922,,,,,,,,2070.0,2052.0,-18.0,2698.0396736459807
2023-07-05,REBALANCE,148.6734619140625,,,,,,,,2052.0,1930.0,-122.0,18021.040086745925
2023-07-06,REBALANCE,146.90753173828125,,,,,,,,1930.0,1953.0,23.0,3525.3675060275127
2023-07-07,REBALANCE,147.04566955566406,,,,,,,,1953.0,1952.0,-1.0,123.28888130158884
2023-07-10,REBALANCE,149.12728881835938,,,,,,,,1952.0,1924.0,-28.0,4039.564012527175
2023-07-11,REBALANCE,149.28512573242188,,,,,,,,1924.0,1922.0,-2.0,167.67814826936228
2023-07-12,REBALANCE,152.42236328125,,,,,,,,1922.0,2040.0,118.0,18022.530181090347
2023-07-13,REBALANCE,156.08248901367188,,,,,,,,2040.0,1992.0,-48.0,7429.9651802377775
2023-07-14,REBALANCE,154.7900848388672,,,,,,,,1992.0,2009.0,17.0,2636.46340862941
2023-07-17,REBALANCE,157.6708221435547,,,,,,,,2009.0,1972.0,-37.0,5782.36927874852
2023-07-18,REBALANCE,158.10488891601562,,,,,,,,1972.0,1966.0,-6.0,804.528534729965
2023-07-19,REBALANCE,156.44749450683594,,,,,,,,1966.0,1987.0,21.0,3402.5382072133943
2023-07-20,REBALANCE,150.91293334960938,,,,,,,,1987.0,2060.0,73.0,11114.31384197902
2023-07-21,REBALANCE,151.72189331054688,,,,,,,,2060.0,2049.0,-11.0,1568.787812073715
2023-07-24,REBALANCE,151.85015869140625,,,,,,,,2049.0,2047.0,-2.0,162.66275103855878
2023-07-25,REBALANCE,154.2869415283203,,,,,,,,2047.0,2015.0,-32.0,4847.056900818832
2023-07-26,REBALANCE,152.5999298095703,,,,,,,,2015.0,2037.0,22.0,3489.453841368668
2023-07-27,REBALANCE,155.3425750732422,,,,,,,,2037.0,1847.0,-190.0,29375.92166328401
2023-07-28,REBALANCE,158.34169006347656,,,,,,,,1847.0,1963.0,116.0,18521.210860411637
2023-07-31,REBALANCE,158.46006774902344,,,,,,,,1963.0,1962.0,-1.0,78.80058368016034
2023-08-01,REBALANCE,158.37127685546875,,,,,,,,1962.0,1963.0,1.0,253.86721722315997
2023-08-02,REBALANCE,152.5604705810547,,,,,,,,1963.0,1881.0,-82.0,12419.299989700026
2023-08-03,REBALANCE,152.11654663085938,,,,,,,,1881.0,1887.0,6.0,925.6795482638408
2023-08-04,REBALANCE,152.1757354736328,,,,,,,,1887.0,1886.0,-1.0,98.70907783479197
2023-08-07,REBALANCE,153.8134002685547,,,,,,,,1886.0,1866.0,-20.0,3035.1691455838154
2023-08-08,REBALANCE,151.2779541015625,,,,,,,,1866.0,1897.0,31.0,4772.2414073947
2023-08-09,REBALANCE,148.2788543701172,,,,,,,,1897.0,1935.0,38.0,5771.9170207980205
2023-08-10,REBALANCE,147.95327758789062,,,,,,,,1935.0,1940.0,5.0,767.3116283419658
2023-08-11,REBALANCE,144.2438507080078,,,,,,,,1940.0,1990.0,50.0,7223.833387375169
2023-08-14,REBALANCE,148.6339874267578,,,,,,,,1990.0,1931.0,-59.0,8724.731218337722
2023-08-15,REBALANCE,146.8483428955078,,,,,,,,1931.0,1954.0,23.0,3492.7536296847393
2023-08-16,REBALANCE,144.52993774414062,,,,,,,,1954.0,1986.0,32.0,4645.405408859544
2023-08-17,REBALANCE,143.55323791503906,,,,,,,,1986.0,1999.0,13.0,1960.173261642747
2023-08-18,REBALANCE,144.16493225097656,,,,,,,,1999.0,1991.0,-8.0,1128.7958087918232
2023-08-21,REBALANCE,149.00889587402344,,,,,,,,1991.0,1926.0,-65.0,9619.807924270339
2023-08-22,REBALANCE,147.51919555664062,,,,,,,,1926.0,1945.0,19.0,2934.9331188204815
2023-08-23,REBALANCE,150.71563720703125,,,,,,,,1945.0,1904.0,-41.0,6085.010606765456
2023-08-24,REBALANCE,146.8187713623047,,,,,,,,1904.0,1955.0,51.0,7513.9630870822
2023-08-25,REBALANCE,147.08511352539062,,,,,,,,1955.0,1951.0,-4.0,494.49318122834666
2023-08-28,REBALANCE,148.90037536621094,,,,,,,,1951.0,1927.0,-24.0,3447.728578567214
2023-08-29,REBALANCE,152.7183380126953,,,,,,,,1927.0,1879.0,-48.0,7231.333589553542
2023-08-30,REBALANCE,153.49771118164062,,,,,,,,1879.0,2025.0,146.0,22556.113097350113
2023-08-31,REBALANCE,154.11923217773438,,,,,,,,2025.0,2017.0,-8.0,1113.132752259262
2023-09-01,REBALANCE,154.109375,,,,,,,,2017.0,2017.0,0.0,139.70303265284747
2023-09-05,REBALANCE,154.47439575195312,,,,,,,,2017.0,1858.0,-159.0,24517.952470779128
2023-09-06,REBALANCE,152.67884826660156,,,,,,,,1858.0,1880.0,22.0,3379.603681564622
2023-09-07,REBALANCE,149.29498291015625,,,,,,,,1880.0,1922.0,42.0,6382.335889816575
2023-09-08,REBALANCE,148.35777282714844,,,,,,,,1922.0,2096.0,174.0,25834.67303387355
2023-09-11,REBALANCE,148.46629333496094,,,,,,,,2096.0,2094.0,-2.0,207.03842242527753
2023-09-12,REBALANCE,147.3514862060547,,,,,,,,2094.0,1948.0,-146.0,21497.10835456819
2023-09-13,REBALANCE,148.54522705078125,,,,,,,,1948.0,2093.0,145.0,21612.210112730972
2023-09-14,REBALANCE,149.35418701171875,,,,,,,,2093.0,2242.0,149.0,22301.407638868026
2023-09-15,REBALANCE,144.8357696533203,,,,,,,,2242.0,2147.0,-95.0,13743.483155091293
2023-09-18,REBALANCE,145.31919860839844,,,,,,,,2147.0,1975.0,-172.0,24943.41565132112
2023-09-19,REBALANCE,144.06626892089844,,,,,,,,1975.0,1992.0,17.0,2526.022642135911
2023-09-20,REBALANCE,141.69854736328125,,,,,,,,1992.0,2025.0,33.0,4793.397413254075
2023-09-21,REBALANCE,138.86712646484375,,,,,,,,2025.0,2067.0,42.0,5850.9726696017315
2023-09-22,REBALANCE,140.05099487304688,,,,,,,,2067.0,2049.0,-18.0,2428.5026416775654
2023-09-25,REBALANCE,141.0375518798828,,,,,,,,2049.0,2035.0,-14.0,1929.0400409695576
2023-09-26,REBALANCE,138.8079376220703,,,,,,,,2035.0,2068.0,33.0,4582.750699997239
2023-09-27,REBALANCE,140.08059692382812,,,,,,,,2068.0,2049.0,-19.0,2629.7706775662373
2023-09-28,REBALANCE,142.3496551513672,,,,,,,,2049.0,2016.0,-33.0,4617.539644241042
2023-09-29,REBALANCE,143.03038024902344,,,,,,,,2016.0,2006.0,-10.0,1292.3428211209248
2023-10-02,REBALANCE,144.26356506347656,,,,,,,,2006.0,1989.0,-17.0,2335.807756423659
2023-10-03,REBALANCE,141.05728149414062,,,,,,,,1989.0,2035.0,46.0,6493.970869064622
2023-10-04,REBALANCE,143.25729370117188,,,,,,,,2035.0,2003.0,-32.0,4471.68892097444
2023-10-05,REBALANCE,143.25729370117188,,,,,,,,2003.0,2003.0,0.0,112.5444774630596
2023-10-06,REBALANCE,146.35507202148438,,,,,,,,2003.0,1961.0,-42.0,6092.305498122878
2023-10-09,REBALANCE,145.98016357421875,,,,,,,,1961.0,1966.0,5.0,789.8029918673565
2023-10-10,REBALANCE,147.7855682373047,,,,,,,,1966.0,1942.0,-24.0,3489.5233936306904
2023-10-11,REBALANCE,149.3837890625,,,,,,,,1942.0,1921.0,-21.0,3046.414598464675
2023-10-12,REBALANCE,150.14341735839844,,,,,,,,1921.0,1911.0,-10.0,1368.6009845730732
2023-10-13,REBALANCE,146.38467407226562,,,,,,,,1911.0,1960.0,49.0,7315.791608810716
2023-10-16,REBALANCE,148.0716552734375,,,,,,,,1960.0,1938.0,-22.0,3163.540575027175
2023-10-17,REBALANCE,146.32546997070312,,,,,,,,1938.0,1961.0,23.0,3478.142957687669
2023-10-18,REBALANCE,143.39541625976562,,,,,,,,1961.0,2001.0,40.0,5858.492475509935
2023-10-19,REBALANCE,142.41871643066406,,,,,,,,2001.0,2015.0,14.0,2077.052183151536
2023-10-20,REBALANCE,140.18911743164062,,,,,,,,2015.0,2047.0,32.0,4575.832136154466
2023-10-23,REBALANCE,140.68238830566406,,,,,,,,2047.0,2040.0,-7.0,919.9451007840107
2023-10-24,REBALANCE,142.32994079589844,,,,,,,,2040.0,2016.0,-24.0,3296.1754627224873
2023-10-25,REBALANCE,136.81509399414062,,,,,,,,2016.0,2098.0,82.0,11237.674268722825
2023-10-26,REBALANCE,135.61151123046875,,,,,,,,2098.0,2116.0,18.0,2543.9531993868877
2023-10-27,REBALANCE,136.4500732421875,,,,,,,,2116.0,2103.0,-13.0,1671.4512195584248
2023-10-30,REBALANCE,136.10479736328125,,,,,,,,2103.0,2109.0,6.0,828.5149059298565
2023-10-31,REBALANCE,137.0814666748047,,,,,,,,2109.0,2094.0,-15.0,2047.9094562527607
2023-11-01,REBALANCE,140.49496459960938,,,,,,,,2094.0,2043.0,-51.0,7139.552110671706
2023-11-02,REBALANCE,144.13531494140625,,,,,,,,2043.0,1991.0,-52.0,7411.5446643826435
2023-11-03,REBALANCE,147.49945068359375,,,,,,,,1991.0,1946.0,-45.0,6614.502550124831
2023-11-06,REBALANCE,147.9335479736328,,,,,,,,1946.0,1940.0,-6.0,821.7805957791279
2023-11-07,REBALANCE,148.86090087890625,,,,,,,,1940.0,1928.0,-12.0,1733.2439441677998
2023-11-08,REBALANCE,149.39364624023438,,,,,,,,1928.0,1921.0,-7.0,974.0461902615498
2023-11-09,REBALANCE,149.12728881835938,,,,,,,,1921.0,1924.0,3.0,583.3819408419658
2023-11-10,REBALANCE,155.16497802734375,,,,,,,,1924.0,1850.0,-74.0,11480.51396369905
2023-11-13,REBALANCE,154.2178955078125,,,,,,,,1850.0,1861.0,11.0,1753.7970714572002
2023-11-14,REBALANCE,158.9237518310547,,,,,,,,1861.0,1806.0,-55.0,8700.198396682448
2023-11-15,REBALANCE,159.04214477539062,,,,,,,,1806.0,1804.0,-2.0,173.20970344514353
2023-11-16,REBALANCE,159.63406372070312,,,,,,,,1804.0,1798.0,-6.0,922.9471912381123
2023-11-17,REBALANCE,160.3838348388672,,,,,,,,1798.0,1938.0,140.0,22608.177367369644
2023-11-20,REBALANCE,162.68251037597656,,,,,,,,1938.0,1911.0,-27.0,4300.392700989731
2023-11-21,REBALANCE,160.28518676757812,,,,,,,,1911.0,1940.0,29.0,4673.320494811051
2023-11-22,REBALANCE,159.93988037109375,,,,,,,,1940.0,2093.0,153.0,24616.353134473495
2023-11-24,REBALANCE,159.58473205566406,,,,,,,,2093.0,2098.0,5.0,888.8768618904869
2023-11-27,REBALANCE,159.48606872558594,,,,,,,,2098.0,2099.0,1.0,297.94886811607284
2023-11-28,REBALANCE,158.56858825683594,,,,,,,,2099.0,2112.0,13.0,2064.254303296737
2023-11-29,REBALANCE,160.0286865234375,,,,,,,,2112.0,2092.0,-20.0,3080.8648831046303
2023-11-30,REBALANCE,158.32192993164062,,,,,,,,2092.0,2115.0,23.0,3690.243637403182
2023-12-01,REBALANCE,158.9632110595703,,,,,,,,2115.0,2106.0,-9.0,1307.4703365958412
2023-12-04,REBALANCE,156.6448211669922,,,,,,,,2106.0,1985.0,-121.0,18915.6809700327
2023-12-05,REBALANCE,156.6448211669922,,,,,,,,1985.0,2137.0,152.0,23959.751037915878
2023-12-06,REBALANCE,155.38201904296875,,,,,,,,2137.0,2155.0,18.0,2848.346359571151
2023-12-07,REBALANCE,158.93362426757812,,,,,,,,2155.0,1956.0,-199.0,31523.647888978012
2023-12-08,REBALANCE,160.2950439453125,,,,,,,,1956.0,2089.0,133.0,21362.61509736412
2023-12-11,REBALANCE,164.1426239013672,,,,,,,,2089.0,2040.0,-49.0,7994.220275560685
2023-12-12,REBALANCE,165.87893676757812,,,,,,,,2040.0,2018.0,-22.0,3493.3099514640053
2023-12-13,REBALANCE,167.83230590820312,,,,,,,,2018.0,1995.0,-23.0,3785.8722683585365
2023-12-14,REBALANCE,170.93008422851562,,,,,,,,1995.0,1959.0,-36.0,6105.796981493302
2023-12-15,REBALANCE,171.7390594482422,,,,,,,,1959.0,1950.0,-9.0,1537.0964047110756
2023-12-18,REBALANCE,172.039794921875,,,,,,,,1950.0,1946.0,-4.0,577.8790432608803
2023-12-19,REBALANCE,172.61544799804688,,,,,,,,1946.0,1940.0,-6.0,1009.940749803849
2023-12-20,REBALANCE,167.81175231933594,,,,,,,,1940.0,1853.0,-87.0,14576.487091858871
2023-12-21,REBALANCE,171.96038818359375,,,,,,,,1853.0,1808.0,-45.0,7664.286896546371
2023-12-26,REBALANCE,174.35231018066406,,,,,,,,1808.0,1920.0,112.0,19670.744247754745
2023-12-27,REBALANCE,174.5408935546875,,,,,,,,1920.0,1918.0,-2.0,218.79457060463028
2023-12-28,REBALANCE,174.50120544433594,,,,,,,,1918.0,1919.0,1.0,206.4090121590416
2023-12-29,REBALANCE,173.55831909179688,,,,,,,,1919.0,1929.0,10.0,1841.3067172371666
2024-01-02,REBALANCE,167.70257568359375,,,,,,,,1929.0,1854.0,-75.0,12519.956085999496
2024-01-03,REBALANCE,164.72506713867188,,,,,,,,1854.0,1742.0,-112.0,18343.37071418733
2024-01-04,REBALANCE,163.75242614746094,,,,,,,,1742.0,1752.0,10.0,1800.177412033372
2024-01-05,REBALANCE,164.83425903320312,,,,,,,,1752.0,1886.0,134.0,22188.690581480972
2024-01-08,REBALANCE,170.67015075683594,,,,,,,,1886.0,1822.0,-64.0,10905.59191973973
2024-01-09,REBALANCE,171.12669372558594,,,,,,,,1822.0,1957.0,135.0,23106.88508637779
2024-01-10,REBALANCE,171.28549194335938,,,,,,,,1957.0,1955.0,-2.0,305.98667875892716
2024-01-11,REBALANCE,172.2581329345703,,,,,,,,1955.0,1944.0,-11.0,1864.9288326895912
2024-01-12,REBALANCE,171.6527099609375,,,,,,,,1944.0,1951.0,7.0,1206.8528903328697
2024-01-16,REBALANCE,174.382080078125,,,,,,,,1951.0,1783.0,-168.0,29241.125824769028
2024-01-17,REBALANCE,173.33004760742188,,,,,,,,1783.0,1656.0,-127.0,21990.571123122878
2024-01-18,REBALANCE,178.95750427246094,,,,,,,,1656.0,1604.0,-52.0,9296.723314284987
2024-01-19,REBALANCE,185.7759704589844,,,,,,,,1604.0,1673.0,69.0,12993.655791441852
2024-01-22,REBALANCE,186.6394500732422,,,,,,,,1673.0,1666.0,-7.0,1269.4875648813322
2024-01-23,REBALANCE,187.5922393798828,,,,,,,,1666.0,1785.0,119.0,22371.050247510604
2024-01-24,REBALANCE,190.9270477294922,,,,,,,,1785.0,1628.0,-157.0,29826.467789490707
2024-01-25,REBALANCE,190.9270477294922,,,,,,,,1628.0,1628.0,0.0,149.07870403956622
2024-01-26,REBALANCE,186.8578186035156,,,,,,,,1628.0,1664.0,36.0,6773.783721129468
2024-01-29,REBALANCE,189.0512237548828,,,,,,,,1664.0,1644.0,-20.0,3602.9239204721525
2024-01-30,REBALANCE,187.17539978027344,,,,,,,,1644.0,1661.0,17.0,3261.955168883316
2024-01-31,REBALANCE,184.47579956054688,,,,,,,,1661.0,1556.0,-105.0,19357.399309158034
2024-02-01,REBALANCE,186.16305541992188,,,,,,,,1556.0,1670.0,114.0,21308.59817425441
2024-02-02,REBALANCE,189.78567504882812,,,,,,,,1670.0,1638.0,-32.0,5963.764923890121
2024-02-05,REBALANCE,193.4877014160156,,,,,,,,1638.0,1607.0,-31.0,5954.542511780688
2024-02-06,REBALANCE,191.29428100585935,,,,,,,,1607.0,1625.0,18.0,3568.40283123689
2024-02-07,REBALANCE,195.15509033203125,,,,,,,,1625.0,1716.0,91.0,17772.69926484459
2024-02-08,REBALANCE,197.93408203125,,,,,,,,1716.0,1691.0,-25.0,4755.16371122963
2024-02-09,REBALANCE,202.32095336914065,,,,,,,,1691.0,1655.0,-36.0,7225.011092821485
2024-02-12,REBALANCE,201.536865234375,,,,,,,,1655.0,1543.0,-112.0,22565.199555237778
2024-02-13,REBALANCE,197.80506896972656,,,,,,,,1543.0,1451.0,-92.0,18156.31765937776
2024-02-14,REBALANCE,201.7750701904297,,,,,,,,1451.0,1422.0,-29.0,5718.723085403151
2024-02-15,REBALANCE,201.1001739501953,,,,,,,,1422.0,1427.0,5.0,1092.4564037325908
2024-02-16,REBALANCE,200.23667907714844,,,,,,,,1427.0,1433.0,6.0,1319.162717819505
2024-02-20,REBALANCE,196.2964630126953,,,,,,,,1433.0,1462.0,29.0,5764.072263717942
2024-02-21,REBALANCE,195.03599548339844,,,,,,,,1462.0,1471.0,9.0,1914.2783641818096
2024-02-22,REBALANCE,208.35533142089844,,,,,,,,1471.0,1377.0,-94.0,19433.788759231276
2024-02-23,REBALANCE,207.05516052246097,,,,,,,,1377.0,1501.0,124.0,25863.35636822408
2024-02-26,REBALANCE,208.77218627929688,,,,,,,,1501.0,1489.0,-12.0,2388.739197571762
2024-02-27,REBALANCE,208.1667633056641,,,,,,,,1489.0,1493.0,4.0,1018.0018455190002
2024-02-28,REBALANCE,205.854248046875,,,,,,,,1493.0,1510.0,17.0,3637.9200736684725
2024-02-29,REBALANCE,210.3601837158203,,,,,,,,1510.0,1478.0,-32.0,6665.565003235824
2024-03-01,REBALANCE,218.8857421875,,,,,,,,1478.0,1420.0,-58.0,12534.814545472153
2024-03-04,REBALANCE,222.40911865234375,,,,,,,,1420.0,1398.0,-22.0,4842.6360786752775
2024-03-05,REBALANCE,219.00485229492188,,,,,,,,1398.0,1310.0,-88.0,19111.879747390456
2024-03-06,REBALANCE,224.6521759033203,,,,,,,,1310.0,1277.0,-33.0,7237.446672439284
2024-03-07,REBALANCE,232.41351318359375,,,,,,,,1277.0,1235.0,-42.0,9735.152574538894
2024-03-08,REBALANCE,223.30238342285156,,,,,,,,1235.0,1285.0,50.0,11278.460233688646
2024-03-11,REBALANCE,219.32244873046875,,,,,,,,1285.0,1308.0,23.0,5227.5571422579815
2024-03-12,REBALANCE,226.260009765625,,,,,,,,1308.0,1374.0,66.0,15030.219634215347
2024-03-13,REBALANCE,221.7838592529297,,,,,,,,1374.0,1402.0,28.0,6247.289794127457
2024-03-14,REBALANCE,217.81385803222656,,,,,,,,1402.0,1317.0,-85.0,18318.125200271315
2024-03-15,REBALANCE,216.2060089111328,,,,,,,,1317.0,1327.0,10.0,2313.590024948411
2024-03-18,REBALANCE,216.6427001953125,,,,,,,,1327.0,1325.0,-2.0,427.9593982693623
2024-03-19,REBALANCE,216.1663055419922,,,,,,,,1325.0,1438.0,113.0,24557.9575645132
2024-03-20,REBALANCE,219.6301116943359,,,,,,,,1438.0,1415.0,-23.0,4849.788208802172
2024-03-21,REBALANCE,224.6124725341797,,,,,,,,1415.0,1491.0,76.0,17073.072418531112
2024-03-22,REBALANCE,225.9324951171875,,,,,,,,1491.0,1376.0,-115.0,25887.037812073715
2024-03-25,REBALANCE,225.3766937255859,,,,,,,,1376.0,1379.0,3.0,859.9818412466557
2024-03-26,REBALANCE,223.2825164794922,,,,,,,,1379.0,1392.0,13.0,3071.722182433121
2024-03-27,REBALANCE,223.20310974121097,,,,,,,,1392.0,1500.0,108.0,24200.992294629687
2024-03-28,REBALANCE,223.30238342285156,,,,,,,,1500.0,1392.0,-108.0,23975.262726624496
2024-04-01,REBALANCE,226.2302398681641,,,,,,,,1392.0,1374.0,-18.0,3934.1814888315857
2024-04-02,REBALANCE,223.3222198486328,,,,,,,,1374.0,1285.0,-89.0,19787.82631111116
2024-04-03,REBALANCE,224.21546936035156,,,,,,,,1285.0,1280.0,-5.0,1059.9743671414326
2024-04-04,REBALANCE,218.2406311035156,,,,,,,,1280.0,1315.0,35.0,7708.895948410383
2024-04-05,REBALANCE,220.97000122070312,,,,,,,,1315.0,1299.0,-16.0,3518.647844314284
2024-04-08,REBALANCE,221.3868408203125,,,,,,,,1299.0,1296.0,-3.0,524.6024646756123
2024-04-09,REBALANCE,222.41905212402344,,,,,,,,1296.0,1290.0,-6.0,1198.1877918240498
2024-04-10,REBALANCE,220.4836578369141,,,,,,,,1290.0,1301.0,11.0,2632.9851512911264
2024-04-11,REBALANCE,225.60496520996097,,,,,,,,1301.0,1272.0,-29.0,6455.155977248913
2024-04-12,REBALANCE,219.02468872070312,,,,,,,,1272.0,1310.0,38.0,8457.49970817595
2024-04-15,REBALANCE,215.72959899902344,,,,,,,,1310.0,1330.0,20.0,4451.129072189622
2024-04-16,REBALANCE,217.51609802246097,,,,,,,,1330.0,1319.0,-11.0,2239.50660896278
2024-04-17,REBALANCE,210.80679321289065,,,,,,,,1319.0,1361.0,42.0,9002.743513107533
2024-04-18,REBALANCE,207.06509399414065,,,,,,,,1361.0,1386.0,25.0,5241.310834884876
2024-04-19,REBALANCE,197.71575927734375,,,,,,,,1386.0,1451.0,65.0,13022.861402511888
2024-04-22,REBALANCE,201.4971618652344,,,,,,,,1451.0,1424.0,-27.0,5315.478105544811
2024-04-23,REBALANCE,206.24131774902344,,,,,,,,1424.0,1391.0,-33.0,6630.73271369905
2024-04-24,REBALANCE,206.47950744628903,,,,,,,,1391.0,1390.0,-1.0,156.0910968777025
2024-04-25,REBALANCE,210.6083068847656,,,,,,,,1390.0,1362.0,-28.0,5688.642808913835
2024-04-26,REBALANCE,216.0074920654297,,,,,,,,1362.0,1328.0,-34.0,7145.300432204909
2024-04-29,REBALANCE,216.7419586181641,,,,,,,,1328.0,1324.0,-4.0,776.417284011608
2024-04-30,REBALANCE,212.484130859375,,,,,,,,1324.0,1350.0,26.0,5727.914503097825
2024-05-01,REBALANCE,206.2909393310547,,,,,,,,1350.0,1391.0,41.0,8564.135663986497
2024-05-02,REBALANCE,210.43959045410156,,,,,,,,1391.0,1364.0,-27.0,5664.566560744948
2024-05-03,REBALANCE,216.09683227539065,,,,,,,,1364.0,1439.0,75.0,16222.233184019977
2024-05-06,REBALANCE,220.9997711181641,,,,,,,,1439.0,1407.0,-32.0,7040.358231385297
2024-05-07,REBALANCE,219.07432556152344,,,,,,,,1407.0,1419.0,12.0,2740.736342589371
2024-05-08,REBALANCE,219.73928833007812,,,,,,,,1419.0,1415.0,-4.0,831.7377327280119
2024-05-09,REBALANCE,218.32994079589844,,,,,,,,1415.0,1533.0,118.0,25962.85482819908
2024-05-10,REBALANCE,221.62506103515625,,,,,,,,1533.0,1511.0,-22.0,4851.4975124991615
2024-05-13,REBALANCE,221.58534240722656,,,,,,,,1511.0,1403.0,-108.0,23837.13996966649
2024-05-14,REBALANCE,225.3766937255859,,,,,,,,1403.0,1379.0,-24.0,5225.188889344165
2024-05-15,REBALANCE,232.14553833007812,,,,,,,,1379.0,1442.0,63.0,14771.023697217635
2024-05-16,REBALANCE,230.45828247070312,,,,,,,,1442.0,1453.0,11.0,2578.8777316414635
2024-05-17,REBALANCE,228.52291870117188,,,,,,,,1453.0,1570.0,117.0,26777.328828335158
2024-05-20,REBALANCE,233.23728942871097,,,,,,,,1570.0,1435.0,-135.0,31282.82334868086
2024-05-21,REBALANCE,232.9097595214844,,,,,,,,1435.0,1540.0,105.0,24595.624787807756
2024-05-22,REBALANCE,234.8153533935547,,,,,,,,1540.0,1426.0,-114.0,26715.92317167885
2024-05-23,REBALANCE,238.02113342285156,,,,,,,,1426.0,1407.0,-19.0,4518.415206590958
2024-05-24,REBALANCE,242.4278259277344,,,,,,,,1407.0,1480.0,73.0,17725.178620815568
2024-05-28,REBALANCE,247.95603942871097,,,,,,,,1480.0,1350.0,-130.0,32075.217300096876
2024-05-29,REBALANCE,243.8073883056641,,,,,,,,1350.0,1177.0,-173.0,42083.07045173622
2024-05-30,REBALANCE,240.4527587890625,,,,,,,,1177.0,1193.0,16.0,4044.0066661837627
2024-05-31,REBALANCE,238.6761779785156,,,,,,,,1193.0,1403.0,210.0,50159.04072602629
2024-06-03,REBALANCE,241.65367126464844,,,,,,,,1403.0,1286.0,-117.0,28061.78837664891
2024-06-04,REBALANCE,240.78028869628903,,,,,,,,1286.0,1291.0,5.0,1334.8611442251713
2024-06-05,REBALANCE,252.5016937255859,,,,,,,,1291.0,1326.0,35.0,8920.034454663983
2024-06-06,REBALANCE,250.51670837402344,,,,,,,,1326.0,1336.0,10.0,2714.5657504402916
2024-06-07,REBALANCE,250.3181915283203,,,,,,,,1336.0,1337.0,1.0,474.6171725594322
2024-06-10,REBALANCE,253.94081115722656,,,,,,,,1337.0,1318.0,-19.0,4619.143462816544
2024-06-11,REBALANCE,253.5636749267578,,,,,,,,1318.0,1320.0,2.0,702.7975009285728
2024-06-12,REBALANCE,261.1165771484375,,,,,,,,1320.0,1282.0,-38.0,9774.16078154213
2024-06-13,REBALANCE,265.2056884765625,,,,,,,,1282.0,1352.0,70.0,18827.437074184767
2024-06-14,REBALANCE,265.8805847167969,,,,,,,,1352.0,1259.0,-93.0,24570.829482714005
2024-06-17,REBALANCE,270.4361572265625,,,,,,,,1259.0,1238.0,-21.0,5579.400893846818
2024-06-18,REBALANCE,274.6840515136719,,,,,,,,1238.0,1219.0,-19.0,5159.1347195304115
2024-06-20,REBALANCE,266.9028625488281,,,,,,,,1219.0,1165.0,-54.0,14376.277039368637
2024-06-21,REBALANCE,262.903076171875,,,,,,,,1165.0,1182.0,17.0,4696.2286674184725
2024-06-24,REBALANCE,253.8614196777344,,,,,,,,1182.0,1224.0,42.0,10914.114348570758
2024-06-25,REBALANCE,259.8064880371094,,,,,,,,1224.0,1289.0,65.0,16896.579696973495
2024-06-26,REBALANCE,258.95294189453125,,,,,,,,1289.0,1293.0,4.0,1109.3789523445885
2024-06-27,REBALANCE,256.9183044433594,,,,,,,,1293.0,1303.0,10.0,2704.353409131698
2024-06-28,REBALANCE,258.7445068359375,,,,,,,,1303.0,1294.0,-9.0,2244.371352831193
2024-07-01,REBALANCE,259.0522155761719,,,,,,,,1294.0,1292.0,-2.0,313.84590117103653
2024-07-02,REBALANCE,261.65252685546875,,,,,,,,1292.0,1279.0,-13.0,3155.3436428702553
2024-07-03,REBALANCE,267.5976257324219,,,,,,,,1279.0,1251.0,-28.0,7357.642257372208
2024-07-08,REBALANCE,272.1531677246094,,,,,,,,1251.0,1230.0,-21.0,5563.891769090958
2024-07-09,REBALANCE,272.7486572265625,,,,,,,,1230.0,1227.0,-3.0,581.1273342765053
2024-07-10,REBALANCE,279.1601867675781,,,,,,,,1227.0,1199.0,-28.0,7629.82810942299
2024-07-11,REBALANCE,268.9870910644531,,,,,,,,1199.0,1245.0,46.0,12384.198868116073
2024-07-12,REBALANCE,272.3913879394531,,,,,,,,1245.0,1229.0,-16.0,4227.556930223771
2024-07-15,REBALANCE,271.7760314941406,,,,,,,,1229.0,1144.0,-85.0,23034.43029864598
2024-07-16,REBALANCE,271.65692138671875,,,,,,,,1144.0,1144.0,0.0,202.79434124659747
2024-07-17,REBALANCE,252.31312561035156,,,,,,,,1144.0,1137.0,-7.0,1589.3119373318623
2024-07-18,REBALANCE,253.6232147216797,,,,,,,,1137.0,1131.0,-6.0,1312.6913776394795
2024-07-19,REBALANCE,246.2787322998047,,,,,,,,1131.0,1165.0,34.0,8515.657529831224
2024-07-22,REBALANCE,255.786865234375,,,,,,,,1165.0,1122.0,-43.0,10934.79423713655
2024-07-23,REBALANCE,252.9483184814453,,,,,,,,1122.0,1134.0,12.0,3248.8904247286846
2024-07-24,REBALANCE,239.17242431640625,,,,,,,,1134.0,1200.0,66.0,15835.374586105638
2024-07-25,REBALANCE,234.78558349609375,,,,,,,,1200.0,1222.0,22.0,5314.203565597825
2024-07-26,REBALANCE,238.50746154785156,,,,,,,,1222.0,1203.0,-19.0,4399.214250564284
2024-07-29,REBALANCE,236.8102874755859,,,,,,,,1203.0,1212.0,9.0,2174.1279277805006
2024-07-30,REBALANCE,227.7487640380859,,,,,,,,1212.0,1260.0,48.0,11025.401746750227
2024-07-31,REBALANCE,245.13735961914065,,,,,,,,1260.0,1171.0,-89.0,21816.16935920692
2024-08-01,REBALANCE,229.27720642089844,,,,,,,,1171.0,1252.0,81.0,18573.295042038255
2024-08-02,REBALANCE,216.7915802001953,,,,,,,,1252.0,1324.0,72.0,15633.845350265794
2024-08-05,REBALANCE,211.70997619628903,,,,,,,,1324.0,1355.0,31.0,6752.895277023665
2024-08-06,REBALANCE,215.828857421875,,,,,,,,1355.0,1330.0,-25.0,5391.1980457303
2024-08-07,REBALANCE,209.88377380371097,,,,,,,,1330.0,1367.0,37.0,7911.48460197472
2024-08-08,REBALANCE,223.2229766845703,,,,,,,,1367.0,1285.0,-82.0,18088.905366897292
2024-08-09,REBALANCE,223.16342163085935,,,,,,,,1285.0,1286.0,1.0,291.90696525608655
2024-08-12,REBALANCE,225.2576141357422,,,,,,,,1286.0,1274.0,-12.0,2624.388017654128
2024-08-13,REBALANCE,234.4183654785156,,,,,,,,1274.0,1224.0,-50.0,11592.093858718523
2024-08-14,REBALANCE,234.61685180664065,,,,,,,,1224.0,1223.0,-1.0,114.12285041785799
2024-08-15,REBALANCE,244.52200317382812,,,,,,,,1223.0,1173.0,-50.0,11993.506120681472
2024-08-16,REBALANCE,244.8594665527344,,,,,,,,1173.0,1172.0,-1.0,163.25050544715486
2024-08-19,REBALANCE,249.4547119140625,,,,,,,,1172.0,1150.0,-22.0,5304.018602370925
2024-08-20,REBALANCE,246.19932556152344,,,,,,,,1150.0,1165.0,15.0,3927.679365158372
2024-08-21,REBALANCE,248.75006103515625,,,,,,,,1165.0,1153.0,-12.0,2736.917345046706
2024-08-22,REBALANCE,240.6016387939453,,,,,,,,1153.0,1193.0,40.0,9643.21423149138
2024-08-23,REBALANCE,246.52685546875,,,,,,,,1193.0,1164.0,-29.0,7049.634813308425
2024-08-26,REBALANCE,240.75050354003903,,,,,,,,1164.0,1192.0,28.0,6823.317640304915
2024-08-27,REBALANCE,243.1721954345703,,,,,,,,1192.0,1180.0,-12.0,2804.3531970974873
2024-08-28,REBALANCE,239.08311462402344,,,,,,,,1180.0,1200.0,20.0,4938.828504562669
2024-08-29,REBALANCE,236.12545776367188,,,,,,,,1200.0,1215.0,15.0,3706.354444504075
2024-08-30,REBALANCE,241.6338348388672,,,,,,,,1215.0,1187.0,-28.0,6528.205568313308
2024-09-03,REBALANCE,223.50086975097656,,,,,,,,1187.0,1284.0,97.0,21761.371366501146
2024-09-04,REBALANCE,222.9649200439453,,,,,,,,1284.0,1287.0,3.0,769.946424484544
2024-09-05,REBALANCE,222.5778350830078,,,,,,,,1287.0,1289.0,2.0,599.2300090792705
2024-09-06,REBALANCE,213.38731384277344,,,,,,,,1289.0,1345.0,56.0,12000.656217575364
2024-09-09,REBALANCE,218.2108459472656,,,,,,,,1345.0,1315.0,-30.0,6436.684038161882
2024-09-10,REBALANCE,220.27525329589844,,,,,,,,1315.0,1303.0,-12.0,2605.05432319612
2024-09-11,REBALANCE,231.64927673339844,,,,,,,,1303.0,1239.0,-64.0,14782.103822707839
2024-09-12,REBALANCE,232.14553833007812,,,,,,,,1239.0,1236.0,-3.0,571.4182300564717
2024-09-13,REBALANCE,235.13296508789065,,,,,,,,1236.0,1220.0,-16.0,3567.4410877225455
2024-09-16,REBALANCE,232.0462951660156,,,,,,,,1220.0,1237.0,17.0,3960.423658371321
2024-09-17,REBALANCE,231.9668884277344,,,,,,,,1237.0,1237.0,0.0,113.86277580284514
2024-09-18,REBALANCE,229.32684326171875,,,,,,,,1237.0,1251.0,14.0,3379.5986461642315
2024-09-19,REBALANCE,239.28160095214844,,,,,,,,1251.0,1199.0,-52.0,12284.37903022737
2024-09-20,REBALANCE,236.11553955078125,,,,,,,,1199.0,1215.0,16.0,3954.3718395236065
2024-09-23,REBALANCE,237.15765380859375,,,,,,,,1215.0,1210.0,-5.0,1089.645616531081
2024-09-24,REBALANCE,241.5742645263672,,,,,,,,1210.0,1188.0,-22.0,5247.956315993972
2024-09-25,REBALANCE,243.69821166992188,,,,,,,,1188.0,1177.0,-11.0,2456.5717029568623
2024-09-26,REBALANCE,250.72511291503903,,,,,,,,1177.0,1144.0,-33.0,8046.554140090593
2024-09-27,REBALANCE,245.88172912597656,,,,,,,,1144.0,1167.0,23.0,5768.205640793138
2024-09-30,REBALANCE,243.60890197753903,,,,,,,,1167.0,1178.0,11.0,2765.3151531222975
2024-10-01,REBALANCE,237.0881805419922,,,,,,,,1178.0,1210.0,32.0,7767.027082443528
2024-10-02,REBALANCE,240.50238037109375,,,,,,,,1210.0,1193.0,-17.0,3950.9764881131123
2024-10-03,REBALANCE,242.71566772460935,,,,,,,,1193.0,1182.0,-11.0,2502.887834548601
2024-10-04,REBALANCE,245.9611358642578,,,,,,,,1182.0,1167.0,-15.0,3669.158830642409
2024-10-07,REBALANCE,246.3581390380859,,,,,,,,1167.0,1165.0,-2.0,443.04449653590564
2024-10-08,REBALANCE,250.62586975097656,,,,,,,,1165.0,1145.0,-20.0,4922.23449897737
2024-10-09,REBALANCE,253.23614501953125,,,,,,,,1145.0,1133.0,-12.0,2898.482286452956
2024-10-10,REBALANCE,252.73988342285156,,,,,,,,1133.0,1135.0,2.0,702.6158428195049
2024-10-11,REBALANCE,254.7646026611328,,,,,,,,1135.0,1126.0,-9.0,2100.920259475417
2024-10-14,REBALANCE,259.3201599121094,,,,,,,,1126.0,1106.0,-20.0,4937.596300124831
2024-10-15,REBALANCE,245.3060760498047,,,,,,,,1106.0,1170.0,64.0,15748.38364982634
2024-10-16,REBALANCE,245.4648895263672,,,,,,,,1170.0,1169.0,-1.0,137.01698493928416
2024-10-17,REBALANCE,249.69293212890625,,,,,,,,1169.0,1149.0,-20.0,4834.133897781081
2024-10-18,REBALANCE,249.6234436035156,,,,,,,,1149.0,1149.0,0.0,239.5670604709303
2024-10-21,REBALANCE,250.94346618652344,,,,,,,,1149.0,1143.0,-6.0,1277.1388874051045
2024-10-22,REBALANCE,249.80209350585935,,,,,,,,1143.0,1149.0,6.0,1533.1108837131178
2024-10-23,REBALANCE,247.14219665527344,,,,,,,,1149.0,1161.0,12.0,3090.5198040011455
2024-10-24,REBALANCE,248.184326171875,,,,,,,,1161.0,1156.0,-5.0,1085.0989246365498
2024-10-25,REBALANCE,251.0625762939453,,,,,,,,1156.0,1143.0,-13.0,3171.434434890456
2024-10-28,REBALANCE,249.32571411132812,,,,,,,,1143.0,1151.0,8.0,2077.6125316622783
2024-10-29,REBALANCE,254.99285888671875,,,,,,,,1151.0,1125.0,-26.0,6439.876817702956
2024-10-30,REBALANCE,248.79965209960935,,,,,,,,1125.0,1153.0,28.0,7157.295148849837
2024-10-31,REBALANCE,239.86717224121097,,,,,,,,1153.0,1196.0,43.0,10490.054166794056
2024-11-01,REBALANCE,242.9141540527344,,,,,,,,1196.0,1181.0,-15.0,3468.4244861600455
2024-11-04,REBALANCE,242.4377593994141,,,,,,,,1181.0,1184.0,3.0,737.9099102022592
2024-11-05,REBALANCE,246.44744873046875,,,,,,,,1184.0,1164.0,-20.0,4736.875535964675
2024-11-06,REBALANCE,252.8986968994141,,,,,,,,1164.0,1135.0,-29.0,7317.179430007702
2024-11-07,REBALANCE,259.0621032714844,,,,,,,,1135.0,1108.0,-27.0,6978.58345222444
2024-11-08,REBALANCE,257.39471435546875,,,,,,,,1108.0,1115.0,7.0,1863.5602550509502
2024-11-11,REBALANCE,251.6282958984375,,,,,,,,1115.0,1140.0,25.0,6491.353834152513
2024-11-12,REBALANCE,249.9708251953125,,,,,,,,1140.0,1148.0,8.0,2090.163038254075
2024-11-13,REBALANCE,245.77256774902344,,,,,,,,1148.0,1167.0,19.0,4909.995985031419
2024-11-14,REBALANCE,246.31842041015625,,,,,,,,1167.0,1165.0,-2.0,396.69285774201853
2024-11-15,REBALANCE,238.1501617431641,,,,,,,,1165.0,1205.0,40.0,9611.965330124134
2024-11-18,REBALANCE,239.7282257080078,,,,,,,,1205.0,1197.0,-8.0,1815.6082172390888
2024-11-19,REBALANCE,242.34841918945312,,,,,,,,1197.0,1184.0,-13.0,3034.1540088650654
2024-11-20,REBALANCE,240.72071838378903,,,,,,,,1184.0,1192.0,8.0,2043.5731945041334
2024-11-21,REBALANCE,244.25404357910156,,,,,,,,1192.0,1175.0,-17.0,4093.9161853787373
2024-11-22,REBALANCE,242.7851104736328,,,,,,,,1175.0,1182.0,7.0,1784.3989543917705
2024-11-25,REBALANCE,241.83233642578125,,,,,,,,1182.0,1187.0,5.0,1211.0821056368877
2024-11-26,REBALANCE,239.609130859375,,,,,,,,1187.0,1198.0,11.0,2640.8654308322
2024-11-27,REBALANCE,236.46290588378903,,,,,,,,1198.0,1213.0,15.0,3774.3425121310866
2024-11-29,REBALANCE,240.31381225585935,,,,,,,,1213.0,1294.0,81.0,19477.658141295484
2024-12-02,REBALANCE,246.0107421875,,,,,,,,1294.0,1264.0,-30.0,7359.5879829721525
2024-12-03,REBALANCE,246.55662536621097,,,,,,,,1264.0,1261.0,-3.0,669.2620552378357
2024-12-04,REBALANCE,250.73504638671875,,,,,,,,1261.0,1240.0,-21.0,5198.581085999496
2024-12-05,REBALANCE,246.43751525878903,,,,,,,,1240.0,1261.0,21.0,5395.793486754468
2024-12-06,REBALANCE,246.7451934814453,,,,,,,,1261.0,1357.0,96.0,23754.03207429283
2024-12-09,REBALANCE,244.22425842285156,,,,,,,,1357.0,1175.0,-182.0,44355.414918899245
2024-12-10,REBALANCE,238.0806884765625,,,,,,,,1175.0,1205.0,30.0,7312.094800949388
2024-12-11,REBALANCE,243.9066619873047,,,,,,,,1205.0,1274.0,69.0,17070.7847129507
2024-12-12,REBALANCE,241.5445098876953,,,,,,,,1274.0,1287.0,13.0,3250.6068107290193
2024-12-13,REBALANCE,247.61859130859375,,,,,,,,1287.0,1255.0,-32.0,7706.814606507309
2024-12-16,REBALANCE,251.3503875732422,,,,,,,,1255.0,1142.0,-113.0,28387.83264350862
2024-12-17,REBALANCE,248.0850830078125,,,,,,,,1142.0,1157.0,15.0,3743.73896598845
2024-12-18,REBALANCE,240.17486572265625,,,,,,,,1157.0,1195.0,38.0,9174.584119797044
2024-12-19,REBALANCE,237.0782470703125,,,,,,,,1195.0,1210.0,15.0,3748.3985118868877
2024-12-20,REBALANCE,240.88946533203125,,,,,,,,1210.0,1191.0,-19.0,4419.349290847487
2024-12-23,REBALANCE,248.44692993164065,,,,,,,,1191.0,1155.0,-36.0,8843.389787673717
2024-12-24,REBALANCE,250.5902557373047,,,,,,,,1155.0,1145.0,-10.0,2374.841615676589
2024-12-26,REBALANCE,250.1516265869141,,,,,,,,1145.0,1147.0,2.0,633.2913188936654
2024-12-27,REBALANCE,247.6294708251953,,,,,,,,1147.0,1159.0,12.0,3025.900724411302
2024-12-30,REBALANCE,243.9010772705078,,,,,,,,1159.0,1176.0,17.0,4375.5552043917705
2024-12-31,REBALANCE,241.41879272460935,,,,,,,,1176.0,1189.0,13.0,3148.4035167697584
2025-01-02,REBALANCE,244.0306701660156,,,,,,,,1189.0,1176.0,-13.0,3095.5630664821947
2025-01-03,REBALANCE,251.09869384765625,,,,,,,,1176.0,1143.0,-33.0,8235.160203933425
2025-01-06,REBALANCE,259.42279052734375,,,,,,,,1143.0,1106.0,-37.0,9463.345811843581
2025-01-07,REBALANCE,253.25196838378903,,,,,,,,1106.0,1133.0,27.0,6960.22672843968
2025-01-08,REBALANCE,251.4475860595703,,,,,,,,1133.0,1141.0,8.0,2166.788755417161
2025-01-10,REBALANCE,246.4132537841797,,,,,,,,1141.0,1164.0,23.0,5899.381193161302
2025-01-13,REBALANCE,243.88113403320312,,,,,,,,1164.0,1177.0,13.0,3179.2637462618877
2025-01-14,REBALANCE,244.6786651611328,,,,,,,,1177.0,1173.0,-4.0,929.8851337429951
2025-01-15,REBALANCE,250.43077087402344,,,,,,,,1173.0,1146.0,-27.0,6698.390474319167
2025-01-16,REBALANCE,251.5074005126953,,,,,,,,1146.0,1141.0,-5.0,1170.577226638503
2025-01-17,REBALANCE,257.44891357421875,,,,,,,,1141.0,1115.0,-26.0,6692.3066272732685
2025-01-21,REBALANCE,261.5760803222656,,,,,,,,1115.0,1097.0,-18.0,4600.425798415847
2025-01-22,REBALANCE,266.3412780761719,,,,,,,,1097.0,1077.0,-20.0,5119.478288650222
2025-01-23,REBALANCE,266.0222473144531,,,,,,,,1077.0,1079.0,2.0,550.9434032443096
2025-01-24,REBALANCE,260.71875,,,,,,,,1079.0,1101.0,22.0,5741.372510910325
2025-01-27,REBALANCE,235.0785217285156,,,,,,,,1101.0,1221.0,120.0,28235.45133781465
2025-01-28,REBALANCE,239.70413208007812,,,,,,,,1221.0,1197.0,-24.0,5621.841508865065
2025-01-29,REBALANCE,238.7869873046875,,,,,,,,1197.0,1202.0,5.0,1228.8799571993877
2025-01-30,REBALANCE,244.4095001220703,,,,,,,,1202.0,1174.0,-28.0,6723.31538581819
2025-01-31,REBALANCE,242.8643035888672,,,,,,,,1174.0,1181.0,7.0,1934.211347580247
2025-02-03,REBALANCE,238.0393218994141,,,,,,,,1181.0,1205.0,24.0,5932.464597702259
2025-02-04,REBALANCE,240.72097778320312,,,,,,,,1205.0,1192.0,-13.0,3011.8744678494404
2025-02-05,REBALANCE,246.37338256835935,,,,,,,,1192.0,1165.0,-27.0,6620.168260573992
2025-02-06,REBALANCE,247.5796356201172,,,,,,,,1165.0,1159.0,-6.0,1373.3717365261982
2025-02-07,REBALANCE,244.24002075195312,,,,,,,,1159.0,1175.0,16.0,3982.7197093966533
2025-02-10,REBALANCE,248.84568786621097,,,,,,,,1175.0,1153.0,-22.0,5336.779481887585
2025-02-11,REBALANCE,249.09490966796875,,,,,,,,1153.0,1152.0,-1.0,149.52708625764353
2025-02-12,REBALANCE,247.7391357421875,,,,,,,,1152.0,1158.0,6.0,1661.4193859103252
2025-02-13,REBALANCE,251.1385498046875,,,,,,,,1158.0,1143.0,-15.0,3761.5369129178
2025-02-14,REBALANCE,251.7965087890625,,,,,,,,1143.0,1140.0,-3.0,746.5057849881123
2025-02-18,REBALANCE,255.4252166748047,,,,,,,,1140.0,1123.0,-17.0,4127.8432483670185
2025-02-19,REBALANCE,256.541748046875,,,,,,,,1123.0,1118.0,-5.0,1039.4792957302998
2025-02-20,REBALANCE,257.00030517578125,,,,,,,,1118.0,1116.0,-2.0,269.4374256131123
2025-02-21,REBALANCE,249.2145538330078,,,,,,,,1116.0,1151.0,35.0,8933.461683273606
2025-02-24,REBALANCE,242.6649169921875,,,,,,,,1151.0,1182.0,31.0,7749.584302902513
2025-02-25,REBALANCE,237.51095581054688,,,,,,,,1182.0,1208.0,26.0,6318.953992843919
2025-02-26,REBALANCE,243.06369018554688,,,,,,,,1208.0,1180.0,-28.0,6564.0339832303
2025-02-27,REBALANCE,228.08029174804688,,,,,,,,1180.0,1258.0,78.0,17922.159498215013
2025-02-28,REBALANCE,232.04795837402344,,,,,,,,1258.0,1237.0,-21.0,4859.427873611159
2025-03-03,BEAR_EXIT,,1237.0,,,236337.1552168529,108.614501953125,222.3182373046875,140651.5206298828,,,,
2025-05-23,ENTER,236.70347595214844,2995.3572198233846,3.0,22.290000915527344,236337.1552168529,,,,,,,
2025-05-27,REBALANCE,244.21011352539065,,,,,,,,2995.3572198233846,2903.0,-92.35721982338464,22485.06105160853
2025-05-28,REBALANCE,241.60821533203125,,,,,,,,2903.0,2934.0,31.0,7622.816541671986
2025-05-29,REBALANCE,243.3228759765625,,,,,,,,2934.0,2913.0,-21.0,4897.8524646756705
2025-05-30,STOP,,2913.0,,,232083.08642294956,236.70347595214844,234.6398836556624,-4254.068793903352,,,,
2025-05-30,RE_ENTER,239.0063018798828,2913.100005282547,3.0,18.56999969482422,232083.08642294956,,,,,,,
2025-06-02,REBALANCE,242.54530334472656,,,,,,,,2913.100005282547,2870.0,-43.100005282547045,10309.465185931185
2025-06-03,REBALANCE,248.0182647705078,,,,,,,,2870.0,2807.0,-63.0,15563.16062250873
2025-06-04,REBALANCE,250.96908569335935,,,,,,,,2807.0,2774.0,-33.0,8220.964272410958
2025-06-05,REBALANCE,250.52047729492188,,,,,,,,2774.0,2779.0,5.0,1305.4552527354099
2025-06-06,REBALANCE,251.946044921875,,,,,,,,2779.0,2763.0,-16.0,3908.799569041934
2025-06-09,REBALANCE,256.16290283203125,,,,,,,,2763.0,2717.0,-46.0,11528.841256053653
2025-06-10,REBALANCE,261.257080078125,,,,,,,,2717.0,2664.0,-53.0,13586.227303416934
2025-06-11,REBALANCE,261.0676574707031,,,,,,,,2664.0,2666.0,2.0,765.0197668955661
2025-06-12,REBALANCE,262.3337097167969,,,,,,,,2666.0,2654.0,-12.0,3132.4108361317776
2025-06-13,REBALANCE,256.19281005859375,,,,,,,,2654.0,2717.0,63.0,16313.541373340879
2025-06-16,REBALANCE,262.5630187988281,,,,,,,,2717.0,2651.0,-66.0,17134.462807567324
2025-06-17,REBALANCE,260.778564453125,,,,,,,,2651.0,2669.0,18.0,4925.284903614316
2025-06-18,REBALANCE,261.77545166015625,,,,,,,,2669.0,2659.0,-10.0,2429.42121210834
2025-06-20,REBALANCE,259.462646484375,,,,,,,,2659.0,2683.0,24.0,6338.082266895566
2025-06-23,REBALANCE,261.1075439453125,,,,,,,,2683.0,2666.0,-17.0,4302.281136424746
2025-06-24,REBALANCE,270.69769287109375,,,,,,,,2666.0,2572.0,-94.0,25430.789925487246
2025-06-25,REBALANCE,274.3463439941406,,,,,,,,2572.0,2537.0,-35.0,9369.537484080996
2025-06-26,REBALANCE,276.34014892578125,,,,,,,,2537.0,2519.0,-18.0,4825.69855585834
2025-06-27,REBALANCE,277.5563659667969,,,,,,,,2519.0,2508.0,-11.0,2915.226601512637
2025-06-30,REBALANCE,278.0149230957031,,,,,,,,2508.0,2504.0,-4.0,1012.1678551747464
2025-07-01,REBALANCE,274.9843444824219,,,,,,,,2504.0,2531.0,27.0,7688.460684864316
2025-07-02,REBALANCE,280.3775634765625,,,,,,,,2531.0,2483.0,-48.0,13386.353890330996
2025-07-03,REBALANCE,282.740234375,,,,,,,,2483.0,2462.0,-21.0,5794.742684276309
2025-07-07,REBALANCE,278.8922119140625,,,,,,,,2462.0,2496.0,34.0,9616.633536426816
2025-07-08,REBALANCE,282.6006774902344,,,,,,,,2496.0,2463.0,-33.0,9122.031746776309
2025-07-09,REBALANCE,284.53466796875,,,,,,,,2463.0,2446.0,-17.0,4559.627938182559
2025-07-10,REBALANCE,286.62811279296875,,,,,,,,2446.0,2429.0,-17.0,4843.104622752871
2025-07-11,REBALANCE,286.59820556640625,,,,,,,,2429.0,2429.0,0.0,102.21794804790989
2025-07-14,REBALANCE,284.4349670410156,,,,,,,,2429.0,2447.0,18.0,5356.724326221738
2025-07-15,REBALANCE,289.89794921875,,,,,,,,2447.0,2401.0,-46.0,13131.022469432559
2025-07-16,REBALANCE,288.3826599121094,,,,,,,,2401.0,2414.0,13.0,3842.4928198740818
2025-07-17,REBALANCE,290.80511474609375,,,,,,,,2414.0,2394.0,-20.0,5754.287728221621
2025-07-18,REBALANCE,289.40948486328125,,,,,,,,2394.0,2405.0,11.0,3402.9525061533786
2025-07-21,REBALANCE,289.6088562011719,,,,,,,,2405.0,2404.0,-1.0,260.03989496966824
2025-07-22,REBALANCE,284.48480224609375,,,,,,,,2404.0,2447.0,43.0,12347.794669239316
2025-07-23,REBALANCE,285.720947265625,,,,,,,,2447.0,2436.0,-11.0,2909.898690135684
2025-07-24,REBALANCE,286.9072570800781,,,,,,,,2436.0,2426.0,-10.0,2656.8189782216214
2025-07-25,REBALANCE,286.59820556640625,,,,,,,,2426.0,2429.0,3.0,962.0125647471286
2025-07-28,REBALANCE,290.5060729980469,,,,,,,,2429.0,2396.0,-33.0,9389.992043407168
2025-07-29,REBALANCE,291.9914245605469,,,,,,,,2396.0,2384.0,-12.0,3362.1939782216214
2025-07-30,REBALANCE,295.3410339355469,,,,,,,,2384.0,2357.0,-27.0,7843.765633495059
2025-07-31,REBALANCE,287.88421630859375,,,,,,,,2357.0,2418.0,61.0,17706.161429493222
2025-08-01,REBALANCE,283.0692138671875,,,,,,,,2418.0,2459.0,41.0,11787.900137989316
2025-08-04,REBALANCE,289.28985595703125,,,,,,,,2459.0,2406.0,-53.0,15114.496529491153
2025-08-05,REBALANCE,286.2094421386719,,,,,,,,2406.0,2432.0,26.0,7629.34148320416
2025-08-06,REBALANCE,285.7309265136719,,,,,,,,2432.0,2436.0,4.0,1351.6459875986911
2025-08-07,REBALANCE,290.2169494628906,,,,,,,,2436.0,2399.0,-37.0,10719.229622752871
2025-08-08,REBALANCE,292.6194763183594,,,,,,,,2399.0,2379.0,-20.0,5744.8644188954495
2025-08-11,REBALANCE,292.4898681640625,,,,,,,,2379.0,2380.0,1.0,415.86290654400364
2025-08-12,REBALANCE,299.1690979003906,,,,,,,,2380.0,2327.0,-53.0,15773.193734080996
2025-08-13,REBALANCE,300.345458984375,,,,,,,,2327.0,2318.0,-9.0,2654.623787791934
2025-08-14,REBALANCE,300.98345947265625,,,,,,,,2318.0,2313.0,-5.0,1430.3997887684964
2025-08-15,REBALANCE,294.73291015625,,,,,,,,2313.0,2362.0,49.0,14532.038077442441
2025-08-18,REBALANCE,295.93914794921875,,,,,,,,2362.0,2352.0,-10.0,2759.0081872059964
2025-08-19,REBALANCE,289.9677429199219,,,,,,,,2352.0,2401.0,49.0,14245.127921192441
2025-08-20,REBALANCE,288.06365966796875,,,,,,,,2401.0,2416.0,15.0,4608.412406055722
2025-08-21,REBALANCE,286.56829833984375,,,,,,,,2416.0,2429.0,13.0,3900.250479786191
2025-08-22,REBALANCE,292.7291564941406,,,,,,,,2429.0,2378.0,-51.0,14789.861855418887
2025-08-25,REBALANCE,293.00830078125,,,,,,,,2378.0,2376.0,-2.0,524.4799889638089
2025-08-26,REBALANCE,295.8294982910156,,,,,,,,2376.0,2353.0,-23.0,6641.628670604434
2025-08-27,REBALANCE,296.7366638183594,,,,,,,,2353.0,2346.0,-7.0,1972.1106957509182
2025-08-28,REBALANCE,297.952880859375,,,,,,,,2346.0,2336.0,-10.0,2748.199227245059
2025-08-29,REBALANCE,289.3895568847656,,,,,,,,2336.0,2405.0,69.0,20235.25438603619
2025-09-02,REBALANCE,285.59136962890625,,,,,,,,2405.0,2437.0,32.0,9402.01531132916
2025-09-03,REBALANCE,285.54150390625,,,,,,,,2437.0,2438.0,1.0,384.61424931744114
2025-09-04,REBALANCE,288.9608459472656,,,,,,,,2438.0,2409.0,-29.0,8237.283150584903
2025-09-05,REBALANCE,292.3702697753906,,,,,,,,2409.0,2381.0,-28.0,8070.7206200673245
2025-09-08,REBALANCE,295.6001892089844,,,,,,,,2381.0,2355.0,-26.0,7574.791237743106
2025-09-09,REBALANCE,296.8861999511719,,,,,,,,2355.0,2345.0,-10.0,2917.7416161610745
2025-09-10,REBALANCE,299.8968200683594,,,,,,,,2345.0,2321.0,-24.0,7008.783791454043
2025-09-11,REBALANCE,302.9872131347656,,,,,,,,2321.0,2297.0,-24.0,6984.0624169423245
2025-09-12,REBALANCE,303.37603759765625,,,,,,,,2297.0,2295.0,-2.0,605.4990929677151
2025-09-15,REBALANCE,306.2171936035156,,,,,,,,2295.0,2273.0,-22.0,6519.200051219668
2025-09-16,REBALANCE,306.2570495605469,,,,,,,,2273.0,2273.0,0.0,126.98561772564426
2025-09-17,REBALANCE,304.3031311035156,,,,,,,,2273.0,2288.0,15.0,4568.2422705576755
2025-09-18,REBALANCE,315.9867858886719,,,,,,,,2288.0,2203.0,-85.0,26728.50684443256
2025-09-19,REBALANCE,314.7306823730469,,,,,,,,2203.0,2212.0,9.0,2897.5660010264255
2025-09-22,REBALANCE,321.170654296875,,,,,,,,2212.0,2167.0,-45.0,14180.228035838809
2025-09-23,REBALANCE,320.7021179199219,,,,,,,,2167.0,2171.0,4.0,1287.769736377988
2025-09-24,REBALANCE,320.1139221191406,,,,,,,,2171.0,2175.0,4.0,1281.9343481943943
2025-09-25,REBALANCE,320.0640869140625,,,,,,,,2175.0,2175.0,0.0,109.87023076275364
2025-09-26,REBALANCE,320.8217468261719,,,,,,,,2175.0,2170.0,-5.0,1538.040078075137
2025-09-29,REBALANCE,321.65911865234375,,,,,,,,2170.0,2164.0,-6.0,1751.0282067372464
2025-09-30,REBALANCE,325.3476257324219,,,,,,,,2164.0,2140.0,-24.0,7803.002816112246
2025-10-01,REBALANCE,332.6549072265625,,,,,,,,2140.0,2093.0,-47.0,15632.242195995059
2025-10-02,REBALANCE,337.1907958984375,,,,,,,,2093.0,2064.0,-29.0,9491.076546580996
2025-10-03,REBALANCE,335.6356201171875,,,,,,,,2064.0,2074.0,10.0,3497.339346973691
2025-10-06,REBALANCE,342.3148498535156,,,,,,,,2074.0,2033.0,-41.0,13711.739327342715
2025-10-07,REBALANCE,336.0044860839844,,,,,,,,2033.0,2072.0,39.0,13152.139060108457
2025-10-08,REBALANCE,344.99652099609375,,,,,,,,2072.0,2018.0,-54.0,18583.53223505756
2025-10-09,REBALANCE,344.13916015625,,,,,,,,2018.0,2023.0,5.0,1776.4340735361911
2025-10-10,REBALANCE,324.330810546875,,,,,,,,2023.0,2146.0,123.0,40128.029532520566
2025-10-13,REBALANCE,338.69610595703125,,,,,,,,2146.0,2055.0,-91.0,30592.58411494037
2025-10-14,REBALANCE,332.46551513671875,,,,,,,,2055.0,2094.0,39.0,13032.62566289166
2025-10-15,REBALANCE,340.7198181152344,,,,,,,,2094.0,2043.0,-51.0,17218.03986445209
2025-10-16,REBALANCE,342.2350769042969,,,,,,,,2043.0,2034.0,-9.0,2937.0028466298245
2025-10-17,REBALANCE,341.76654052734375,,,,,,,,2034.0,2037.0,3.0,1096.1158362315036
2025-10-20,REBALANCE,346.1429443359375,,,,,,,,2037.0,2011.0,-26.0,8843.918343455996
2025-10-21,REBALANCE,344.2288818359375,,,,,,,,2011.0,2022.0,11.0,4004.9778967783786
2025-10-22,REBALANCE,337.5496826171875,,,,,,,,2022.0,2062.0,40.0,13723.801016895566
2025-10-23,REBALANCE,343.7304382324219,,,,,,,,2062.0,2025.0,-37.0,12522.904366405215
2025-10-24,REBALANCE,350.0508117675781,,,,,,,,2025.0,1988.0,-37.0,12603.634560497012
2025-10-27,REBALANCE,358.823486328125,,,,,,,,1988.0,1940.0,-48.0,17091.83155146381
2025-10-28,REBALANCE,361.983642578125,,,,,,,,1940.0,1923.0,-17.0,5999.007332713809
2025-10-29,REBALANCE,367.4665832519531,,,,,,,,1923.0,1894.0,-29.0,10388.980324657168
2025-10-30,REBALANCE,362.6017456054687,,,,,,,,1894.0,1920.0,26.0,9481.553092090995
2025-10-31,REBALANCE,361.8939208984375,,,,,,,,1920.0,1923.0,3.0,1412.9311438486911
2025-11-03,REBALANCE,364.9643859863281,,,,,,,,1923.0,1907.0,-16.0,5577.254982860293
2025-11-04,REBALANCE,351.665771484375,,,,,,,,1907.0,1979.0,72.0,25622.633048145566
2025-11-05,REBALANCE,358.3848571777344,,,,,,,,1979.0,1942.0,-37.0,12994.373085887637
2025-11-06,REBALANCE,350.0009460449219,,,,,,,,1942.0,1989.0,47.0,16547.42204961041
2025-11-07,REBALANCE,347.0401611328125,,,,,,,,1989.0,2006.0,17.0,5986.378775684629
2025-11-10,REBALANCE,357.67706298828125,,,,,,,,2006.0,1946.0,-60.0,21250.929085643496
2025-11-11,REBALANCE,349.9610595703125,,,,,,,,1946.0,1989.0,43.0,15225.037345020566
2025-11-12,REBALANCE,354.4271545410156,,,,,,,,1989.0,1964.0,-25.0,8706.351113231387
2025-11-13,REBALANCE,343.7503967285156,,,,,,,,1964.0,2025.0,61.0,21123.480094044004
2025-11-14,REBALANCE,343.909912109375,,,,,,,,2025.0,2024.0,-1.0,168.31275263568386
2025-11-17,REBALANCE,339.244384765625,,,,,,,,2024.0,2052.0,28.0,9618.624503223691
2025-11-18,REBALANCE,332.25616455078125,,,,,,,,2052.0,2095.0,43.0,14459.609610645566
2025-11-19,REBALANCE,338.3870849609375,,,,,,,,2095.0,2057.0,-38.0,12671.683724315371
2025-11-20,REBALANCE,324.091552734375,,,,,,,,2057.0,2148.0,91.0,29592.935294239316
2025-11-21,REBALANCE,325.1183776855469,,,,,,,,2148.0,2141.0,-7.0,2105.0159997059964
2025-11-24,REBALANCE,338.06805419921875,,,,,,,,2141.0,2059.0,-82.0,27554.444771678653
2025-11-25,REBALANCE,338.955322265625,,,,,,,,2059.0,2054.0,-5.0,1659.7492760731839
2025-11-26,REBALANCE,346.63140869140625,,,,,,,,2054.0,2008.0,-46.0,15731.654183299746
2025-11-28,REBALANCE,351.187255859375,,,,,,,,2008.0,1982.0,-26.0,8934.750496776309
2025-12-01,REBALANCE,351.8651428222656,,,,,,,,1982.0,1978.0,-4.0,1147.4538048817776
2025-12-02,REBALANCE,358.3150634765625,,,,,,,,1978.0,1943.0,-35.0,12497.936287791934
2025-12-03,REBALANCE,363.23974609375,,,,,,,,1943.0,1916.0,-27.0,9525.567391307559
2025-12-04,REBALANCE,360.4783325195313,,,,,,,,1916.0,1931.0,15.0,5572.7741614267
2025-12-05,REBALANCE,363.28961181640625,,,,,,,,1931.0,1916.0,-15.0,5262.981148631778
2025-12-08,REBALANCE,367.4067687988281,,,,,,,,1916.0,1895.0,-21.0,7702.109749705996
2025-12-09,REBALANCE,367.8553771972656,,,,,,,,1895.0,1892.0,-3.0,836.6805199696682
2025-12-10,REBALANCE,372.9395751953125,,,,,,,,1892.0,1866.0,-26.0,9352.417000682559
2025-12-11,REBALANCE,369.7395324707031,,,,,,,,1866.0,1883.0,17.0,6315.29167851666
2025-12-12,REBALANCE,353.02154541015625,,,,,,,,1883.0,1972.0,89.0,31509.689261524472
2025-12-15,REBALANCE,351.8053283691406,,,,,,,,1972.0,1979.0,7.0,2489.1517249033786
2025-12-16,REBALANCE,350.8482971191406,,,,,,,,1979.0,1984.0,5.0,1920.4792700693943
2025-12-17,REBALANCE,338.18768310546875,,,,,,,,1984.0,2058.0,74.0,25284.89598759869
2025-12-18,REBALANCE,346.1728515625,,,,,,,,2058.0,2011.0,-47.0,16174.469246776309
2025-12-19,REBALANCE,355.125,,,,,,,,2011.0,1960.0,-51.0,17907.11573115131
2025-12-22,REBALANCE,359.70001220703125,,,,,,,,1960.0,1935.0,-25.0,8762.764656932559
2025-12-23,REBALANCE,363.1600036621094,,,,,,,,1935.0,1917.0,-18.0,6465.3478173329495
2025-12-24,REBALANCE,364.1700134277344,,,,,,,,1917.0,2071.0,154.0,56156.115133619285
2025-12-26,REBALANCE,365.8599853515625,,,,,,,,2071.0,2061.0,-10.0,3425.9987884998554
2025-12-29,REBALANCE,364.2099914550781,,,,,,,,2061.0,1911.0,-150.0,54387.533120067324
2025-12-30,REBALANCE,363.30999755859375,,,,,,,,1911.0,1916.0,5.0,1963.8539343760349
2025-12-31,REBALANCE,360.1300048828125,,,,,,,,1916.0,1933.0,17.0,6240.169913379941
2026-01-02,REBALANCE,373.2999877929687,,,,,,,,1933.0,1865.0,-68.0,25339.617134959786
2026-01-05,REBALANCE,377.5899963378906,,,,,,,,1865.0,1843.0,-22.0,7956.0839013173245
2026-01-06,REBALANCE,387.6199951171875,,,,,,,,1843.0,1796.0,-47.0,18134.39173212787
2026-01-07,REBALANCE,385.0199890136719,,,,,,,,1796.0,1808.0,12.0,4753.359000294004
2026-01-08,REBALANCE,378.9800109863281,,,,,,,,1808.0,1837.0,29.0,11053.399405567441
2026-01-09,REBALANCE,389.2200012207031,,,,,,,,1837.0,1788.0,-49.0,18747.88297358295
2026-01-12,REBALANCE,390.6600036621094,,,,,,,,1788.0,1782.0,-6.0,2250.8272790028714
2026-01-13,REBALANCE,391.5299987792969,,,,,,,,1782.0,1778.0,-4.0,1457.1985558583401
2026-01-14,REBALANCE,388.3500061035156,,,,,,,,1778.0,1792.0,14.0,5762.94841679791
2026-01-15,REBALANCE,396.4100036621094,,,,,,,,1792.0,1756.0,-36.0,14117.467293651309
2026-01-16,REBALANCE,400.3900146484375,,,,,,,,1756.0,1738.0,-18.0,6835.606453807559
2026-01-20,REBALANCE,390.3900146484375,,,,,,,,1738.0,1783.0,45.0,17751.413809864316
2026-01-21,REBALANCE,401.9299926757813,,,,,,,,1783.0,1732.0,-51.0,20391.917672069394
2026-01-22,REBALANCE,402.8200073242187,,,,,,,,1732.0,1728.0,-4.0,1434.9934166980674
2026-01-23,REBALANCE,400.0899963378906,,,,,,,,1728.0,1740.0,12.0,4893.745596973691
2026-01-26,REBALANCE,398.8200073242187,,,,,,,,1740.0,1745.0,5.0,2302.4465247081826
2026-01-27,REBALANCE,407.25,,,,,,,,1745.0,1709.0,-36.0,14401.990731151309
2026-01-28,REBALANCE,416.6300048828125,,,,,,,,1709.0,1671.0,-38.0,15771.419075877871
2026-01-29,REBALANCE,417.5199890136719,,,,,,,,1671.0,1667.0,-4.0,1426.642372997012
2026-01-30,REBALANCE,403.4599914550781,,,,,,,,1667.0,1725.0,58.0,23681.453513233457
