date,eod_equity,peak_equity,drawdown_%,daily_change_%,bull,in_position
2022-07-05,100000.0,100000.0,0.0,0.0,False,False
2022-07-06,100000.0,100000.0,0.0,0.0,False,False
2022-07-07,100000.0,100000.0,0.0,0.0,False,False
2022-07-08,100000.0,100000.0,0.0,0.0,False,False
2022-07-11,100000.0,100000.0,0.0,0.0,False,False
2022-07-12,100000.0,100000.0,0.0,0.0,False,False
2022-07-13,100000.0,100000.0,0.0,0.0,False,False
2022-07-14,100000.0,100000.0,0.0,0.0,False,False
2022-07-15,100000.0,100000.0,0.0,0.0,False,False
2022-07-18,100000.0,100000.0,0.0,0.0,False,False
2022-07-19,100000.0,100000.0,0.0,0.0,False,False
2022-07-20,100000.0,100000.0,0.0,0.0,False,False
2022-07-21,100000.0,100000.0,0.0,0.0,False,False
2022-07-22,100000.0,100000.0,0.0,0.0,False,False
2022-07-25,100000.0,100000.0,0.0,0.0,False,False
2022-07-26,100000.0,100000.0,0.0,0.0,False,False
2022-07-27,100000.0,100000.0,0.0,0.0,False,False
2022-07-28,100000.0,100000.0,0.0,0.0,False,False
2022-07-29,100000.0,100000.0,0.0,0.0,False,False
2022-08-01,100000.0,100000.0,0.0,0.0,False,False
2022-08-02,100000.0,100000.0,0.0,0.0,False,False
2022-08-03,100000.0,100000.0,0.0,0.0,False,False
2022-08-04,100000.0,100000.0,0.0,0.0,False,False
2022-08-05,100000.0,100000.0,0.0,0.0,False,False
2022-08-08,100000.0,100000.0,0.0,0.0,False,False
2022-08-09,100000.0,100000.0,0.0,0.0,False,False
2022-08-10,100000.0,100000.0,0.0,0.0,False,False
2022-08-11,100000.0,100000.0,0.0,0.0,False,False
2022-08-12,100000.0,100000.0,0.0,0.0,False,False
2022-08-15,100000.0,100000.0,0.0,0.0,False,False
2022-08-16,100000.0,100000.0,0.0,0.0,False,False
2022-08-17,100000.0,100000.0,0.0,0.0,False,False
2022-08-18,100000.0,100000.0,0.0,0.0,False,False
2022-08-19,100000.0,100000.0,0.0,0.0,False,False
2022-08-22,100000.0,100000.0,0.0,0.0,False,False
2022-08-23,100000.0,100000.0,0.0,0.0,False,False
2022-08-24,100000.0,100000.0,0.0,0.0,False,False
2022-08-25,100000.0,100000.0,0.0,0.0,False,False
2022-08-26,100000.0,100000.0,0.0,0.0,False,False
2022-08-29,100000.0,100000.0,0.0,0.0,False,False
2022-08-30,100000.0,100000.0,0.0,0.0,False,False
2022-08-31,100000.0,100000.0,0.0,0.0,False,False
2022-09-01,100000.0,100000.0,0.0,0.0,False,False
2022-09-02,100000.0,100000.0,0.0,0.0,False,False
2022-09-06,100000.0,100000.0,0.0,0.0,False,False
2022-09-07,100000.0,100000.0,0.0,0.0,False,False
2022-09-08,100000.0,100000.0,0.0,0.0,False,False
2022-09-09,100000.0,100000.0,0.0,0.0,False,False
2022-09-12,100000.0,100000.0,0.0,0.0,False,False
2022-09-13,100000.0,100000.0,0.0,0.0,False,False
2022-09-14,100000.0,100000.0,0.0,0.0,False,False
2022-09-15,100000.0,100000.0,0.0,0.0,False,False
2022-09-16,100000.0,100000.0,0.0,0.0,False,False
2022-09-19,100000.0,100000.0,0.0,0.0,False,False
2022-09-20,100000.0,100000.0,0.0,0.0,False,False
2022-09-21,100000.0,100000.0,0.0,0.0,False,False
2022-09-22,100000.0,100000.0,0.0,0.0,False,False
2022-09-23,100000.0,100000.0,0.0,0.0,False,False
2022-09-26,100000.0,100000.0,0.0,0.0,False,False
2022-09-27,100000.0,100000.0,0.0,0.0,False,False
2022-09-28,100000.0,100000.0,0.0,0.0,False,False
2022-09-29,100000.0,100000.0,0.0,0.0,False,False
2022-09-30,100000.0,100000.0,0.0,0.0,False,False
2022-10-03,100000.0,100000.0,0.0,0.0,False,False
2022-10-04,100000.0,100000.0,0.0,0.0,False,False
2022-10-05,100000.0,100000.0,0.0,0.0,False,False
2022-10-06,100000.0,100000.0,0.0,0.0,False,False
2022-10-07,100000.0,100000.0,0.0,0.0,False,False
2022-10-10,100000.0,100000.0,0.0,0.0,False,False
2022-10-11,100000.0,100000.0,0.0,0.0,False,False
2022-10-12,100000.0,100000.0,0.0,0.0,False,False
2022-10-13,100000.0,100000.0,0.0,0.0,False,False
2022-10-14,100000.0,100000.0,0.0,0.0,False,False
2022-10-17,100000.0,100000.0,0.0,0.0,False,False
2022-10-18,100000.0,100000.0,0.0,0.0,False,False
2022-10-19,100000.0,100000.0,0.0,0.0,False,False
2022-10-20,100000.0,100000.0,0.0,0.0,False,False
2022-10-21,100000.0,100000.0,0.0,0.0,False,False
2022-10-24,100000.0,100000.0,0.0,0.0,False,False
2022-10-25,100000.0,100000.0,0.0,0.0,False,False
2022-10-26,100000.0,100000.0,0.0,0.0,False,False
2022-10-27,100000.0,100000.0,0.0,0.0,False,False
2022-10-28,100000.0,100000.0,0.0,0.0,False,False
2022-10-31,100000.0,100000.0,0.0,0.0,False,False
2022-11-01,100000.0,100000.0,0.0,0.0,False,False
2022-11-02,100000.0,100000.0,0.0,0.0,False,False
2022-11-03,100000.0,100000.0,0.0,0.0,False,False
2022-11-04,100000.0,100000.0,0.0,0.0,False,False
2022-11-07,100000.0,100000.0,0.0,0.0,False,False
2022-11-08,100000.0,100000.0,0.0,0.0,False,False
2022-11-09,100000.0,100000.0,0.0,0.0,False,False
2022-11-10,100000.0,100000.0,0.0,0.0,False,False
2022-11-11,100000.0,100000.0,0.0,0.0,False,False
2022-11-14,100000.0,100000.0,0.0,0.0,False,False
2022-11-15,100000.0,100000.0,0.0,0.0,False,False
2022-11-16,100000.0,100000.0,0.0,0.0,False,False
2022-11-17,100000.0,100000.0,0.0,0.0,False,False
2022-11-18,100000.0,100000.0,0.0,0.0,False,False
2022-11-21,100000.0,100000.0,0.0,0.0,False,False
2022-11-22,100000.0,100000.0,0.0,0.0,False,False
2022-11-23,100000.0,100000.0,0.0,0.0,False,False
2022-11-25,100000.0,100000.0,0.0,0.0,False,False
2022-11-28,100000.0,100000.0,0.0,0.0,False,False
2022-11-29,100000.0,100000.0,0.0,0.0,False,False
2022-11-30,100000.0,100000.0,0.0,0.0,False,False
2022-12-01,100000.0,100000.0,0.0,0.0,False,False
2022-12-02,100000.0,100000.0,0.0,0.0,False,False
2022-12-05,100000.0,100000.0,0.0,0.0,False,False
2022-12-06,100000.0,100000.0,0.0,0.0,False,False
2022-12-07,100000.0,100000.0,0.0,0.0,False,False
2022-12-08,100000.0,100000.0,0.0,0.0,False,False
2022-12-09,100000.0,100000.0,0.0,0.0,False,False
2022-12-12,100000.0,100000.0,0.0,0.0,False,False
2022-12-13,100000.0,100000.0,0.0,0.0,True,True
2022-12-14,98000.0,100000.0,2.0,-2.0000000000000018,True,False
2022-12-15,98000.0,100000.0,2.0,0.0,True,True
2022-12-16,96040.0,100000.0,3.9600000000000004,-2.0000000000000018,True,False
2022-12-19,96040.0,100000.0,3.9600000000000004,0.0,True,True
2022-12-20,94631.70360470508,100000.0,5.368296395294921,-1.4663644265877962,True,True
2022-12-21,101038.0769638984,101038.0769638984,0.0,5.204161769990012,False,False
2022-12-22,101038.0769638984,101038.0769638984,0.0,0.0,False,False
2022-12-23,101038.0769638984,101038.0769638984,0.0,0.0,False,False
2022-12-27,101038.0769638984,101038.0769638984,0.0,0.0,False,False
2022-12-28,101038.0769638984,101038.0769638984,0.0,0.0,False,False
2022-12-29,101038.0769638984,101038.0769638984,0.0,0.0,False,False
2022-12-30,101038.0769638984,101038.0769638984,0.0,0.0,False,False
2023-01-03,101038.0769638984,101038.0769638984,0.0,0.0,False,False
2023-01-04,101038.0769638984,101038.0769638984,0.0,0.0,False,False
2023-01-05,101038.0769638984,101038.0769638984,0.0,0.0,False,False
2023-01-06,101038.0769638984,101038.0769638984,0.0,0.0,False,False
2023-01-09,101038.0769638984,101038.0769638984,0.0,0.0,False,False
2023-01-10,101038.0769638984,101038.0769638984,0.0,0.0,False,False
2023-01-11,101038.0769638984,101038.0769638984,0.0,0.0,False,False
2023-01-12,101038.0769638984,101038.0769638984,0.0,0.0,False,False
2023-01-13,101038.0769638984,101038.0769638984,0.0,0.0,True,True
2023-01-17,102837.00978079734,102837.00978079734,0.0,1.7804503717362863,True,True
2023-01-18,100930.7294337634,102837.00978079734,1.8536909533807742,-0.10624462911479338,True,True
2023-01-19,99017.31542462044,102837.00978079734,3.7143187693990583,-2.0000000000000018,True,False
2023-01-20,99017.31542462044,102837.00978079734,3.7143187693990583,0.0,True,True
2023-01-23,113023.88976492139,113023.88976492139,0.0,14.145580780731049,True,True
2023-01-24,110815.77150189462,113023.88976492139,1.9536739247069286,11.91554833281263,True,True
2023-01-25,111129.32890281649,113023.88976492139,1.6762481507629972,12.232217593716378,True,True
2023-01-26,116669.24715875252,116669.24715875252,0.0,17.827116053828075,True,True
2023-01-27,114604.85280880617,116669.24715875252,1.7694417339792343,15.742233888427482,True,True
2023-01-30,107118.13433259408,116669.24715875252,8.186487063863696,8.181214440357776,True,True
2023-01-31,111756.50433060774,116669.24715875252,4.210829286881385,12.865617343145752,True,True
2023-02-01,126364.10410664053,126364.10410664053,0.0,27.6181883590235,True,True
2023-02-02,133302.05671394113,133302.05671394113,0.0,34.62499578209719,True,True
2023-02-03,127213.37258909353,133302.05671394113,4.567584533158088,28.47588529698939,True,True
2023-02-06,121804.12345885742,133302.05671394113,8.625473258644197,23.012952771461514,True,True
2023-02-07,131407.5362691345,133302.05671394113,1.4212237166544044,32.71167341349703,True,True
2023-02-08,124953.01496789561,133302.05671394113,6.263250509301671,26.193095048127635,True,True
2023-02-09,126233.45518958982,133302.05671394113,5.302695021067935,27.486242833647,True,True
2023-02-10,120784.98107126474,133302.05671394113,9.39000939013067,21.983696036695232,True,True
2023-02-13,125580.14997838845,133302.05671394113,5.792788893065218,26.82645397914234,True,True
2023-02-14,132544.25257774827,133302.05671394113,0.5684864546531856,33.85967091649855,True,True
2023-02-15,132531.19779036782,133302.05671394113,0.5782798424689948,33.84648656856459,True,True
2023-02-16,123554.94019923269,133302.05671394113,7.312052608179343,24.781145266751015,True,True
2023-02-17,119164.85366523854,133302.05671394113,10.605390042135847,20.347489885196858,True,True
2023-02-21,109522.23607552162,133302.05671394113,17.839050067659265,10.609175380944702,True,True
2023-02-22,108019.68259051646,133302.05671394113,18.96622958914974,9.091709997681473,True,True
2023-02-23,118864.31063439877,133302.05671394113,10.830850202502848,20.043964153812468,True,True
2023-02-24,113206.83866609089,133302.05671394113,15.074949736877258,14.3303453346729,True,True
2023-02-27,114604.85280880617,133302.05671394113,14.026193118128797,15.742233888427482,True,True
2023-02-28,114761.65171791625,133302.05671394113,13.908566344037412,15.900588928086634,True,True
2023-03-01,114970.68998519749,133302.05671394113,13.751750858639596,16.111701768689123,True,True
2023-03-02,117740.62890451631,133302.05671394113,11.67380923673127,18.909130589537646,True,True
2023-03-03,122026.23672216834,133302.05671394113,8.458849225387482,23.237270369205334,True,True
2023-03-06,119177.88824396982,133302.05671394113,10.595611814363071,20.360653823923514,True,True
2023-03-07,115637.04998377935,133302.05671394113,13.251863598826471,16.78467497112779,True,True
2023-03-08,123842.40823404278,133302.05671394113,7.096400995671229,25.0714662409941,True,True
2023-03-09,117675.33475896473,133302.05671394113,11.722791335853492,18.843188440660374,True,True
2023-03-10,112566.56803362079,133302.05671394113,15.555265381101776,13.683720418894897,True,True
2023-03-13,112357.52976633958,133302.05671394113,15.712080866499573,13.472607578292429,True,True
2023-03-14,121647.3447583965,133302.05671394113,8.743084872692547,22.854618141009663,True,True
2023-03-15,118054.22672273652,133302.05671394113,11.438555688548458,19.225840668855977,True,True
2023-03-16,130701.97149111285,133302.05671394113,1.950521460001112,31.9991063488418,True,True
2023-03-17,129029.56430961714,133302.05671394113,3.205121143398801,30.31010157798544,True,True
2023-03-20,132322.11910578827,133302.05671394113,0.735125647952869,33.63533290954752,True,True
2023-03-21,133367.41148544027,133367.41148544027,0.0,34.69099915859641,True,True
2023-03-22,131237.66236399475,133367.41148544027,1.5969036946315982,32.54011361669657,True,True
2023-03-23,139991.78648316977,139991.78648316977,0.0,41.38111691155901,True,True
2023-03-24,134647.85170713448,139991.78648316977,3.817320223053048,35.98414694411578,True,True
2023-03-27,130767.28584531364,139991.78648316977,6.589315608859038,32.0650689069264,True,True
2023-03-28,128480.77823205641,139991.78648316977,8.222631155933739,29.755869143782053,True,True
2023-03-29,138645.97128132725,139991.78648316977,0.9613529733791312,40.0219453403331,True,True
2023-03-30,143467.24976321188,143467.24976321188,0.0,44.89107197864814,True,True
2023-03-31,145845.28234867682,145845.28234867682,0.0,47.29270504178174,True,True
2023-04-03,143885.44754966948,145845.28234867682,1.343776615497168,45.313420115097045,True,True
2023-04-04,138632.93670259588,145845.28234867682,4.945203252332949,40.008781401606356,True,True
2023-04-05,132740.25626629824,145845.28234867682,8.98556735695296,34.057619818374384,True,True
2023-04-06,131747.22345346655,145845.28234867682,9.666448354157666,33.05473177947611,True,True
2023-04-10,136738.39604914017,145845.28234867682,6.244210407687056,38.095438623798984,True,True
2023-04-11,134961.4495253547,145845.28234867682,7.462588194866537,36.30085702343413,True,True
2023-04-12,129042.61909699766,145845.28234867682,11.520882253502387,30.323285925919485,True,True
2023-04-13,131681.92930791492,145845.28234867682,9.711217814300726,32.98878963059879,True,True
2023-04-14,131329.12671025487,145845.28234867682,9.953119775048824,32.632485689063806,True,True
2023-04-17,131093.93845091437,145845.28234867682,10.114378511398096,32.39496333417877,True,True
2023-04-18,132570.38236115847,145845.28234867682,9.102042776935107,33.886060021573904,True,True
2023-04-19,129434.6062654483,145845.28234867682,11.25211307417885,30.719163320463714,True,True
2023-04-20,129800.42323319045,145845.28234867682,11.001287705095205,31.088610791518057,True,True
2023-04-21,126442.49345687103,145845.28234867682,13.303679474128577,27.69735567424947,True,True
2023-04-24,124704.75171252538,145845.28234867682,14.495176186508466,25.942367936101228,True,True
2023-04-25,114474.18368310622,145845.28234867682,21.509848080358704,15.610267953843637,True,True
2023-04-26,116656.192371372,145845.28234867682,20.013736136847786,17.813931705894028,True,True
2023-04-27,119700.52432947124,145845.28234867682,17.926365253762885,20.888476743844308,True,True
2023-04-28,125018.3293220964,145845.28234867682,14.280169156784092,26.25905760621223,True,True
2023-05-01,127487.78583652311,145845.28234867682,12.58696628134044,28.753021923298427,True,True
2023-05-02,124665.56714173475,145845.28234867682,14.522043405083936,25.902794483091917,True,True
2023-05-03,121333.7469401763,145845.28234867682,16.806532932549743,22.537908061691336,True,True
2023-05-04,120262.36519441249,145845.28234867682,17.5411345106813,21.45589352598174,True,True
2023-05-05,126991.27953443184,145845.28234867682,12.927399851830742,28.251588108452943,True,True
2023-05-08,128794.35584162746,145845.28234867682,11.69110596685958,30.072558813893103,True,True
2023-05-09,123750.94388778266,145845.28234867682,15.149162252689491,24.979094168626848,True,True
2023-05-10,126364.10410664053,145845.28234867682,13.35742776750367,27.6181883590235,True,True
2023-05-11,123489.64605368115,145845.28234867682,15.328323230606362,24.715203117873784,True,True
2023-05-12,123123.80887728983,145845.28234867682,15.579162455914108,24.345735237612164,True,True
2023-05-15,131538.1851861853,145845.28234867682,9.809777136491194,32.8436189388736,True,True
2023-05-16,131459.79583595484,145845.28234867682,9.863525429866257,32.764451623647695,True,True
2023-05-17,140370.67844694157,145845.28234867682,3.7537065399530305,41.763769139754636,True,True
2023-05-18,152234.4488784166,152234.4488784166,0.0,53.745280030651934,True,True
2023-05-19,150300.76407146858,152234.4488784166,1.2702018637663008,51.792404618249854,True,True
2023-05-22,150013.31624530774,152234.4488784166,1.4590210359567017,51.50210405321418,True,True
2023-05-23,144995.9936575747,152234.4488784166,4.7548076497606315,46.43498769460859,True,True
2023-05-24,139952.60191237915,152234.4488784166,8.067718611998554,41.34154345854972,True,True
2023-05-25,169011.022763984,169011.022763984,0.0,70.68835085985353,True,True
2023-05-26,187041.86667053704,187041.86667053704,0.0,88.89813955108453,True,True
2023-05-30,188897.26317050058,188897.26317050058,0.0,90.77194969429729,True,True
2023-05-31,179123.95624643448,188897.26317050058,5.1738742849040715,80.90164884625392,True,True
2023-06-01,184794.54362807045,188897.26317050058,2.1719317016927744,86.62851324094947,True,True
2023-06-02,183853.83100800661,188897.26317050058,2.6699339513149583,85.67846463982376,True,True
2023-06-05,179071.69667961416,188897.26317050058,5.2015398878583845,80.84887063610329,True,True
2023-06-06,181737.17709123995,188897.26317050058,3.7904657585207358,83.54080426427255,True,True
2023-06-07,179568.26360765303,188897.26317050058,4.938663168680795,81.3503656785708,True,True
2023-06-08,183932.20014958788,188897.26317050058,2.628446245105829,85.75761154584237,True,True
2023-06-09,185683.0370986124,188897.26317050058,1.7015736585802095,87.52582445033926,True,True
2023-06-12,197024.17144458595,197024.17144458595,0.0,98.97951242131569,True,True
2023-06-13,202485.72055894075,202485.72055894075,0.0,104.49526397540882,True,True
2023-06-14,208574.42489243756,208574.42489243756,0.0,110.64439486972395,True,True
2023-06-15,205647.64664671023,208574.42489243756,1.4032296851527581,107.6885701908016,True,True
2023-06-16,202773.2088024,208574.42489243756,2.78136501780084,104.78560535885917,True,True
2023-06-20,201362.03882905826,208574.42489243756,3.457943641507698,103.36043041113396,True,True
2023-06-21,192215.96795873097,208574.42489243756,7.842983118444505,94.12359054014192,True,True
2023-06-22,194149.69318297735,208574.42489243756,6.915867905137017,96.07650677095863,True,True
2023-06-23,187486.1336144572,208574.42489243756,10.110679336095803,89.34681556498674,True,True
2023-06-26,185709.18709067174,208574.42489243756,10.962627759159584,87.55223396462186,True,True
2023-06-27,197886.55534036696,208574.42489243756,5.124247403574221,99.8504549348375,True,True
2023-06-28,194306.47188343827,208574.42489243756,6.840701114893314,96.23484140141048,True,True
2023-06-29,193731.57623111655,208574.42489243756,7.116332056998605,95.65424027133906,True,True
2023-06-30,199820.28056461335,208574.42489243756,4.197132190266734,101.80337116565421,True,True
2023-07-03,203348.06403742335,208574.42489243756,2.5057534535739263,105.36616567051595,True,True
2023-07-05,195769.86100630192,208574.42489243756,6.13908627231694,97.71275374087165,True,True
2023-07-06,191092.28622884848,208574.42489243756,8.381726893220332,92.98875697586708,True,True
2023-07-07,191458.18403118738,208574.42489243756,8.206298960228258,93.3582860837507,True,True
2023-07-10,196971.95229506405,208574.42489243756,5.562749413480072,98.92677502957974,True,True
2023-07-11,197390.0288296265,208574.42489243756,5.362304639496849,99.34900071078468,True,True
2023-07-12,205699.90621353054,208574.42489243756,1.378174088404852,107.74134840095222,True,True
2023-07-13,215394.803578717,215394.803578717,0.0,117.53246152456236,True,True
2023-07-14,211971.4988222492,215394.803578717,1.5893163157098735,114.0751826215872,True,True
2023-07-17,219601.96142019093,219601.96142019093,0.0,121.78137276138207,True,True
2023-07-18,220751.71230753599,220751.71230753599,0.0,122.94253420311026,True,True
2023-07-19,216361.6257735418,220751.71230753599,1.9886987458009917,118.50887882155607,True,True
2023-07-20,201701.74622203942,220751.71230753599,8.629589273109453,103.70350918632028,True,True
2023-07-21,203844.50971356704,220751.71230753599,7.658922514002975,105.86753825773947,True,True
2023-07-24,204184.25752384658,220751.71230753599,7.505017564986664,106.21065785134043,True,True
2023-07-25,210638.7788250855,220751.71230753599,4.581134785655412,112.72923621670986,True,True
2023-07-26,206170.24231491325,220751.71230753599,6.6053711838524,108.21635229230773,True,True
2023-07-27,213434.92836241127,220751.71230753599,3.314485703708371,115.55313577946302,True,True
2023-07-28,221378.9483612748,221378.9483612748,0.0,123.5759951801616,True,True
2023-07-31,221692.5057621966,221692.5057621966,0.0,123.8926644410653,True,True
2023-08-01,221457.31750285605,221692.5057621966,0.10608760026955566,123.65514208618018,True,True
2023-08-02,206065.72318127268,221692.5057621966,7.048854685997526,108.11079587200653,True,True
2023-08-03,204889.86271916665,221692.5057621966,7.579256224860255,106.92326573441035,True,True
2023-08-04,205046.64141962756,221692.5057621966,7.5085372350947255,107.08160036486221,True,True
2023-08-07,209384.46838680145,221692.5057621966,5.551850899550772,111.46247753626581,True,True
2023-08-08,202668.60883416262,221692.5057621966,8.581208851705794,104.67996730172864,True,True
2023-08-09,194724.62925259746,221692.5057621966,12.16454133931205,96.65714871944469,True,True
2023-08-10,193862.2453568165,221692.5057621966,12.553541361128756,95.78620620592292,True,True
2023-08-11,184036.75970052686,221692.5057621966,16.985574650891458,85.86320878455822,True,True
2023-08-14,195665.30145536293,221692.5057621966,11.740227400718876,97.60715650215576,True,True
2023-08-15,190935.50752838756,221692.5057621966,13.873720326297914,92.83042234541523,True,True
2023-08-16,184794.54362807045,221692.5057621966,16.643757084736812,86.62851324094947,True,True
2023-08-17,182207.4727753243,221692.5057621966,17.810720687701913,84.01576733721345,True,True
2023-08-18,183827.72143324564,221692.5057621966,17.0798666372455,85.65209594395576,True,True
2023-08-21,196658.35447684384,221692.5057621966,11.292285771809627,98.61006495026139,True,True
2023-08-22,192712.45405217304,221692.5057621966,13.072183748561022,94.62500394578008,True,True
2023-08-23,201179.15055383637,221692.5057621966,9.253066601342107,103.1757270848141,True,True
2023-08-24,190857.17880410468,221692.5057621966,13.909052474316894,92.75131625781128,True,True
2023-08-25,191562.6627475296,221692.5057621966,13.590826135993275,93.46380168563726,True,True
2023-08-28,196370.906650683,221692.5057621966,11.421946368667685,98.31976438522571,True,True
2023-08-29,206483.88055043187,221692.5057621966,6.860234250804403,108.53310319004078,True,True
2023-08-30,208548.2749003782,221692.5057621966,5.929037076209454,110.61798535544129,True,True
2023-08-31,210194.55229846374,221692.5057621966,5.186442105565089,112.28060102122232,True,True
2023-09-01,210168.44272370276,221692.5057621966,5.198219488238091,112.25423232535432,True,True
2023-09-05,211135.30533582595,221692.5057621966,4.762091704486879,113.23069044076269,True,True
2023-09-06,206379.28058219448,221692.5057621966,6.90741670646648,108.4274651329102,True,True
2023-09-07,197416.13840438746,221692.5057621966,10.950468205654971,99.37536940665265,True,True
2023-09-08,194933.66751987868,221692.5057621966,12.070249352958006,96.86826156004716,True,True
2023-09-11,195221.11534603953,221692.5057621966,11.94058875609995,97.15856212508285,True,True
2023-09-12,192268.22752555128,221692.5057621966,13.272563335184609,94.17636875029254,True,True
2023-09-13,195430.19403061914,221692.5057621966,11.846278538503382,97.36971578409997,True,True
2023-09-14,197572.95752214675,221692.5057621966,10.879730984646919,99.53374485551916,True,True
2023-09-15,185604.62753973273,221692.5057621966,16.278348290751133,87.44663672590598,True,True
2023-09-18,186885.1283873745,221692.5057621966,15.700746064983814,88.73984573904733,True,True
2023-09-19,183566.38318184577,221692.5057621966,17.197749851430554,85.38816407478807,True,True
2023-09-20,177294.79057312707,221692.5057621966,20.026709985719467,79.05432985415308,True,True
2023-09-21,169794.95668358693,221692.5057621966,23.409699349187175,71.4800648305274,True,True
2023-09-22,172930.77319659543,221692.5057621966,21.995210166421476,74.64700235005218,True,True
2023-09-25,175543.95362410258,221692.5057621966,20.81646918078336,77.28611694965622,True,True
2023-09-26,169638.17798312602,221692.5057621966,23.480418338952703,71.32173020007555,True,True
2023-09-27,173009.1827554751,221692.5057621966,21.959841555917432,74.72619007448546,True,True
2023-09-28,179019.43711279385,221692.5057621966,19.248764635813615,80.79609242595266,True,True
2023-09-29,180822.5336286387,221692.5057621966,18.435432444161197,82.61708354060018,True,True
2023-10-02,184088.9788500488,221692.5057621966,16.96201988554547,85.91594617629421,True,True
2023-10-03,175596.21319092286,221692.5057621966,20.79289618419486,77.33889515980682,True,True
2023-10-04,181423.57927301974,221692.5057621966,18.164315636529558,83.22409418495423,True,True
2023-10-05,181423.57927301974,221692.5057621966,18.164315636529558,83.22409418495423,True,True
2023-10-06,189628.9375232832,221692.5057621966,14.463081703495698,91.51088545482055,True,True
2023-10-09,188635.88450180227,221692.5057621966,14.911023332404957,90.50797700671491,True,True
2023-10-10,193418.01883019472,221692.5057621966,12.753920947752356,95.33757101043537,True,True
2023-10-11,197651.3670810264,221692.5057621966,10.844362374142891,99.6129325799524,True,True
2023-10-12,199663.46144685405,221692.5057621966,9.936756427378967,101.64499571678772,True,True
2023-10-13,189707.34708216286,221692.5057621966,14.42771309299167,91.5900731792538,True,True
2023-10-16,194175.8027577383,221692.5057621966,12.412103381597712,96.1028754668266,True,True
2023-10-17,189550.52796440356,221692.5057621966,14.498450313999722,91.43169773038731,True,True
2023-10-18,181789.43665806027,221692.5057621966,17.999286429167462,83.59358247442319,True,True
2023-10-19,179202.3658053141,221692.5057621966,19.166250032132574,80.98083657068713,True,True
2023-10-20,173296.63058163598,221692.5057621966,21.830180959059366,75.01649063952118,True,True
2023-10-23,174603.20058674033,221692.5057621966,21.240819581861583,76.33602753011584,True,True
2023-10-24,178967.21796327195,221692.5057621966,19.272319401159592,80.74335503421672,True,True
2023-10-25,164359.5575612915,221692.5057621966,25.861473306817405,65.99072279071692,True,True
2023-10-26,161171.52189876104,221692.5057621966,27.299517254929107,62.771047879456134,True,True
2023-10-27,163392.6949491683,221692.5057621966,26.297601090568616,65.01426467530858,True,True
2023-10-30,162478.1323211638,221692.5057621966,26.71013764648879,64.0906255884655,True,True
2023-10-31,165065.12233931315,221692.5057621966,25.54321050600875,66.70328985537218,True,True
2023-11-01,174106.75491059665,221692.5057621966,21.46475393383116,75.83465494289231,True,True
2023-11-02,183749.27145706763,221692.5057621966,17.115253478992038,85.5728674011079,True,True
2023-11-03,192660.15406805434,221692.5057621966,13.095774976392061,94.57218491721481,True,True
2023-11-06,193809.98578999616,221692.5057621966,12.577114357717283,95.73342799577229,True,True
2023-11-07,196266.347099744,221692.5057621966,11.469110593087237,98.21416714650981,True,True
2023-11-08,197677.47665578735,221692.5057621966,10.832584991469902,99.63930127582037,True,True
2023-11-09,196971.95229506405,221692.5057621966,11.150829561036044,98.92677502957974,True,True
2023-11-10,212964.51142643177,221692.5057621966,3.9369821301614594,115.07805025127817,True,True
2023-11-13,210455.89054986363,221692.5057621966,5.068558891380021,112.54453289039006,True,True
2023-11-14,222920.70662571973,222920.70662571973,0.0,125.1330544256414,True,True
2023-11-15,223234.30444393994,223234.30444393994,0.0,125.44976450495975,True,True
2023-11-16,224802.1722831458,224802.1722831458,0.0,127.03319244630747,True,True
2023-11-17,226788.1570742125,226788.1570742125,0.0,129.0388868872748,True,True
2023-11-20,232876.86140770928,232876.86140770928,0.0,135.18801778158993,True,True
2023-11-21,226526.85924011096,232876.86140770928,2.7267638911025367,128.77499583652173,True,True
2023-11-22,225612.21577750967,232876.86140770928,3.119522303025643,127.85127511284928,True,True
2023-11-24,224671.50315744584,232876.86140770928,3.523475110692901,126.90122651172358,True,True
2023-11-27,224410.16490604595,232876.86140770928,3.6356967585715867,126.63729464255589,True,True
2023-11-28,221979.9535883575,232876.86140770928,4.679257421059976,124.182965006101,True,True
2023-11-29,225847.44445414864,232876.86140770928,3.018512406543422,128.08883828614904,True,True
2023-11-30,221326.6079598577,232876.86140770928,4.95981154075671,123.52313533318168,True,True
2023-12-01,223025.22575936033,232876.86140770928,4.230405540849846,125.23861084594259,True,True
2023-12-04,216884.3022763416,232876.86140770928,6.867388642518976,119.0367425598915,True,True
2023-12-05,216884.3022763416,232876.86140770928,6.867388642518976,119.0367425598915,True,True
2023-12-06,213539.40707875346,232876.86140770928,8.303725072582786,115.65865138134956,True,True
2023-12-07,222946.85661777906,232876.86140770928,4.264058150691603,125.15946393992401,True,True
2023-12-08,226552.9688148719,232876.86140770928,2.71555213970606,128.8013645323897,True,True
2023-12-11,236744.39269079885,236744.39269079885,0.0,139.09393188005262,True,True
2023-12-12,241343.51749207426,241343.51749207426,0.0,143.73870010220932,True,True
2023-12-13,246517.57836296977,246517.57836296977,0.0,148.96411027285205,True,True
2023-12-14,254722.93661323324,254722.93661323324,0.0,157.25090154271842,True,True
2023-12-15,256865.7405220592,256865.7405220592,0.0,159.41497143255222,True,True
2023-12-18,257662.3250560587,257662.3250560587,0.0,160.21946156701347,True,True
2023-12-19,259187.10805517918,259187.10805517918,0.0,161.75937707833765,True,True
2023-12-20,246463.13626203634,259187.10805517918,4.909183905255811,148.90912786831004,True,True
2023-12-21,257451.99343522897,259187.10805517918,0.6694448010820109,160.00704253714204,True,True
2023-12-22,257504.5763404364,259187.10805517918,0.6491571773641499,160.06014729460992,True,True
2023-12-26,263787.68787919666,263787.68787919666,0.0,166.4056147634219,True,True
2023-12-27,264287.2052700181,264287.2052700181,0.0,166.91008955015926,True,True
2023-12-28,264182.07987690164,264287.2052700181,0.03977695136964132,166.80392085363826,True,True
2023-12-29,261684.57375739122,264287.2052700181,0.9847739356007766,164.28162855678062,True,True
2024-01-02,246173.95049204462,264287.2052700181,6.8536253048903495,148.61707211144406,True,True
2024-01-03,238287.16138770356,264287.2052700181,9.837798941401907,140.6520115858988,True,True
2024-01-04,235710.84153632956,264287.2052700181,10.812617169451126,138.05012338046137,True,True
2024-01-05,238576.38757499366,264287.2052700181,9.728362623062319,140.94410816117943,True,True
2024-01-08,254034.4279351328,264287.2052700181,3.8794073759303602,156.55555984904805,True,True
2024-01-09,255243.71350300862,264287.2052700181,3.421842445142157,157.77684681556497,True,True
2024-01-10,255664.33632736973,264287.2052700181,3.2626887608268804,158.2016440568933,True,True
2024-01-11,258240.65617874372,264287.2052700181,2.287870532777662,160.80353226233072,True,True
2024-01-12,256637.0190304613,264287.2052700181,2.894648733275117,159.1839800240121,True,True
2024-01-16,263866.5420283586,264287.2052700181,0.15916897726081014,166.4852514904164,True,True
2024-01-17,261079.93097345327,264287.2052700181,1.2135564009948892,163.6709850735221,True,True
2024-01-18,275985.87103756354,275985.87103756354,0.0,178.72485721718553,True,True
2024-01-19,294046.54291032965,294046.54291032965,0.0,196.96476989843296,True,True
2024-01-22,296333.7174090103,296333.7174090103,0.0,199.2746431654191,True,True
2024-01-23,298857.45435517683,298857.45435517683,0.0,201.82342661338865,True,True
2024-01-24,307690.65491865494,307690.65491865494,0.0,210.74429113652613,True,True
2024-01-25,307690.65491865494,307690.65491865494,0.0,210.74429113652613,True,True
2024-01-26,296912.12936629204,307690.65491865494,3.503039621145612,199.85879549756555,True,True
2024-01-29,302721.9947581854,307690.65491865494,1.6148232261987645,205.7263201491668,True,True
2024-01-30,297753.3345977159,307690.65491865494,3.229646452397529,200.7083491618075,True,True
2024-01-31,290602.6657489805,307690.65491865494,5.553626311527745,193.48671442239765,True,True
2024-02-01,295071.84893592703,307690.65491865494,4.101133973686649,198.00025144143433,True,True
2024-02-02,304667.40058166697,307690.65491865494,0.9825629373720297,207.6910329018192,True,True
2024-02-05,314473.2838482366,314473.2838482366,0.0,217.59423339207552,True,True
2024-02-06,308663.3780390449,314473.2838482366,1.8475037809556918,211.72666792205965,True,True
2024-02-07,318889.84371267736,318889.84371267736,0.0,222.0546248352297,True,True
2024-02-08,326250.8037649441,326250.8037649441,0.0,229.4886377860963,True,True
2024-02-09,337870.6962179244,337870.6962179244,0.0,241.22385036295745,True,True
2024-02-12,335793.812922775,337870.6962179244,0.6146976693740406,239.12635530742796,True,True
2024-02-13,325909.07550704334,337870.6962179244,3.5402953984402097,229.14351809017717,True,True
2024-02-14,336424.76736796583,337870.6962179244,0.42795331650365054,239.7635715786277,True,True
2024-02-15,334637.1102601066,337870.6962179244,0.9570483602200734,237.95817309837895,True,True
2024-02-16,332349.89534412755,337870.6962179244,1.633998134669833,235.64825901297812,True,True
2024-02-20,321913.09804966534,337870.6962179244,4.722989696024579,225.10788306993663,True,True
2024-02-21,318574.3866987311,337870.6962179244,5.711152146425659,221.73603710883714,True,True
2024-02-22,353854.48479554104,353854.48479554104,0.0,257.36626798867536,True,True
2024-02-23,350410.607634192,353854.48479554104,0.9732467184466924,253.88821251264014,True,True
2024-02-26,354958.6449703004,354958.6449703004,0.0,258.4813862586712,True,True
2024-02-27,353355.00782201806,354958.6449703004,0.45178140355378393,256.8618340203527,True,True
2024-02-28,347229.64499888005,354958.6449703004,2.177436746770041,250.67568082394422,True,True
2024-02-29,359164.91363120975,359164.91363120975,0.0,262.7293994903685,True,True
2024-03-01,381747.3111788314,381747.3111788314,0.0,285.53591312970576,True,True
2024-03-04,391079.9887158325,391079.9887158325,0.0,294.9612116211659,True,True
2024-03-05,382062.80861007597,391079.9887158325,2.3057124797834105,285.8545416745129,True,True
2024-03-06,397021.37199669203,397021.37199669203,0.0,300.96155939405884,True,True
2024-03-07,417579.5095716701,417579.5095716701,0.0,321.72372355374915,True,True
2024-03-08,393446.0577809735,417579.5095716701,5.779366860086442,297.35076243356116,True,True
2024-03-11,382904.05425879813,417579.5095716701,8.303916863267577,286.70413615716944,True,True
2024-03-12,401280.1831455104,417579.5095716701,3.903286931602236,305.2626365648093,True,True
2024-03-13,389423.809079641,417579.5095716701,6.742596283258638,293.2885954437941,True,True
2024-03-14,378908.1172187185,417579.5095716701,9.260845292102227,282.6685419553435,True,True
2024-03-15,374649.26565260184,417579.5095716701,10.280735269578651,278.3674239661785,True,True
2024-03-18,375805.96831527015,417579.5095716701,10.003733492395,279.53560617522743,True,True
2024-03-19,374544.0998421869,417579.5095716701,10.30591988903539,278.26121445124267,True,True
2024-03-20,383718.9882462673,417579.5095716701,8.10876025984489,287.52715785188457,True,True
2024-03-21,396916.2061862772,417579.5095716701,4.948351849588633,300.85534987912314,True,True
2024-03-22,400412.6662528337,417579.5095716701,4.111035844753305,304.3865101126261,True,True
2024-03-25,398940.46615892055,417579.5095716701,4.463591480307173,302.89969935876985,True,True
2024-03-26,393393.43445846776,417579.5095716701,5.791968848761536,297.29761685767875,True,True
2024-03-27,393183.102837638,417579.5095716701,5.842338087674985,297.0851978278073,True,True
2024-03-28,393446.0577809735,417579.5095716701,5.779366860086442,297.35076243356116,True,True
2024-04-01,401201.32899634854,417579.5095716701,3.9221705567213716,305.182999837815,True,True
2024-04-02,393498.6002688826,417579.5095716701,5.766784229304825,297.40382637261445,True,True
2024-04-03,395864.6289167253,417579.5095716701,5.200178686262342,299.79333636659516,True,True
2024-04-04,380038.5486374324,417579.5095716701,8.990134830309353,283.81019219486603,True,True
2024-04-05,387268.07163532975,417579.5095716701,7.258842266334413,291.1114636612703,True,True
2024-04-08,388372.19139279076,417579.5095716701,6.994432798879087,292.2265411128516,True,True
2024-04-09,391106.30037708546,417579.5095716701,6.3396810877380885,294.98778440910723,True,True
2024-04-10,385979.8510836952,417579.5095716701,7.567339336259119,289.8104583309296,True,True
2024-04-11,399545.10894285864,417579.5095716701,4.318794436851112,303.5103428420284,True,True
2024-04-12,382115.35109798494,417579.5095716701,8.492791830246249,285.90760561356603,True,True
2024-04-15,373387.35676222015,417579.5095716701,10.58293134516581,277.09299142377904,True,True
2024-04-16,378119.41405790544,417579.5095716701,9.449720259080872,281.8720114117403,True,True
2024-04-17,360347.8875378327,417579.5095716701,13.705562826236948,263.9241136689442,True,True
2024-04-18,350436.91929544497,417579.5095716701,16.078995433731,253.91478530058146,True,True
2024-04-19,325672.5130595574,417579.5095716701,22.009460331611045,228.9046079091937,True,True
2024-04-22,335688.6471123602,417579.5095716701,19.610843104660226,239.02014579249234,True,True
2024-04-23,348254.91060717904,417579.5095716701,16.601532732197605,251.71112154853094,True,True
2024-04-24,348885.82463507145,417579.5095716701,16.450444373350795,252.34829700131596,True,True
2024-04-25,359822.139320355,417579.5095716701,13.831466565627077,263.39314773109476,True,True
2024-04-26,374123.4366005274,417579.5095716701,10.406658366862287,277.8363763914997,True,True
2024-04-29,376068.88284130744,417579.5095716701,9.940771943753166,279.80112996256685,True,True
2024-04-30,364790.7994808246,417579.5095716701,12.64159492523788,268.4111187184542,True,True
2024-05-01,348386.3476615484,417579.5095716701,16.570056797350087,251.84386303299326,True,True
2024-05-02,359375.2452520395,417579.5095716701,13.938486679897984,262.94181852023996,True,True
2024-05-03,374360.0798826101,417579.5095716701,10.349988133611264,278.07536820931256,True,True
2024-05-06,387346.9257844918,417579.5095716701,7.239958641215222,291.1911003882649,True,True
2024-05-07,382246.82856965275,417579.5095716701,8.461306216451964,286.0403879164431,True,True
2024-05-08,384008.17401625914,417579.5095716701,8.039507395812251,287.81921360875066,True,True
2024-05-09,380275.11108491826,417579.5095716701,8.933483954951864,284.0491023758494,True,True
2024-05-10,389003.1862552799,417579.5095716701,6.84332508213877,292.8637982024659,True,True
2024-05-13,388897.98002756666,417579.5095716701,6.868519380542247,292.75754786911546,True,True
2024-05-14,398940.46615892055,417579.5095716701,4.463591480307173,302.89969935876985,True,True
2024-05-15,416869.7009773173,417579.5095716701,0.16998166291274225,321.006870555555,True,True
2024-05-16,412400.51779037085,417579.5095716701,1.2402408793026165,316.49333353651843,True,True
2024-05-17,407274.14933157736,417579.5095716701,2.467879769930139,311.31608909517007,True,True
2024-05-20,419761.518259936,419761.518259936,0.0,323.92738730579975,True,True
2024-05-21,418893.96094996086,419761.518259936,0.20667861922443231,323.0512200352019,True,True
2024-05-22,423941.4752595923,423941.4752595923,0.0,328.1488277495556,True,True
2024-05-23,432432.90714787133,432432.90714787133,0.0,336.7245317583594,True,True
2024-05-24,444105.30167146237,444105.30167146237,0.0,348.51276745585915,True,True
2024-05-28,458748.36762683385,458748.36762683385,0.0,363.30115663059786,True,True
2024-05-29,447759.47003634274,458748.36762683385,2.395408543323681,352.20320114335107,True,True
2024-05-30,438873.7674022539,458748.36762683385,4.332353339455759,343.229313499575,True,True
2024-05-31,434167.98135052307,458748.36762683385,5.358141414969687,338.4768254811402,True,True
2024-06-03,442054.7300375658,458748.36762683385,3.6389530224655484,346.44184518827086,True,True
2024-06-04,439741.32471222896,458748.36762683385,4.143239356453917,344.10548077017273,True,True
2024-06-05,470788.84248687665,470788.84248687665,0.0,375.46112563037235,True,True
2024-06-06,465531.0369737138,470788.84248687665,1.116807587322851,370.1511397045618,True,True
2024-06-07,465005.20792163943,470788.84248687665,1.228498648074573,369.6200921298831,True,True
2024-06-10,474600.7595673795,474600.7595673795,0.0,379.3108735902681,True,True
2024-06-11,473601.8056203333,474600.7595673795,0.21048300638135983,378.30200565362253,True,True
2024-06-12,493607.8428992826,493607.8428992826,0.0,398.50659026910773,True,True
2024-06-13,504439.03219144966,504439.03219144966,0.0,409.44527230236537,True,True
2024-06-14,506226.6892993089,506226.6892993089,0.0,411.25067078261424,True,True
2024-06-17,518293.4354033064,518293.4354033064,0.0,423.43717175191546,True,True
2024-06-18,529545.2071025362,529545.2071025362,0.0,434.8006102080869,True,True
2024-06-20,508934.48662235064,529545.2071025362,3.892155042429591,413.9853412909286,True,True
2024-06-21,498339.90019496786,529545.2071025362,5.892850409941687,403.2856102570689,True,True
2024-06-24,474390.46836384817,529545.2071025362,10.41549201067708,379.0984953788113,True,True
2024-06-25,490137.694493979,529545.2071025362,7.441765515012344,395.00200282354587,True,True
2024-06-26,487876.8316565511,529545.2071025362,7.868709769648966,392.71870234450085,True,True
2024-06-27,482487.5082544221,529545.2071025362,8.886436552904595,387.2758932973986,True,True
2024-06-28,487324.73136052233,529545.2071025362,7.9729691017369,392.16112280029574,True,True
2024-07-01,488139.7865998867,529545.2071025362,7.819053018948795,392.98426695025495,True,True
2024-07-02,495027.4600879882,529545.2071025362,6.518375872650349,399.9402962654961,True,True
2024-07-03,510774.76705271576,529545.2071025362,3.5446341120760874,415.84388534705994,True,True
2024-07-05,511037.5603268577,529545.2071025362,3.495007891194991,416.10928667915533,True,True
2024-07-08,522841.43232211645,529545.2071025362,1.2659494771183368,428.030304679532,True,True
2024-07-09,524418.757809146,529545.2071025362,0.9680852974650052,429.6232841299092,True,True
2024-07-10,541401.5407511072,541401.5407511072,0.0,446.77461051068735,True,True
2024-07-11,514455.16624425235,541401.5407511072,4.977151426180107,419.56081018566397,True,True
2024-07-12,523472.4271846056,541401.5407511072,3.3116111087581652,428.66756176914623,True,True
2024-07-15,521842.4783750704,541401.5407511072,3.612672093415496,427.0214367428865,True,True
2024-07-16,521526.9809438258,541401.5407511072,3.6709462961092827,426.70280819807937,True,True
2024-07-17,470289.3655133536,541401.5407511072,13.134830598948222,374.95669166204965,True,True
2024-07-18,473759.5139186572,541401.5407511072,12.493874091789166,378.4612791076115,True,True
2024-07-19,454305.5365184385,541401.5407511072,16.08713638159157,358.814233217917,True,True
2024-07-22,479490.565578687,541401.5407511072,11.435315659894258,384.24920785063284,True,True
2024-07-23,471971.85681079805,541401.5407511072,12.824064712484311,376.6558806273628,True,True
2024-07-24,435482.43272881384,541401.5407511072,19.56387266193363,339.80432196259295,True,True
2024-07-25,423862.62111043034,541401.5407511072,21.71011916176126,328.06919102256114,True,True
2024-07-26,433721.08728220756,541401.5407511072,19.889203366416425,338.02549627028543,True,True
2024-07-29,429225.63285130647,541401.5407511072,20.719539834366696,333.48542728172214,True,True
2024-07-30,405223.5776976809,541401.5407511072,25.152858424544068,309.2451668275819,True,True
2024-07-31,451282.28218145063,541401.5407511072,16.64554896623135,355.76097498321013,True,True
2024-08-01,409272.09764296794,541401.5407511072,24.40507334442214,313.3338657868756,True,True
2024-08-02,376200.3198956768,541401.5407511072,30.513622223209847,279.9338714470292,True,True
2024-08-05,362740.2278469282,541401.5407511072,32.99977917615736,266.340196450866,True,True
2024-08-06,373650.2712882573,541401.5407511072,30.984630969118047,277.35851521111834,True,True
2024-08-07,357903.0047408281,541401.5407511072,33.89324229770467,261.4549669479691,True,True
2024-08-08,393235.72616014385,541401.5407511072,27.367084028872025,297.1383434036898,True,True
2024-08-09,393077.9774445214,541401.5407511072,27.39622113021895,296.97902913128604,True,True
2024-08-12,398625.04956227285,541401.5407511072,26.371644785265108,302.58115245079205,True,True
2024-08-13,422889.9384073387,541401.5407511072,21.889779290127763,327.0868550554422,True,True
2024-08-14,423415.6866248165,541401.5407511072,21.79267054958956,327.6178209932918,True,True
2024-08-15,449652.33337191516,541401.5407511072,16.946609950888725,354.1148499569502,True,True
2024-08-16,450546.2023431433,541401.5407511072,16.78150717523204,355.0175900154893,True,True
2024-08-19,462718.0334229588,541401.5407511072,14.533299483962994,367.31021886289693,True,True
2024-08-20,454095.20489760884,541401.5407511072,16.125985850054082,358.6018141880456,True,True
2024-08-21,460851.562583236,541401.5407511072,14.878047457367973,365.42522447406844,True,True
2024-08-22,439268.11898266047,541401.5407511072,18.8646344867717,343.62757877137665,True,True
2024-08-23,454962.7622075839,541401.5407511072,15.965742990609789,359.4779814586433,True,True
2024-08-26,439662.43014576857,541401.5407511072,18.791802931368096,344.0258032247636,True,True
2024-08-27,446076.9787388983,541401.5407511072,17.606998657588125,350.50401217803795,True,True
2024-08-28,435245.870281328,541401.5407511072,19.60756711599035,339.5654117816095,True,True
2024-08-29,427411.66408219433,541401.5407511072,21.05459037127421,331.6534560135321,True,True
2024-08-30,442002.1875496567,541401.5407511072,18.359636188613333,346.38878124921763,True,True
2024-09-03,393971.8059984511,541401.5407511072,27.231125819871355,297.88172837141053,True,True
2024-09-04,392552.1888097455,541401.5407511072,27.493337336066176,296.44802237502216,True,True
2024-09-05,391526.8827841481,541401.5407511072,27.682717296857373,295.4125408320208,True,True
2024-09-06,367183.1397899202,541401.5407511072,32.17914761001365,270.8272015003761,True,True
2024-09-09,379959.654070972,541401.5407511072,29.819251429569377,283.73051464945684,True,True
2024-09-10,385427.83162226307,541401.5407511072,28.809247367943534,289.25296042355365,True,True
2024-09-11,415555.2091817282,541401.5407511072,23.244546255776722,319.67933325568765,True,True
2024-09-12,416869.7009773173,541401.5407511072,23.001752008504088,321.006870555555,True,True
2024-09-13,424782.761325613,541401.5407511072,21.5401639352013,328.9984630506269,True,True
2024-09-16,416606.82686857844,541401.5407511072,23.05030637877318,320.7413875866302,True,True
2024-09-17,416396.4952477489,541401.5407511072,23.089155847235666,320.52896855675897,True,True
2024-09-18,409403.57511463575,541401.5407511072,24.380788693978513,313.46664808975265,True,True
2024-09-19,435771.61849880556,541401.5407511072,19.510458375452192,340.09637771945887,True,True
2024-09-20,427385.3928382398,541401.5407511072,21.059442822177488,331.6269240440055,True,True
2024-09-23,430145.7326491907,541401.5407511072,20.549592073115825,334.4146584913732,True,True
2024-09-24,441844.39841673605,541401.5407511072,18.38878075526931,346.22942615839935,True,True
2024-09-25,447470.284266351,541401.5407511072,17.34964705760565,351.9111453864851,True,True
2024-09-26,466083.0564351458,541401.5407511072,13.911760245726146,370.7086376119376,True,True
2024-09-27,453253.95924888656,541401.5407511072,16.281368793286045,357.752219705389,True,True
2024-09-30,447233.72181886504,541401.5407511072,17.393341511662396,351.6722352055016,True,True
2024-10-01,429961.7126896138,541401.5407511072,20.58358162536601,334.22881224944297,True,True
2024-10-02,439005.2044566233,541401.5407511072,18.913196322349858,343.3620549840373,True,True
2024-10-03,444867.7335883208,541401.5407511072,17.83035324001134,349.2827660299356,True,True
2024-10-04,453464.2908697163,541401.5407511072,16.242519324823515,357.96463873526045,True,True
2024-10-07,454515.86813926825,541401.5407511072,16.048286913129036,359.0266522477885,True,True
2024-10-08,465820.1823264072,541401.5407511072,13.960314615995193,370.4431546430131,True,True
2024-10-09,472734.24831035826,541401.5407511072,12.683246587271274,377.4258383830248,True,True
2024-10-10,471419.75651476916,541401.5407511072,12.926040834543908,376.09830108315754,True,True
2024-10-11,476782.8086729436,541401.5407511072,11.935454041840273,381.5145781607331,True,True
2024-10-14,488849.51435964275,541401.5407511072,9.70666361949339,393.7010383116198,True,True
2024-10-15,451729.17624976614,541401.5407511072,16.56300504371212,356.21230419406487,True,True
2024-10-16,452149.83949142566,541401.5407511072,16.485306106787057,356.63714225380784,True,True
2024-10-17,463349.028285448,541401.5407511072,14.416751078575418,367.9474759525113,True,True
2024-10-18,463164.96790857275,541401.5407511072,14.450748096134673,367.76158889216646,True,True
2024-10-21,466661.42797512934,541401.5407511072,13.80493167276325,371.2927491256696,True,True
2024-10-22,463638.17363814125,541401.5407511072,14.363344257403071,368.23949089096254,True,True
2024-10-23,456592.6705998208,541401.5407511072,15.664689471261525,361.1240656664885,True,True
2024-10-24,459353.05082807003,541401.5407511072,15.154831256890791,363.9118409322708,True,True
2024-10-25,466976.9254063739,541401.5407511072,13.746657470069461,371.6113776704767,True,True
2024-10-28,462376.34558235644,541401.5407511072,14.596411206941898,366.9651399853925,True,True
2024-10-29,477387.41103958315,541401.5407511072,11.82378048328321,382.12518082557693,True,True
2024-10-30,460982.9188030085,541401.5407511072,14.853785202851622,365.5578843217013,True,True
2024-10-31,437322.67274188064,541401.5407511072,19.223969674122817,341.66282520030967,True,True
2024-11-01,445393.4818057985,541401.5407511072,17.733244499473162,349.8137319677851,True,True
2024-11-04,444131.61333271523,541401.5407511072,17.966318914321082,348.5393402438003,True,True
2024-11-05,454752.4305867541,541401.5407511072,16.00459245907232,359.26556242877183,True,True
2024-11-06,471840.4197564287,541401.5407511072,12.848341897618845,376.5231391429005,True,True
2024-11-07,488165.9770092445,541401.5407511072,9.832916926687522,393.01071728295216,True,True
2024-11-08,483749.4171448038,541401.5407511072,10.648681111309797,388.5503258397981,True,True
2024-11-11,468475.3967442415,541401.5407511072,13.469881135855735,373.12472039385966,True,True
2024-11-12,464085.1081237553,541401.5407511072,14.280792869574729,368.6908609202321,True,True
2024-11-13,452964.8138961933,541401.5407511072,16.334775614458394,357.46020476693775,True,True
2024-11-14,454410.661911555,541401.5407511072,16.067719112669383,358.92040191443806,True,True
2024-11-15,432774.6758230706,541401.5407511072,20.064011043879624,337.06969227269326,True,True
2024-11-18,436954.63282272685,541401.5407511072,19.29194877862318,341.2911327164491,True,True
2024-11-19,443894.9700506325,541401.5407511072,18.010028298995984,348.3003484259875,True,True
2024-11-20,439583.5355793083,541401.5407511072,18.80637521469607,343.9461256793545,True,True
2024-11-21,448942.5651948608,541401.5407511072,17.07770824367704,353.3980377771707,True,True
2024-11-22,445051.6727133009,541401.5407511072,17.796378618379322,349.4685306350366,True,True
2024-11-25,442527.97618443274,541401.5407511072,18.262519982766083,346.9197880054817,True,True
2024-11-26,436639.1758087807,541401.5407511072,19.350215516007875,340.97254499005675,True,True
2024-11-27,428305.4926361239,541401.5407511072,20.889495060926638,332.55615525365647,True,True
2024-11-29,438505.72748310014,541401.5407511072,19.005452611984758,342.85762101571447,True,True
2024-12-02,453595.68750678736,541401.5407511072,16.21824960499805,358.0973394013082,True,True
2024-12-03,455041.61635674594,541401.5407511072,15.95117817259086,359.5576181856379,True,True
2024-12-04,466109.3680963989,541401.5407511072,13.906900329513755,370.735210399879,True,True
2024-12-05,454726.1189255011,541401.5407511072,16.00945237528469,359.23898964083054,True,True
2024-12-06,455541.09333026886,541401.5407511072,15.858921882956,360.06205215396056,True,True
2024-12-09,448863.6706284004,541401.5407511072,17.09228052700504,353.31836023176146,True,True
2024-12-10,432590.6558634937,541401.5407511072,20.098000596129808,336.883846030763,True,True
2024-12-11,448022.42497967824,541401.5407511072,17.247663470236986,352.46876574910505,True,True
2024-12-12,441765.58468487253,541401.5407511072,18.403338107979124,346.1498302498196,True,True
2024-12-13,457854.53907290415,541401.5407511072,15.43161505641359,362.39845739047337,True,True
2024-12-16,467739.2764886358,541401.5407511072,13.605846810165495,372.3812946077242,True,True
2024-12-17,459090.1767193313,541401.5407511072,15.20338562715986,363.6463579633462,True,True
2024-12-18,438137.6875639466,541401.5407511072,19.07343171648508,342.4859285318542,True,True
2024-12-19,429935.40102836094,541401.5407511072,20.588441541578355,334.20223946150173,True,True
2024-12-20,440030.5104822207,541401.5407511072,18.723816361558658,344.39753652703865,True,True
2024-12-23,460048.632533389,541401.5407511072,15.026353287590227,364.61432584850604,True,True
2024-12-24,465725.84835196123,541401.5407511072,13.977738647392494,370.3478844632053,True,True
2024-12-26,464564.0126923971,541401.5407511072,14.192336422262558,369.1745183154948,True,True
2024-12-27,457883.35660665727,541401.5407511072,15.426292291038163,362.42756092012326,True,True
2024-12-30,448007.63224846695,541401.5407511072,17.250395773360978,352.45382620934083,True,True
2024-12-31,441432.5865634243,541401.5407511072,18.464844789505413,345.8135273314662,True,True
2025-01-02,448350.89636370644,541401.5407511072,17.1869929033279,352.8004970050167,True,True
2025-01-03,467072.5931516668,541401.5407511072,13.728987083472452,371.70799485796834,True,True
2025-01-06,489121.3611086245,541401.5407511072,9.656451950608112,393.9755829685982,True,True
2025-01-07,472776.1610487902,541401.5407511072,12.6755050617533,377.4681670790233,True,True
2025-01-08,467996.7346793901,541401.5407511072,13.558292791313404,372.64130790908496,True,True
2025-01-10,454661.8554210586,541401.5407511072,16.021322216724997,359.174088361527,True,True
2025-01-13,447954.8068394691,541401.5407511072,17.26015293233111,352.40047654138493,True,True
2025-01-14,450067.2977745015,541401.5407511072,16.869963622544212,354.5339326202266,True,True
2025-01-15,465303.4067491725,541401.5407511072,14.05576605791716,369.92125039321746,True,True
2025-01-16,468155.170489085,541401.5407511072,13.529028779712121,372.8013160945376,True,True
2025-01-17,483892.97938869067,541401.5407511072,10.622164333450668,388.69531284865735,True,True
2025-01-21,494824.96942304634,541401.5407511072,8.60296246357987,399.7357960080679,True,True
2025-01-22,507446.9683723473,541401.5407511072,6.271606159755913,412.4830603579177,True,True
2025-01-23,506601.92349757627,541401.5407511072,6.427690842041573,411.6296289442834,True,True
2025-01-24,492554.0830956175,541401.5407511072,9.02240831965896,397.4423725621882,True,True
2025-01-27,424638.55240495177,541401.5407511072,21.56680015800576,328.8528229471331,True,True
2025-01-28,436890.8139085666,541401.5407511072,19.30373650166359,341.22668043970685,True,True
2025-01-29,434461.4917714427,541401.5407511072,19.752446369343986,338.7732488083744,True,True
2025-01-30,449354.3366308741,541401.5407511072,17.00165167475003,353.81389578568917,True,True
2025-01-31,445261.4384919532,541401.5407511072,17.757633664243937,349.68037820710293,True,True
2025-02-03,432481.0845675542,541401.5407511072,20.118239049050995,336.77318730862976,True,True
2025-02-04,439584.222673381,541401.5407511072,18.806248304441674,343.9468195924037,True,True
2025-02-05,454556.2450203614,541401.5407511072,16.040829069356167,359.0674298440301,True,True
2025-02-06,457751.3537101104,541401.5407511072,15.450673990499848,362.2942479778557,True,True
2025-02-07,448905.4216976389,541401.5407511072,17.08456886272337,353.3605256541015,True,True
2025-02-10,461104.85779225605,541401.5407511072,14.83126236535131,365.68103347871954,True,True
2025-02-11,461764.9935268855,541401.5407511072,14.70933147211565,366.3477206453011,True,True
2025-02-12,458173.8357301975,541401.5407511072,15.372639114666105,362.7209228662582,True,True
2025-02-13,467178.1631350656,541401.5407511072,13.709487696150372,371.8146125570506,True,True
2025-02-14,468920.95704171015,541401.5407511072,13.387583568536193,373.57470259703086,True,True
2025-02-18,478532.6351895083,541401.5407511072,11.612250950445835,383.2817706048636,True,True
2025-02-19,481490.09016471484,541401.5407511072,11.06599188899146,386.2685764605101,True,True
2025-02-20,482704.71081597847,541401.5407511072,10.841644420460334,387.49525145776175,True,True
2025-02-21,462081.9055635738,541401.5407511072,14.650795983603992,366.66777783462123,True,True
2025-02-24,444733.30565387045,541401.5407511072,17.85518285801794,349.1470039827887,True,True
2025-02-25,431081.5547761491,541401.5407511072,20.376740306632097,335.3597680643254,True,True
2025-02-26,445789.5713300358,541401.5407511072,17.660084470469954,350.2137524314168,True,True
2025-02-27,406101.72433983465,541401.5407511072,24.990659654120282,310.13202852281967,True,True
2025-02-28,416611.23235410324,541401.5407511072,23.04949266008322,320.7458367938279,True,True
2025-03-03,390839.26328661235,541401.5407511072,27.80972460026877,294.718097143473,False,False
2025-03-04,390839.26328661235,541401.5407511072,27.80972460026877,0.0,False,False
2025-03-05,390839.26328661235,541401.5407511072,27.80972460026877,0.0,False,False
2025-03-06,390839.26328661235,541401.5407511072,27.80972460026877,0.0,False,False
2025-03-07,390839.26328661235,541401.5407511072,27.80972460026877,0.0,False,False
2025-03-10,390839.26328661235,541401.5407511072,27.80972460026877,0.0,False,False
2025-03-11,390839.26328661235,541401.5407511072,27.80972460026877,0.0,False,False
2025-03-12,390839.26328661235,541401.5407511072,27.80972460026877,0.0,False,False
2025-03-13,390839.26328661235,541401.5407511072,27.80972460026877,0.0,False,False
2025-03-14,390839.26328661235,541401.5407511072,27.80972460026877,0.0,False,False
2025-03-17,390839.26328661235,541401.5407511072,27.80972460026877,0.0,False,False
2025-03-18,390839.26328661235,541401.5407511072,27.80972460026877,0.0,False,False
2025-03-19,390839.26328661235,541401.5407511072,27.80972460026877,0.0,False,False
2025-03-20,390839.26328661235,541401.5407511072,27.80972460026877,0.0,False,False
2025-03-21,390839.26328661235,541401.5407511072,27.80972460026877,0.0,False,False
2025-03-24,390839.26328661235,541401.5407511072,27.80972460026877,0.0,False,False
2025-03-25,390839.26328661235,541401.5407511072,27.80972460026877,0.0,False,False
2025-03-26,390839.26328661235,541401.5407511072,27.80972460026877,0.0,False,False
2025-03-27,390839.26328661235,541401.5407511072,27.80972460026877,0.0,False,False
2025-03-28,390839.26328661235,541401.5407511072,27.80972460026877,0.0,False,False
2025-03-31,390839.26328661235,541401.5407511072,27.80972460026877,0.0,False,False
2025-04-01,390839.26328661235,541401.5407511072,27.80972460026877,0.0,False,False
2025-04-02,390839.26328661235,541401.5407511072,27.80972460026877,0.0,False,False
2025-04-03,390839.26328661235,541401.5407511072,27.80972460026877,0.0,False,False
2025-04-04,390839.26328661235,541401.5407511072,27.80972460026877,0.0,False,False
2025-04-07,390839.26328661235,541401.5407511072,27.80972460026877,0.0,False,False
2025-04-08,390839.26328661235,541401.5407511072,27.80972460026877,0.0,False,False
2025-04-09,390839.26328661235,541401.5407511072,27.80972460026877,0.0,False,False
2025-04-10,390839.26328661235,541401.5407511072,27.80972460026877,0.0,False,False
2025-04-11,390839.26328661235,541401.5407511072,27.80972460026877,0.0,False,False
2025-04-14,390839.26328661235,541401.5407511072,27.80972460026877,0.0,False,False
2025-04-15,390839.26328661235,541401.5407511072,27.80972460026877,0.0,False,False
2025-04-16,390839.26328661235,541401.5407511072,27.80972460026877,0.0,False,False
2025-04-17,390839.26328661235,541401.5407511072,27.80972460026877,0.0,False,False
2025-04-21,390839.26328661235,541401.5407511072,27.80972460026877,0.0,False,False
2025-04-22,390839.26328661235,541401.5407511072,27.80972460026877,0.0,False,False
2025-04-23,390839.26328661235,541401.5407511072,27.80972460026877,0.0,False,False
2025-04-24,390839.26328661235,541401.5407511072,27.80972460026877,0.0,False,False
2025-04-25,390839.26328661235,541401.5407511072,27.80972460026877,0.0,False,False
2025-04-28,390839.26328661235,541401.5407511072,27.80972460026877,0.0,False,False
2025-04-29,390839.26328661235,541401.5407511072,27.80972460026877,0.0,False,False
2025-04-30,390839.26328661235,541401.5407511072,27.80972460026877,0.0,False,False
2025-05-01,390839.26328661235,541401.5407511072,27.80972460026877,0.0,False,False
2025-05-02,390839.26328661235,541401.5407511072,27.80972460026877,0.0,False,False
2025-05-05,390839.26328661235,541401.5407511072,27.80972460026877,0.0,False,False
2025-05-06,390839.26328661235,541401.5407511072,27.80972460026877,0.0,False,False
2025-05-07,390839.26328661235,541401.5407511072,27.80972460026877,0.0,False,False
2025-05-08,390839.26328661235,541401.5407511072,27.80972460026877,0.0,False,False
2025-05-09,390839.26328661235,541401.5407511072,27.80972460026877,0.0,False,False
2025-05-12,390839.26328661235,541401.5407511072,27.80972460026877,0.0,False,False
2025-05-13,390839.26328661235,541401.5407511072,27.80972460026877,0.0,False,False
2025-05-14,390839.26328661235,541401.5407511072,27.80972460026877,0.0,False,False
2025-05-15,390839.26328661235,541401.5407511072,27.80972460026877,0.0,False,False
2025-05-16,390839.26328661235,541401.5407511072,27.80972460026877,0.0,False,False
2025-05-19,390839.26328661235,541401.5407511072,27.80972460026877,0.0,False,False
2025-05-20,390839.26328661235,541401.5407511072,27.80972460026877,0.0,False,False
2025-05-21,390839.26328661235,541401.5407511072,27.80972460026877,0.0,False,False
2025-05-22,390839.26328661235,541401.5407511072,27.80972460026877,0.0,False,False
2025-05-23,390839.26328661235,541401.5407511072,27.80972460026877,0.0,True,True
2025-05-27,428023.6183589312,541401.5407511072,20.941558872344988,9.513976349159847,True,True
2025-05-28,415135.03737444745,541401.5407511072,23.322154421925976,6.216308434195983,True,True
2025-05-29,423628.66046636965,541401.5407511072,21.753333047657506,8.38948392851513,True,True
2025-05-30,402246.3808050931,541401.5407511072,25.7027639324703,2.9186211801130124,True,True
2025-06-02,419776.9310396329,541401.5407511072,22.464769779328623,7.403981757022149,True,True
2025-06-03,446887.41012800275,541401.5407511072,17.457307286562447,14.34045964831554,True,True
2025-06-04,461504.39035111316,541401.5407511072,14.757466387914153,18.080355200311658,True,True
2025-06-05,459282.19515210896,541401.5407511072,15.16791871058787,17.51178509803548,True,True
2025-06-06,466343.7872834755,541401.5407511072,13.863601748066904,19.31856164141159,True,True
2025-06-09,487232.1198146333,541401.5407511072,10.005405758787195,24.663043246331572,True,True
2025-06-10,512466.28007238806,541401.5407511072,5.34451022037656,31.11944684446495,True,True
2025-06-11,511527.9694873391,541401.5407511072,5.517821619481045,30.879371019646683,True,True
2025-06-12,517799.39738025697,541401.5407511072,4.35945256788631,32.48397641168961,True,True
2025-06-13,487380.2661612336,541401.5407511072,9.97804227060894,24.700947919816674,True,True
2025-06-16,518935.28681735345,541401.5407511072,4.1496472105685935,32.77460469390074,True,True
2025-06-17,510095.93852678343,541401.5407511072,5.782326031228552,30.512972068703625,True,True
2025-06-18,515034.04930029874,541401.5407511072,4.8702283732380565,31.776435399380844,True,True
2025-06-20,503577.49927637074,541401.5407511072,6.9863195110715175,28.84516643536006,True,True
2025-06-23,511725.5483393866,541401.5407511072,5.481327661267813,30.929923477039534,True,True
2025-06-24,559230.6395834076,559230.6395834076,0.0,43.08455984712813,True,True
2025-06-25,577304.3426989012,577304.3426989012,0.0,47.70889133406979,True,True
2025-06-26,587180.7154156733,587180.7154156733,0.0,50.235856673662504,True,True
2025-06-27,593205.2831208379,593205.2831208379,0.0,51.777300502643044,True,True
2025-06-30,595476.759655548,595476.759655548,0.0,52.3584797105888,True,True
2025-07-01,580464.697313213,595476.759655548,2.52101565660072,48.517498582926024,True,True
2025-07-02,607180.1698672293,607180.1698672293,0.0,55.35291023767197,True,True
2025-07-03,618883.7312486521,618883.7312486521,0.0,58.34737944299342,True,True
2025-07-07,599822.4362124036,618883.7312486521,3.079947666064946,53.47036302556394,True,True
2025-07-08,618192.4320210979,618883.7312486521,0.11170098560507932,58.17050385947577,True,True
2025-07-09,627772.5120446694,627772.5120446694,0.0,60.62165985209829,True,True
2025-07-10,638142.4539672066,638142.4539672066,0.0,63.274909639577494,True,True
2025-07-11,637994.3076206064,638142.4539672066,0.023215246952974805,63.237004966092414,True,True
2025-07-14,627278.6404994212,638142.4539672066,1.7024119615059747,60.49529804773523,True,True
2025-07-15,654339.6870823439,654339.6870823439,0.0,67.41912815512087,True,True
2025-07-16,646833.6559111763,654339.6870823439,1.1471153774328413,65.4986375912895,True,True
2025-07-17,658833.3588160583,658833.3588160583,0.0,68.56887746534284,True,True
2025-07-18,651920.0642010334,658833.3588160583,1.0493237056860931,66.80004427369006,True,True
2025-07-21,652907.6561217882,658833.3588160583,0.8994235970259175,67.05272920417784,True,True
2025-07-22,627525.5006871745,658833.3588160583,4.752014710539983,60.55845961079762,True,True
2025-07-23,633648.7822334922,658833.3588160583,3.822601913756067,62.12516032935553,True,True
2025-07-24,639525.2035920564,658833.3588160583,2.930658407871019,63.62869948485097,True,True
2025-07-25,637994.3076206064,658833.3588160583,3.163023079599404,63.237004966092414,True,True
2025-07-28,657352.0465197968,658833.3588160583,0.2248386904578402,68.18986940873029,True,True
2025-07-29,664709.7801746225,664709.7801746225,0.0,70.07241662083831,True,True
2025-07-30,681302.1709938548,681302.1709938548,0.0,74.31774005116742,True,True
2025-07-31,644364.6005244188,681302.1709938548,5.421613498684884,64.8669059259509,True,True
2025-08-01,620513.3410612552,681302.1709938548,8.922447706855738,58.764330851329284,True,True
2025-08-04,651327.4788146323,681302.1709938548,4.3996178869497315,66.64842557974973,True,True
2025-08-05,636068.556284544,681302.1709938548,6.639288209419004,62.7442828890246,True,True
2025-08-06,633698.2147389394,681302.1709938548,6.987201609158634,62.13780811326328,True,True
2025-08-07,655919.8643894998,681302.1709938548,3.7255578633087807,67.823431779549,True,True
2025-08-08,667820.8534532286,681302.1709938548,1.9787574610191219,70.86841476402503,True,True
2025-08-11,667178.8355613803,681302.1709938548,2.072991402900122,70.70414828617695,True,True
2025-08-12,700264.6010192088,700264.6010192088,0.0,79.16946090078135,True,True
2025-08-13,706091.7410420673,706091.7410420673,0.0,80.66039095060731,True,True
2025-08-14,709252.0956563791,709252.0956563791,0.0,81.46899819946354,True,True
2025-08-15,678289.8115564018,709252.0956563791,4.365483625582132,73.54699879755802,True,True
2025-08-18,684264.9467561191,709252.0956563791,3.5230278561440933,75.07579484263083,True,True
2025-08-19,654685.4122809917,709252.0956563791,7.693552646451976,67.50758528599883,True,True
2025-08-20,645253.4786040204,709252.0956563791,9.023394847093263,65.09433396686137,True,True
2025-08-21,637846.161274006,709252.0956563791,10.067779118268282,63.19910029260731,True,True
2025-08-22,668364.1575039239,709252.0956563791,5.764937234991941,71.00742435229581,True,True
2025-08-25,669746.9071287737,709252.0956563791,5.569978399717692,71.36121419756934,True,True
2025-08-26,683721.7938751653,709252.0956563791,3.599608931375347,74.93682393259829,True,True
2025-08-27,688215.4656088797,709252.0956563791,2.966030016172322,76.08657324282024,True,True
2025-08-28,694240.0333140442,709252.0956563791,2.116604580271552,77.6280170718008,True,True
2025-08-29,651821.3503598804,709252.0956563791,8.097367021996508,66.77478738411276,True,True
2025-09-02,633006.9155113852,709252.0956563791,10.750081756816332,61.96093252974566,True,True
2025-09-03,632759.9041538904,709252.0956563791,10.78490877516531,61.89773228844502,True,True
2025-09-04,649697.7178322877,709252.0956563791,8.39678559835297,66.23143549317558,True,True
2025-09-05,666586.4013447205,709252.0956563791,6.015589460073931,70.55256827047486,True,True
2025-09-08,682585.9044380687,709252.0956563791,3.759762062265335,74.64619565038714,True,True
2025-09-09,688956.1973418811,709252.0956563791,2.8615915890548234,76.27609661024563,True,True
2025-09-10,703869.3946733215,709252.0956563791,0.7589263417087516,80.09178217009283,True,True
2025-09-11,719177.7497088569,719177.7497088569,0.0,84.00857264472572,True,True
2025-09-12,721103.8033844022,721103.8033844022,0.0,84.50137207827007,True,True
2025-09-15,735177.5551416881,735177.5551416881,0.0,88.10227738111453,True,True
2025-09-16,735374.9828239942,735374.9828239942,0.0,88.15279116026915,True,True
2025-09-17,725696.1889592697,735374.9828239942,1.3161712175135434,85.67637827806934,True,True
2025-09-18,783571.5244653107,783571.5244653107,0.0,100.48434179211361,True,True
2025-09-19,777349.3779080986,783571.5244653107,0.7940751243427259,98.8923455057402,True,True
2025-09-22,809249.972593125,809249.972593125,0.0,107.05442073246397,True,True
2025-09-23,806929.0635529675,809249.972593125,0.2867975432511207,106.46059374061045,True,True
2025-09-24,804015.4179566676,809249.972593125,0.6468402611969175,105.71510937657833,True,True
2025-09-25,803768.5577689143,809249.972593125,0.6773450738152373,105.65194781351596,True,True
2025-09-26,807521.6489393688,809249.972593125,0.21357104878459385,106.61221243455081,True,True
2025-09-29,811669.5954744354,811669.5954744354,0.0,107.6735046138948,True,True
2025-09-30,829940.7262722352,829940.7262722352,0.0,112.34834987999109,True,True
2025-10-01,866137.5650086699,866137.5650086699,0.0,121.60966063778224,True,True
2025-10-02,888606.226016725,888606.226016725,0.0,127.35848454536858,True,True
2025-10-03,880902.61599351,888606.226016725,0.8669318082259254,125.38744152414436,True,True
2025-10-06,913988.3814513385,913988.3814513385,0.0,133.85275413874876,True,True
2025-10-07,882729.8046581605,913988.3814513385,3.4200190535838026,125.85494538987305,True,True
2025-10-08,927272.1201399172,927272.1201399172,0.0,137.25152696849833,True,True
2025-10-09,923025.1574242146,927272.1201399172,0.45800608294593903,136.1649005431005,True,True
2025-10-10,824903.9016575668,927272.1201399172,11.03971706459847,111.05962965973659,True,True
2025-10-13,896062.824682445,927272.1201399172,3.3657105373515384,129.26632732529214,True,True
2025-10-14,865199.4055933623,927272.1201399172,6.694120657611137,121.36962349120223,True,True
2025-10-15,906087.3437458174,927272.1201399172,2.2846342442500283,131.8311973383699,True,True
2025-10-16,913593.2237472434,927272.1201399172,1.4751760670438157,133.75164922396303,True,True
2025-10-17,911272.3147070862,927272.1201399172,1.7254703430980782,133.15782223210954,True,True
2025-10-20,932950.962646434,932950.962646434,0.0,138.70451366660092,True,True
2025-10-21,923469.5964640155,932950.962646434,1.0162770136946238,136.27861456355572,True,True
2025-10-22,890383.9821759283,932950.962646434,4.56261713367646,127.81334062718952,True,True
2025-10-23,921000.5410772578,932950.962646434,1.2809270848788499,135.6468828982171,True,True
2025-10-24,952308.7015456244,952308.7015456244,0.0,143.65737810923883,True,True
2025-10-27,995764.4089259903,995764.4089259903,0.0,154.77594051132243,True,True
2025-10-28,1011418.3379904322,1011418.3379904322,0.0,158.78114943859504,True,True
2025-10-29,1038578.2495842493,1038578.2495842493,0.0,165.7302751137962,True,True
2025-10-30,1014480.1299333322,1038578.2495842493,2.3202988952025314,159.56453847611215,True,True
2025-10-31,1010973.8989506314,1038578.2495842493,2.6578980105416403,158.6674354181398,True,True
2025-11-03,1026183.5401450137,1038578.2495842493,1.193430484818772,162.5589690031954,True,True
2025-11-04,960308.4530922986,1038578.2495842493,7.5362445269080816,145.70419179919497,True,True
2025-11-05,993591.6462324333,1038578.2495842493,4.331556468645916,154.220018192954,True,True
2025-11-06,952061.6901881297,1038578.2495842493,8.33028800966638,143.59417786793816,True,True
2025-11-07,937395.3530444426,1038578.2495842493,9.742443246843559,139.84165387115337,True,True
2025-11-10,990085.5664194736,1038578.2495842493,4.669141028534702,153.32295381321984,True,True
2025-11-11,951864.1113360821,1038578.2495842493,8.349311983269393,143.54362541054533,True,True
2025-11-12,973987.0471454895,1038578.2495842493,6.219194602295609,149.20399218725376,True,True
2025-11-13,921099.4060881523,1038578.2495842493,11.311506238757135,135.67217846603268,True,True
2025-11-14,921889.570326601,1038578.2495842493,11.235424899795433,135.87434961736585,True,True
2025-11-17,898778.7402569561,1038578.2495842493,13.46066214878427,129.96122055369318,True,True
2025-11-18,864162.3811671602,1038578.2495842493,16.793714723653135,121.10429077680665,True,True
2025-11-19,894532.0798807364,1038578.2495842493,13.86955385992107,128.8746714847718,True,True
2025-11-20,823718.7308847646,1038578.2495842493,20.68785079848289,110.75639227185596,True,True
2025-11-21,828805.1391746216,1038578.2495842493,20.198103560670706,112.05779895425647,True,True
2025-11-24,892951.7514038391,1038578.2495842493,14.021716537844464,128.47032918210547,True,True
2025-11-25,897346.860466142,1038578.2495842493,13.598531374467292,129.5948602809884,True,True
2025-11-26,935370.5855277444,1038578.2495842493,9.937398948785974,139.32359754803176,True,True
2025-11-28,957938.111546694,1038578.2495842493,7.764473988342837,145.09771702343363,True,True
2025-12-01,961296.0450130533,1038578.2495842493,7.441153769793719,145.95687672968273,True,True
2025-12-02,993245.9210337854,1038578.2495842493,4.364844783588599,154.13156106207606,True,True
2025-12-03,1017640.4845476443,1038578.2495842493,2.016002650256407,160.37314572496845,True,True
2025-12-04,1003961.7393247123,1038578.2495842493,3.3330671303191908,156.8733066586715,True,True
2025-12-05,1017887.495905139,1038578.2495842493,1.9922190443900576,160.43634596626907,True,True
2025-12-08,1038281.9568910487,1038578.2495842493,0.028528682679349944,165.65446576682606,True,True
2025-12-09,1040504.1520900531,1040504.1520900531,0.0,166.22303586910226,True,True
2025-12-10,1065688.8798423605,1065688.8798423605,0.0,172.66679168332786,True,True
2025-12-11,1049837.3719258711,1065688.8798423605,1.4874423686239626,168.6110302986624,True,True
2025-12-12,967024.3200250174,1065688.8798423605,9.258289326612648,147.42251121169315,True,True
2025-12-15,960999.7523198528,1065688.8798423605,9.823610765084982,145.8810673827126,True,True
2025-12-16,956259.0692286436,1065688.8798423605,10.268457584910157,144.66811783119,True,True
2025-12-17,893544.3367902401,1065688.8798423605,16.153358293236995,128.62194787604574,True,True
2025-12-18,933099.1089930342,1065688.8798423605,12.441696010653626,138.742418340086,True,True
2025-12-19,977443.8456227432,1065688.8798423605,8.280562543982883,150.08844746131837,True,True
2025-12-22,1000106.3062393102,1065688.8798423605,6.154007501021449,155.88685687034132,True,True
2025-12-23,1017245.4780132907,1065688.8798423605,4.545735884589103,160.27207948842096,True,True
2025-12-24,1022248.5917756204,1065688.8798423605,4.07626361580933,161.55217446154572,True,True
2025-12-26,1030619.9185467267,1065688.8798423605,3.2907316533903685,163.6940592611206,True,True
2025-12-29,1022446.6241368923,1065688.8798423605,4.057681047761777,161.60284295365335,True,True
2025-12-30,1017988.4772924136,1065688.8798423605,4.476015791494689,160.46218302942017,True,True
2025-12-31,1002236.2878960429,1065688.8798423605,5.954138505761987,156.43183324728497,True,True
2026-01-02,1067474.1944886353,1067474.1944886353,0.0,173.12358167706128,True,True
2026-01-05,1088724.8808899983,1088724.8808899983,0.0,178.5607750190668,True,True
2026-01-06,1138408.7816172333,1138408.7816172333,0.0,191.2728808370538,True,True
2026-01-07,1125529.5731567182,1138408.7816172333,1.1313342507968727,187.97761097286144,True,True
2026-01-08,1095610.3602726,1138408.7816172333,3.7594950105561735,180.3224914148815,True,True
2026-01-09,1146334.4599906073,1146334.4599906073,0.0,193.3007421902674,True,True
2026-01-12,1153467.5554096699,1153467.5554096699,0.0,195.12581354033586,True,True
2026-01-13,1157777.1023983238,1157777.1023983238,0.0,196.22845275636917,True,True
2026-01-14,1142024.9130019532,1157777.1023983238,1.3605545803022157,192.19810297423402,True,True
2026-01-15,1181950.3534107308,1181950.3534107308,0.0,202.41341247846347,True,True
2026-01-16,1201665.457578659,1201665.457578659,0.0,207.45771227632454,True,True
2026-01-20,1152130.1567072487,1201665.457578659,4.122220586353828,194.78362716653734,True,True
2026-01-21,1209293.7850706428,1209293.7850706428,0.0,209.40949353490032,True,True
2026-01-22,1213702.4994096737,1213702.4994096737,0.0,210.5375056752256,True,True
2026-01-23,1200179.307850672,1213702.4994096737,1.1142097479060376,207.07746651608798,True,True
2026-01-26,1193888.3790611094,1213702.4994096737,1.6325351853688719,205.46787163131071,True,True
2026-01-27,1235646.601414971,1235646.601414971,0.0,216.15211609608426,True,True
2026-01-28,1282110.7378195126,1282110.7378195126,0.0,228.04041411758274,True,True
2026-01-29,1286519.3009888027,1286519.3009888027,0.0,229.1683875796699,True,True
2026-01-30,1216872.6800571787,1286519.3009888027,5.413569845247906,211.34862700956813,True,True
