date,vix,leverage,position_shares,smh_price,equity,in_position
2022-07-05,27.540000915527344,0.0,0,96.09276580810548,100000.0,False
2022-07-06,26.729999542236328,0.0,0,96.7463150024414,100000.0,False
2022-07-07,26.079999923706055,0.0,0,101.21394348144533,100000.0,False
2022-07-08,24.63999938964844,0.0,0,101.7602081298828,100000.0,False
2022-07-11,26.170000076293945,0.0,0,99.32154083251952,100000.0,False
2022-07-12,27.290000915527344,0.0,0,99.28252410888672,100000.0,False
2022-07-13,26.81999969482422,0.0,0,100.0677719116211,100000.0,False
2022-07-14,26.399999618530273,0.0,0,102.17964935302734,100000.0,False
2022-07-15,24.229999542236328,0.0,0,104.75973510742188,100000.0,False
2022-07-18,25.299999237060547,0.0,0,103.9842529296875,100000.0,False
2022-07-19,24.5,0.0,0,108.73474884033205,100000.0,False
2022-07-20,23.8799991607666,0.0,0,111.29534149169922,100000.0,False
2022-07-21,23.11000061035156,0.0,0,113.1633529663086,100000.0,False
2022-07-22,23.030000686645508,0.0,0,110.60276794433594,100000.0,False
2022-07-25,23.36000061035156,0.0,0,109.91992950439452,100000.0,False
2022-07-26,24.690000534057617,0.0,0,108.26165008544922,100000.0,False
2022-07-27,23.239999771118164,0.0,0,113.32917785644533,100000.0,False
2022-07-28,22.329999923706055,0.0,0,114.7143325805664,100000.0,False
2022-07-29,21.329999923706055,0.0,0,115.6702880859375,100000.0,False
2022-08-01,22.84000015258789,0.0,0,115.90438842773438,100000.0,False
2022-08-02,23.93000030517578,0.0,0,115.6654052734375,100000.0,False
2022-08-03,21.950000762939453,0.0,0,118.43084716796876,100000.0,False
2022-08-04,21.440000534057617,0.0,0,119.63553619384766,100000.0,False
2022-08-05,21.149999618530273,0.0,0,118.8210220336914,100000.0,False
2022-08-08,21.290000915527344,0.0,0,116.7676773071289,100000.0,False
2022-08-09,21.770000457763672,0.0,0,111.88062286376952,100000.0,False
2022-08-10,19.739999771118164,0.0,0,116.41162872314452,100000.0,False
2022-08-11,20.200000762939453,0.0,0,116.38724517822266,100000.0,False
2022-08-12,19.530000686645508,0.0,0,119.67455291748048,100000.0,False
2022-08-15,19.950000762939453,0.0,0,120.2159423828125,100000.0,False
2022-08-16,19.690000534057617,0.0,0,118.86004638671876,100000.0,False
2022-08-17,19.899999618530273,0.0,0,116.30921936035156,100000.0,False
2022-08-18,19.559999465942383,0.0,0,117.93335723876952,100000.0,False
2022-08-19,20.600000381469727,0.0,0,114.6119155883789,100000.0,False
2022-08-22,23.799999237060547,0.0,0,110.61739349365234,100000.0,False
2022-08-23,24.11000061035156,0.0,0,111.33436584472656,100000.0,False
2022-08-24,22.81999969482422,0.0,0,111.26119232177734,100000.0,False
2022-08-25,21.780000686645508,0.0,0,114.9972152709961,100000.0,False
2022-08-26,25.559999465942383,0.0,0,108.6030502319336,100000.0,False
2022-08-29,26.209999084472656,0.0,0,106.58873748779295,100000.0,False
2022-08-30,26.209999084472656,0.0,0,105.3694076538086,100000.0,False
2022-08-31,25.8700008392334,0.0,0,104.6524429321289,100000.0,False
2022-09-01,25.559999465942383,0.0,0,102.36498260498048,100000.0,False
2022-09-02,25.469999313354492,0.0,0,101.36026000976562,100000.0,False
2022-09-06,26.90999984741211,0.0,0,100.22872161865234,100000.0,False
2022-09-07,24.63999938964844,0.0,0,101.82847595214844,100000.0,False
2022-09-08,23.61000061035156,0.0,0,103.2087631225586,100000.0,False
2022-09-09,22.790000915527344,0.0,0,105.76934814453124,100000.0,False
2022-09-12,23.8700008392334,0.0,0,106.03272247314452,100000.0,False
2022-09-13,27.270000457763672,0.0,0,99.7214813232422,100000.0,False
2022-09-14,26.15999984741211,0.0,0,100.8042449951172,100000.0,False
2022-09-15,26.270000457763672,0.0,0,99.0093994140625,100000.0,False
2022-09-16,26.299999237060547,0.0,0,99.4532241821289,100000.0,False
2022-09-19,25.760000228881836,0.0,0,100.1067886352539,100000.0,False
2022-09-20,27.15999984741211,0.0,0,98.72164154052734,100000.0,False
2022-09-21,27.989999771118164,0.0,0,97.89737701416016,100000.0,False
2022-09-22,27.350000381469727,0.0,0,95.18558502197266,100000.0,False
2022-09-23,29.920000076293945,0.0,0,93.82481384277344,100000.0,False
2022-09-26,32.2599983215332,0.0,0,92.7322998046875,100000.0,False
2022-09-27,32.599998474121094,0.0,0,93.43463134765624,100000.0,False
2022-09-28,30.18000030517578,0.0,0,94.62468719482422,100000.0,False
2022-09-29,31.84000015258789,0.0,0,91.6446533203125,100000.0,False
2022-09-30,31.6200008392334,0.0,0,90.28876495361328,100000.0,False
2022-10-03,30.100000381469727,0.0,0,93.5272979736328,100000.0,False
2022-10-04,29.06999969482422,0.0,0,97.52669525146484,100000.0,False
2022-10-05,28.549999237060547,0.0,0,98.49240112304688,100000.0,False
2022-10-06,30.520000457763672,0.0,0,97.8193359375,100000.0,False
2022-10-07,31.36000061035156,0.0,0,91.98607635498048,100000.0,False
2022-10-10,32.45000076293945,0.0,0,88.91336059570312,100000.0,False
2022-10-11,33.630001068115234,0.0,0,86.10891723632812,100000.0,False
2022-10-12,33.56999969482422,0.0,0,85.59191131591797,100000.0,False
2022-10-13,31.940000534057617,0.0,0,88.21102905273438,100000.0,False
2022-10-14,32.02000045776367,0.0,0,84.45061492919922,100000.0,False
2022-10-17,31.3700008392334,0.0,0,86.45032501220703,100000.0,False
2022-10-18,30.5,0.0,0,86.46981811523438,100000.0,False
2022-10-19,30.760000228881836,0.0,0,87.16728973388672,100000.0,False
2022-10-20,29.979999542236328,0.0,0,87.85986328125,100000.0,False
2022-10-21,29.690000534057617,0.0,0,90.88867950439452,100000.0,False
2022-10-24,29.850000381469727,0.0,0,91.17642974853516,100000.0,False
2022-10-25,28.459999084472656,0.0,0,92.62010955810548,100000.0,False
2022-10-26,27.280000686645508,0.0,0,91.71292877197266,100000.0,False
2022-10-27,27.38999938964844,0.0,0,90.5667724609375,100000.0,False
2022-10-28,25.75,0.0,0,94.02477264404295,100000.0,False
2022-10-31,25.8799991607666,0.0,0,92.28845977783205,100000.0,False
2022-11-01,25.809999465942383,0.0,0,92.9273910522461,100000.0,False
2022-11-02,25.86000061035156,0.0,0,90.2643814086914,100000.0,False
2022-11-03,25.299999237060547,0.0,0,89.20599365234375,100000.0,False
2022-11-04,24.549999237060547,0.0,0,93.3517074584961,100000.0,False
2022-11-07,24.350000381469727,0.0,0,95.19532775878906,100000.0,False
2022-11-08,25.540000915527344,0.0,0,97.24868774414062,100000.0,False
2022-11-09,26.09000015258789,0.0,0,94.60518646240234,100000.0,False
2022-11-10,23.530000686645508,0.0,0,104.27200317382812,100000.0,False
2022-11-11,22.520000457763672,0.0,0,107.69100189208984,100000.0,False
2022-11-14,23.729999542236328,0.0,0,106.67164611816406,100000.0,False
2022-11-15,24.540000915527344,0.0,0,110.03211975097656,100000.0,False
2022-11-16,24.11000061035156,0.0,0,106.07173919677734,100000.0,False
2022-11-17,23.93000030517578,0.0,0,106.87161254882812,100000.0,False
2022-11-18,23.1200008392334,0.0,0,107.06671905517578,100000.0,False
2022-11-21,22.36000061035156,0.0,0,105.1938247680664,100000.0,False
2022-11-22,21.290000915527344,0.0,0,108.25189208984376,100000.0,False
2022-11-23,20.350000381469727,0.0,0,109.1932144165039,100000.0,False
2022-11-25,20.5,0.0,0,107.91049194335938,100000.0,False
2022-11-28,22.209999084472656,0.0,0,105.3645248413086,100000.0,False
2022-11-29,21.88999938964844,0.0,0,105.07677459716795,100000.0,False
2022-11-30,20.579999923706055,0.0,0,111.07097625732422,100000.0,False
2022-12-01,19.84000015258789,0.0,0,110.71493530273438,100000.0,False
2022-12-02,19.059999465942383,0.0,0,109.1932144165039,100000.0,False
2022-12-05,20.75,0.0,0,107.89098358154295,100000.0,False
2022-12-06,22.170000076293945,0.0,0,105.52548217773438,100000.0,False
2022-12-07,22.68000030517578,0.0,0,105.50109100341795,100000.0,False
2022-12-08,22.290000915527344,0.0,0,108.18849182128906,100000.0,False
2022-12-09,22.829999923706055,0.0,0,107.32032012939452,100000.0,False
2022-12-12,25.0,0.0,0,109.23223876953124,100000.0,False
2022-12-13,22.549999237060547,3.0,2701,111.0514678955078,100000.0,True
2022-12-14,21.13999938964844,3.0,2699,109.13957214355467,98200.0,True
2022-12-15,22.829999923706055,3.0,2755,104.98410034179688,96432.4,True
2022-12-16,22.6200008392334,3.0,2755,104.16959381103516,94188.43450775146,True
2022-12-19,22.420000076293945,3.0,2759,102.9368896484375,94696.61679999999,True
2022-12-20,21.479999542236328,3.0,2759,102.43374633789062,93308.44440620116,True
2022-12-21,20.06999969482422,0.0,0,104.7225570678711,99623.27321021727,False
2022-12-22,21.969999313354492,0.0,0,100.38172149658205,99623.27321021727,False
2022-12-23,20.8700008392334,0.0,0,100.3718490600586,99623.27321021727,False
2022-12-27,21.649999618530273,0.0,0,98.57632446289062,99623.27321021727,False
2022-12-28,22.13999938964844,0.0,0,97.32340240478516,99623.27321021727,False
2022-12-29,21.440000534057617,0.0,0,100.50011444091795,99623.27321021727,False
2022-12-30,21.670000076293945,0.0,0,100.1054916381836,99623.27321021727,False
2023-01-03,22.899999618530273,0.0,0,99.33597564697266,99623.27321021727,False
2023-01-04,22.010000228881836,0.0,0,101.8615493774414,99623.27321021727,False
2023-01-05,22.459999084472656,0.0,0,100.03643035888672,99623.27321021727,False
2023-01-06,21.1299991607666,0.0,0,104.41178131103516,99623.27321021727,False
2023-01-09,21.969999313354492,0.0,0,106.685791015625,99623.27321021727,False
2023-01-10,20.579999923706055,0.0,0,108.07189178466795,99623.27321021727,False
2023-01-11,21.09000015258789,0.0,0,109.33961486816406,99623.27321021727,False
2023-01-12,18.829999923706055,0.0,0,110.97728729248048,99623.27321021727,False
2023-01-13,18.350000381469727,3.0,2683,111.37683868408205,99623.27321021727,True
2023-01-17,19.36000061035156,3.0,2683,112.037841796875,101396.74456184077,True
2023-01-18,20.34000015258789,3.0,2683,111.33739471435548,99517.4450394409,True
2023-01-19,20.520000457763672,3.0,2702,108.614501953125,97830.05429243336,True
2023-01-20,19.850000381469727,3.0,2702,112.1463623046875,107373.14096235523,True
2023-01-23,19.809999465942383,3.0,2702,117.4342803955078,121661.09564375167,True
2023-01-24,19.200000762939453,3.0,2702,116.60064697265624,119408.61813520675,True
2023-01-25,19.079999923706055,3.0,2702,116.71902465820312,119728.47464155445,True
2023-01-26,18.729999542236328,3.0,2702,118.81051635742188,125379.68521284351,True
2023-01-27,18.510000228881836,3.0,2702,118.03114318847656,123273.81891035328,True
2023-01-30,19.940000534057617,3.0,2702,115.20467376708984,115636.69853376636,True
2023-01-31,19.399999618530273,3.0,2702,116.95580291748048,120368.24949812188,True
2023-02-01,17.8700008392334,3.0,2702,122.47062683105467,135269.30371259933,True
2023-02-02,18.729999542236328,3.0,2702,125.08992004394533,142346.63397382988,True
2023-02-03,18.329999923706055,3.0,2702,122.79125213623048,136135.63328718438,True
2023-02-06,19.43000030517578,3.0,2702,120.74909210205078,130617.71687483082,True
2023-02-07,18.65999984741211,3.0,2702,124.37467956542967,140414.05420088058,True
2023-02-08,19.6299991607666,3.0,2702,121.93789672851562,133829.86697553884,True
2023-02-09,20.709999084472656,3.0,2702,122.42130279541016,135136.03016828786,True
2023-02-10,20.530000686645508,3.0,2702,120.36433410644533,129578.10077070488,True
2023-02-13,20.34000015258789,3.0,2702,122.1746597290039,134469.60060285818,True
2023-02-14,18.90999984741211,3.0,2702,124.80382537841795,141573.60618757491,True
2023-02-15,18.229999542236328,3.0,2702,124.79889678955078,141560.28914045583,True
2023-02-16,20.170000076293945,3.0,2702,121.41007995605467,132403.70605634933,True
2023-02-17,20.020000457763672,3.0,2702,119.752685546875,127925.42636274586,True
2023-02-21,22.8700008392334,3.0,2702,116.11229705810548,118089.09666609063,True
2023-02-22,22.290000915527344,3.0,2702,115.54503631591795,116556.35814069991,True
2023-02-23,21.13999938964844,3.0,2702,119.63922119140624,127618.84567426925,True
2023-02-24,21.670000076293945,3.0,2702,117.50334930419922,121847.7198350359,True
2023-02-27,20.950000762939453,3.0,2702,118.03114318847656,123273.81891035328,True
2023-02-28,20.700000762939453,3.0,2702,118.09033966064452,123433.76777815109,True
2023-03-01,20.579999923706055,3.0,2702,118.16925811767578,123647.00544904957,True
2023-03-02,19.59000015258789,3.0,2702,119.21499633789062,126472.59012007008,True
2023-03-03,18.489999771118164,3.0,2702,120.83294677734376,130844.29220747246,True
2023-03-06,18.61000061035156,3.0,2702,119.75760650634766,127938.72279524097,True
2023-03-07,19.59000015258789,3.0,2702,118.42082977294922,124326.7520615984,True
2023-03-08,19.11000061035156,3.0,2702,121.51860809326172,132696.94908308279,True
2023-03-09,22.61000061035156,3.0,2702,119.19034576416016,126405.98426985035,True
2023-03-10,24.799999237060547,3.0,2702,117.26162719726562,121194.58670210133,True
2023-03-13,26.520000457763672,3.0,2702,117.18270874023438,120981.34903120289,True
2023-03-14,23.729999542236328,3.0,2702,120.68990325927734,130457.78862165699,True
2023-03-15,26.13999938964844,3.0,2702,119.33338928222656,126792.48785566578,True
2023-03-16,22.989999771118164,3.0,2702,124.10830688476562,139694.31521772634,True
2023-03-17,25.510000228881836,3.0,2702,123.47692108154295,137988.31077741866,True
2023-03-20,24.149999618530273,3.0,2702,124.71996307373048,141347.01024030938,True
2023-03-21,21.3799991607666,3.0,2702,125.11459350585938,142413.30166792165,True
2023-03-22,22.260000228881836,3.0,2702,124.310546875,140240.76767133962,True
2023-03-23,22.61000061035156,3.0,2702,127.6155014038086,149170.75480818044,True
2023-03-24,21.739999771118164,3.0,2702,125.5979995727539,143719.46486067068,True
2023-03-27,20.600000381469727,3.0,2702,124.13296508789062,139760.9416825701,True
2023-03-28,19.969999313354492,3.0,2702,123.26973724365234,137428.50004743825,True
2023-03-29,19.1200008392334,3.0,2702,127.10741424560548,147797.90330671563,True
2023-03-30,19.020000457763672,3.0,2702,128.92759704589844,152716.0372331072,True
2023-03-31,18.700000762939453,3.0,2702,129.82537841796875,155141.84250044118,True
2023-04-03,18.549999237060547,3.0,2702,129.08547973632812,153142.63626264822,True
2023-04-04,19.0,3.0,2702,127.1024932861328,147784.60687422042,True
2023-04-05,19.079999923706055,3.0,2702,124.87782287597656,141773.5474259783,True
2023-04-06,18.399999618530273,3.0,2702,124.50292205810548,140760.56541609063,True
2023-04-10,18.969999313354492,3.0,2702,126.38724517822266,145852.00648664724,True
2023-04-11,19.100000381469727,3.0,2702,125.71639251708984,144039.36259626638,True
2023-04-12,19.09000015258789,3.0,2702,123.48184967041016,138001.62782453786,True
2023-04-13,17.799999237060547,3.0,2702,124.478271484375,140693.95956587087,True
2023-04-14,17.06999969482422,3.0,2702,124.34507751464844,140334.0694596697,True
2023-04-17,16.950000762939453,3.0,2702,124.25628662109376,140094.15646528496,True
2023-04-18,16.829999923706055,3.0,2702,124.81369018554688,141600.26089643728,True
2023-04-19,16.459999084472656,3.0,2702,123.6298370361328,138401.48968672042,True
2023-04-20,17.170000076293945,3.0,2702,123.7679443359375,138774.65561079275,True
2023-04-21,16.770000457763672,3.0,2702,122.5002212524414,135349.2678391863,True
2023-04-24,16.889999389648438,3.0,2702,121.84416961669922,133576.6163194109,True
2023-04-25,18.760000228881836,3.0,2702,117.9818115234375,123140.52475141773,True
2023-04-26,18.84000015258789,3.0,2702,118.80558776855467,125366.36816572433,True
2023-04-27,17.030000686645508,3.0,2702,119.95491790771484,128471.85820173511,True
2023-04-28,15.779999732971191,3.0,2702,121.96255493164062,133896.4934403826,True
2023-05-01,16.079999923706055,3.0,2702,122.89485168457033,136415.55926679863,True
2023-05-02,17.780000686645508,3.0,2702,121.82937622070312,133536.64456342947,True
2023-05-03,18.34000015258789,3.0,2702,120.5715103149414,130137.89088606129,True
2023-05-04,20.09000015258789,3.0,2702,120.16703033447266,129044.98597883472,True
2023-05-05,17.190000534057617,3.0,2702,122.70740509033205,135909.0785691668,True
2023-05-08,16.979999542236328,3.0,2702,123.38812255859376,137748.37716840996,True
2023-05-09,17.709999084472656,3.0,2702,121.48407745361328,132603.6472947527,True
2023-05-10,16.940000534057617,3.0,2702,122.47062683105467,135269.30371259933,True
2023-05-11,16.93000030517578,3.0,2702,121.38542938232422,132337.10020612966,True
2023-05-12,17.030000686645508,3.0,2702,121.247314453125,131963.91366743337,True
2023-05-15,17.1200008392334,3.0,2702,124.42400360107422,140547.32774519216,True
2023-05-16,17.989999771118164,3.0,2702,124.3944091796875,140467.36361860525,True
2023-05-17,16.8700008392334,3.0,2702,127.758544921875,149557.25839399587,True
2023-05-18,16.049999237060547,3.0,2702,132.23748779296875,161659.36203169118,True
2023-05-19,16.809999465942383,3.0,2702,131.50746154785156,159686.83111738454,True
2023-05-22,17.209999084472656,3.0,2702,131.39894104003906,159393.60870527517,True
2023-05-23,18.530000686645508,3.0,2702,129.50474548339844,154275.4923112322,True
2023-05-24,20.030000686645508,3.0,2702,127.6007080078125,149130.783052199,True
2023-05-25,19.13999938964844,3.0,2702,138.5711669921875,178772.96322798025,True
2023-05-26,17.950000762939453,3.0,2702,145.3783721923828,197166.03167890798,True
2023-05-30,17.459999084472656,3.0,2702,146.07884216308594,199058.70153974782,True
2023-05-31,17.940000534057617,3.0,2702,142.3891143798828,189089.05706953298,True
2023-06-01,15.649999618530272,3.0,2702,144.52993774414062,194873.5617997576,True
2023-06-02,14.600000381469728,3.0,2702,144.17478942871094,193913.95105146657,True
2023-06-05,14.729999542236328,3.0,2702,142.369384765625,189035.74765180837,True
2023-06-06,13.960000038146973,3.25,2702,143.3756866455078,191754.77533125173,True
2023-06-07,13.9399995803833,3.25,2702,142.55685424804688,189542.29019331228,True
2023-06-08,13.649999618530272,3.25,2702,144.20437622070312,193993.89456342947,True
2023-06-09,13.829999923706056,3.25,2702,144.86537170410156,195779.90435957204,True
2023-06-12,15.010000228881836,3.0,2702,149.14700317382812,207348.87259077322,True
2023-06-13,14.609999656677246,3.0,2702,151.2089080810547,212920.1396500994,True
2023-06-14,13.880000114440918,3.25,2702,153.50758361816406,219131.16095136892,True
2023-06-15,14.5,3.0,2702,152.4026336669922,216145.5861833025,True
2023-06-16,13.539999961853027,3.25,2702,151.31744384765625,213213.4032914568,True
2023-06-20,13.880000114440918,3.25,2702,150.78468322753906,211773.88409590017,True
2023-06-21,13.199999809265137,3.25,2702,147.33175659179688,202444.07632612478,True
2023-06-22,12.90999984741211,3.5,2702,148.06179809570312,204416.64846967947,True
2023-06-23,13.4399995803833,3.25,2702,145.5460968017578,197619.22357343923,True
2023-06-26,14.25,3.0,2702,144.875244140625,195806.57968305837,True
2023-06-27,13.739999771118164,3.25,2702,149.4725799560547,208228.5810563494,True
2023-06-28,13.43000030517578,3.25,2702,148.12098693847656,204576.5767228533,True
2023-06-29,13.539999961853027,3.25,2702,147.90394592285156,203990.13189863454,True
2023-06-30,13.59000015258789,3.25,2702,150.20262145996094,210201.15319990407,True
2023-07-03,13.56999969482422,3.25,2702,151.5344696044922,213799.8068864275,True
2023-07-05,14.18000030517578,3.0,2702,148.6734619140625,206069.3641068865,True
2023-07-06,15.4399995803833,3.0,2702,146.90753173828125,201297.82077192556,True
2023-07-07,14.829999923706056,3.0,2702,147.04566955566406,201671.06915449392,True
2023-07-10,15.06999969482422,3.0,2702,149.12728881835938,207295.60440229665,True
2023-07-11,14.84000015258789,3.0,2702,149.28512573242188,207722.07974409353,True
2023-07-12,13.539999961853027,3.25,2702,152.42236328125,216198.89560102712,True
2023-07-13,13.609999656677246,3.25,2702,156.08248901367188,226088.55533003103,True
2023-07-14,13.34000015258789,3.25,2702,154.7900848388672,222596.47924970876,True
2023-07-17,13.479999542236328,3.25,2702,157.6708221435547,230380.2314469744,True
2023-07-18,13.300000190734863,3.25,2702,158.10488891601562,231553.07986616384,True
2023-07-19,13.760000228881836,3.25,2702,156.44749450683594,227074.80017256032,True
2023-07-20,13.989999771118164,3.25,2702,150.91293334960938,212120.41592573415,True
2023-07-21,13.600000381469728,3.25,2702,151.72189331054688,214306.22574018728,True
2023-07-24,13.90999984741211,3.25,2702,151.85015869140625,214652.7987992693,True
2023-07-25,13.859999656677246,3.25,2702,154.2869415283203,221236.9860246111,True
2023-07-26,13.1899995803833,3.25,2702,152.5999298095703,216678.6803605486,True
2023-07-27,14.40999984741211,3.0,2702,155.3425750732422,224089.30786299,True
2023-07-28,13.329999923706056,3.25,2702,158.34169006347656,232192.9165666033,True
2023-07-31,13.630000114440918,3.25,2702,158.46006774902344,232512.77307295095,True
2023-08-01,13.93000030517578,3.25,2702,158.37127685546875,232272.86007856618,True
2023-08-02,16.09000015258789,3.0,2702,152.5604705810547,216572.0615250994,True
2023-08-03,15.920000076293944,3.0,2702,152.11654663085938,215372.57901167165,True
2023-08-04,17.100000381469727,3.0,2702,152.1757354736328,215532.50726484548,True
2023-08-07,15.770000457763672,3.0,2702,153.8134002685547,219957.4775407244,True
2023-08-08,15.989999771118164,3.0,2702,151.2779541015625,213106.7019975115,True
2023-08-09,15.960000038146973,3.0,2702,148.2788543701172,205003.13452314626,True
2023-08-10,15.850000381469728,3.0,2702,147.95327758789062,204123.4260575701,True
2023-08-11,14.84000015258789,3.0,2702,144.2438507080078,194100.55462812673,True
2023-08-14,14.81999969482422,3.0,2702,148.6339874267578,205962.70404218923,True
2023-08-15,16.459999084472656,3.0,2702,146.8483428955078,201137.89251875173,True
2023-08-16,16.780000686645508,3.0,2702,144.52993774414062,194873.5617997576,True
2023-08-17,17.889999389648438,3.0,2702,143.55323791503906,192234.51886152517,True
2023-08-18,17.299999237060547,3.0,2702,144.16493225097656,193887.3169572283,True
2023-08-21,17.1299991607666,3.0,2702,149.00889587402344,206975.70666670095,True
2023-08-22,16.969999313354492,3.0,2702,147.51919555664062,202950.5364091326,True
2023-08-23,15.979999542236328,3.0,2702,150.71563720703125,211587.32174848806,True
2023-08-24,17.200000762939453,3.0,2702,146.8187713623047,201057.9902360369,True
2023-08-25,15.68000030517578,3.0,2702,147.08511352539062,201777.6467606951,True
2023-08-28,15.079999923706056,3.0,2702,148.90037536621094,206682.48425459157,True
2023-08-29,14.449999809265137,3.0,2702,152.7183380126953,216998.61932539236,True
2023-08-30,13.880000114440918,3.25,2702,153.49771118164062,219104.4856278826,True
2023-08-31,13.56999969482422,3.25,2702,154.11923217773438,220783.8353593279,True
2023-09-01,13.09000015258789,3.25,2702,154.109375,220757.20126508962,True
2023-09-05,14.010000228881836,3.0,2702,154.47439575195312,221743.48733686697,True
2023-09-06,14.449999809265137,3.0,2702,152.67884826660156,216891.91803144704,True
2023-09-07,14.399999618530272,3.0,2702,149.29498291015625,207748.7138383318,True
2023-09-08,13.84000015258789,3.25,2702,148.35777282714844,205216.3721940447,True
2023-09-11,13.800000190734863,3.25,2702,148.46629333496094,205509.59460615407,True
2023-09-12,14.229999542236328,3.0,2702,147.3514862060547,202497.3857438494,True
2023-09-13,13.479999542236328,3.25,2702,148.54522705078125,205722.87350630056,True
2023-09-14,12.81999969482422,3.5,2702,149.35418701171875,207908.68332075368,True
2023-09-15,13.789999961853027,3.25,2702,144.8357696533203,195699.9196183611,True
2023-09-18,14.0,3.0,2702,145.31919860839844,197006.1446549822,True
2023-09-19,14.109999656677246,3.0,2702,144.06626892089844,193620.7286393572,True
2023-09-20,15.140000343322754,3.0,2702,141.69854736328125,187223.14499067556,True
2023-09-21,17.540000915527344,3.0,2702,138.86712646484375,179572.64572309743,True
2023-09-22,17.200000762939453,3.0,2702,140.05099487304688,182771.45816206228,True
2023-09-25,16.899999618530273,3.0,2702,141.0375518798828,185437.13519453298,True
2023-09-26,18.940000534057617,3.0,2702,138.8079376220703,179412.7174699236,True
2023-09-27,18.219999313354492,3.0,2702,140.08059692382812,182851.44290327322,True
2023-09-28,17.34000015258789,3.0,2702,142.3496551513672,188982.43823408376,True
2023-09-29,17.520000457763672,3.0,2702,143.03038024902344,190821.75744795095,True
2023-10-02,17.610000610351562,3.0,2702,144.26356506347656,194153.8228166033,True
2023-10-03,19.780000686645508,3.0,2702,141.05728149414062,185490.4446122576,True
2023-10-04,18.579999923706055,3.0,2702,143.25729370117188,191434.87759565603,True
2023-10-05,18.489999771118164,3.0,2702,143.25729370117188,191434.87759565603,True
2023-10-06,17.450000762939453,3.0,2702,146.35507202148438,199805.0746171404,True
2023-10-09,17.700000762939453,3.0,2702,145.98016357421875,198792.07199262868,True
2023-10-10,17.030000686645508,3.0,2702,147.7855682373047,203670.2753922869,True
2023-10-11,16.09000015258789,3.0,2702,149.3837890625,207988.66806196462,True
2023-10-12,16.690000534057617,3.0,2702,150.14341735839844,210041.1837174822,True
2023-10-13,19.31999969482422,3.0,2702,146.38467407226562,199885.05935835134,True
2023-10-16,17.209999084472656,3.0,2702,148.0716552734375,204443.28256391775,True
2023-10-17,17.8799991607666,3.0,2702,146.32546997070312,199725.08987592947,True
2023-10-18,19.219999313354492,3.0,2702,143.39541625976562,191808.08474897634,True
2023-10-19,21.399999618530273,3.0,2702,142.41871643066406,189169.04181074392,True
2023-10-20,21.709999084472656,3.0,2702,140.18911743164062,183144.6653153826,True
2023-10-23,20.3700008392334,3.0,2702,140.68238830566406,184477.48321699392,True
2023-10-24,18.969999313354492,3.0,2702,142.32994079589844,188929.1700456072,True
2023-10-25,20.190000534057617,3.0,2702,136.81509399414062,174028.0539872576,True
2023-10-26,20.68000030517578,3.0,2702,135.61151123046875,170775.97335981618,True
2023-10-27,21.270000457763672,3.0,2702,136.4500732421875,173041.76791548025,True
2023-10-30,19.75,3.0,2702,136.10479736328125,172108.83249067556,True
2023-10-31,18.13999938964844,3.0,2702,137.0814666748047,174747.7929704119,True
2023-11-01,16.8700008392334,3.0,2702,140.49496459960938,183971.06436323415,True
2023-11-02,15.65999984741211,3.0,2702,144.13531494140625,193807.2909867693,True
2023-11-03,14.90999984741211,3.0,2702,147.49945068359375,202897.18576215993,True
2023-11-06,14.890000343322754,3.0,2702,147.9335479736328,204070.11663984548,True
2023-11-07,14.8100004196167,3.0,2702,148.86090087890625,206575.8241898943,True
2023-11-08,14.449999809265137,3.0,2702,149.39364624023438,208015.3021562029,True
2023-11-09,15.289999961853027,3.0,2702,149.12728881835938,207295.60440229665,True
2023-11-10,14.170000076293944,3.0,2702,155.16497802734375,223609.44064497243,True
2023-11-13,14.760000228881836,3.0,2702,154.2178955078125,221050.423677199,True
2023-11-14,14.15999984741211,3.0,2702,158.9237518310547,233765.6474625994,True
2023-11-15,14.18000030517578,3.0,2702,159.04214477539062,234085.5451981951,True
2023-11-16,14.31999969482422,3.0,2702,159.63406372070312,235684.91018842947,True
2023-11-17,13.800000190734863,3.25,2702,160.3838348388672,237710.79174970876,True
2023-11-20,13.40999984741211,3.25,2702,162.68251037597656,243921.8130509783,True
2023-11-21,13.350000381469728,3.25,2702,160.28518676757812,237444.24466108572,True
2023-11-22,12.850000381469728,3.5,2702,159.93988037109375,236511.22677778493,True
2023-11-24,12.460000038146973,3.5,2702,159.58473205566406,235551.61602949392,True
2023-11-27,12.6899995803833,3.5,2702,159.48606872558594,235285.02771162282,True
2023-11-28,12.6899995803833,3.5,2702,158.56858825683594,232805.99548506032,True
2023-11-29,12.979999542236328,3.5,2702,160.0286865234375,236751.18100141775,True
2023-11-30,12.920000076293944,3.5,2702,158.32192993164062,232139.5246903826,True
2023-12-01,12.630000114440918,3.5,2702,158.9632110595703,233872.2662980486,True
2023-12-04,13.079999923706056,3.25,2702,156.6448211669922,227607.9768083025,True
2023-12-05,12.850000381469728,3.5,2702,156.6448211669922,227607.9768083025,True
2023-12-06,12.970000267028809,3.5,2702,155.38201904296875,224195.88546919118,True
2023-12-07,13.0600004196167,3.25,2702,158.93362426757812,233792.32278608572,True
2023-12-08,12.350000381469728,3.5,2702,160.2950439453125,237470.878755324,True
2023-12-11,12.630000114440918,3.5,2702,164.1426239013672,247867.03979658376,True
2023-12-12,12.06999969482422,3.5,2702,165.87893676757812,252558.55716108572,True
2023-12-13,12.1899995803833,3.5,2702,167.83230590820312,257836.56057905447,True
2023-12-14,12.479999542236328,3.5,2702,170.93008422851562,266206.75760053884,True
2023-12-15,12.279999732971191,3.5,2702,171.7390594482422,268392.60864424,True
2023-12-18,12.5600004196167,3.5,2702,172.039794921875,269205.1958939959,True
2023-12-19,12.529999732971191,3.5,2702,172.61544799804688,270760.6105058123,True
2023-12-20,13.670000076293944,3.25,2702,167.81175231933594,257781.02478193532,True
2023-12-21,13.649999618530272,3.25,2702,171.96038818359375,268990.63888715993,True
2023-12-22,13.029999732971191,3.25,2702,171.98023986816406,269044.2781388689,True
2023-12-26,12.989999771118164,3.5,2702,174.35231018066406,275453.6121232439,True
2023-12-27,12.43000030517578,3.5,2702,174.5408935546875,275963.16439985525,True
2023-12-28,12.470000267028809,3.5,2702,174.50120544433594,275855.9271256853,True
2023-12-29,12.449999809265137,3.5,2702,173.55831909179688,273308.2482011248,True
2024-01-02,13.199999809265137,3.25,2702,167.70257568359375,257486.02951215993,True
2024-01-03,14.039999961853027,3.0,2702,164.72506713867188,249440.80142378103,True
2024-01-04,14.130000114440918,3.0,2702,163.75242614746094,246812.72546552907,True
2024-01-05,13.350000381469728,3.25,2702,164.83425903320312,249735.83792280447,True
2024-01-08,13.079999923706056,3.25,2702,170.67015075683594,265504.4173600603,True
2024-01-09,12.760000228881836,3.5,2702,171.12669372558594,266737.9964616228,True
2024-01-10,12.6899995803833,3.5,2702,171.28549194335938,267167.06924604665,True
2024-01-11,12.4399995803833,3.5,2702,172.2581329345703,269795.1452042986,True
2024-01-12,12.699999809265137,3.5,2702,171.6527099609375,268159.29232954275,True
2024-01-16,13.84000015258789,3.25,2702,174.382080078125,275534.0503861834,True
2024-01-17,14.789999961853027,3.0,2702,173.33004760742188,272691.4586503435,True
2024-01-18,14.130000114440918,3.0,2702,178.95750427246094,287896.8465592791,True
2024-01-19,13.300000190734863,3.25,2702,185.7759704589844,306320.34219526546,True
2024-01-22,13.1899995803833,3.25,2702,186.6394500732422,308653.46411299,True
2024-01-23,12.550000190734863,3.5,2702,187.5922393798828,311227.900819533,True
2024-01-24,13.140000343322754,3.25,2702,190.9270477294922,320238.5529801775,True
2024-01-25,13.449999809265137,3.25,2702,190.9270477294922,320238.5529801775,True
2024-01-26,13.260000228881836,3.25,2702,186.8578186035156,309243.4958817887,True
2024-01-29,13.600000381469728,3.25,2702,189.0512237548828,315170.076600783,True
2024-01-30,13.3100004196167,3.25,2702,187.17539978027344,310101.60022138845,True
2024-01-31,14.350000381469728,3.0,2702,184.47579956054688,302807.2804276873,True
2024-02-01,13.880000114440918,3.25,2702,186.16305541992188,307366.2457597185,True
2024-02-02,13.850000381469728,3.25,2702,189.78567504882812,317154.5639970232,True
2024-02-05,13.670000076293944,3.25,2702,193.4877014160156,327157.4392411637,True
2024-02-06,13.0600004196167,3.25,2702,191.29428100585935,321230.81729292154,True
2024-02-07,12.829999923706056,3.5,2702,195.15509033203125,331662.72409223806,True
2024-02-08,12.789999961853027,3.5,2702,197.93408203125,339171.5596635271,True
2024-02-09,12.93000030517578,3.5,2702,202.32095336914065,351024.88601850765,True
2024-02-12,13.93000030517578,3.25,2702,201.536865234375,348906.2798783709,True
2024-02-13,15.850000381469728,3.0,2702,197.80506896972656,338822.9663712908,True
2024-02-14,14.380000114440918,3.0,2702,201.7750701904297,349549.90966963064,True
2024-02-15,14.010000228881836,3.0,2702,201.1001739501953,347726.34002851736,True
2024-02-16,14.239999771118164,3.0,2702,200.23667907714844,345393.1768815447,True
2024-02-20,15.420000076293944,3.0,2702,196.2964630126953,334746.71307539236,True
2024-02-21,15.34000015258789,3.0,2702,195.03599548339844,331340.9298112322,True
2024-02-22,14.539999961853027,3.0,2702,208.35533142089844,367329.7755143572,True
2024-02-23,13.75,3.25,2702,207.05516052246097,363816.71374677913,True
2024-02-26,13.739999771118164,3.25,2702,208.77218627929688,368456.1173417498,True
2024-02-27,13.43000030517578,3.25,2702,208.1667633056641,366820.264466994,True
2024-02-28,13.84000015258789,3.25,2702,205.854248046875,360571.8482377459,True
2024-02-29,13.399999618530272,3.25,2702,210.3601837158203,372746.8864152361,True
2024-03-01,13.109999656677246,3.25,2702,218.8857421875,395782.9454057146,True
2024-03-04,13.489999771118164,3.25,2702,222.40911865234375,405303.10861372243,True
2024-03-05,14.460000038146973,3.0,2702,219.00485229492188,396104.7809159685,True
2024-03-06,14.5,3.0,2702,224.6521759033203,411363.8493058611,True
2024-03-07,14.4399995803833,3.0,2702,232.41351318359375,432334.98263715993,True
2024-03-08,14.739999771118164,3.0,2702,223.30238342285156,407716.71002363454,True
2024-03-11,15.220000267028809,3.0,2702,219.32244873046875,396962.9264848162,True
2024-03-12,13.84000015258789,3.25,2702,226.260009765625,415708.2164018084,True
2024-03-13,13.75,3.25,2702,221.7838592529297,403613.65771650564,True
2024-03-14,14.399999618530272,3.0,2702,217.81385803222656,392886.7144181658,True
2024-03-15,14.40999984741211,3.0,2702,216.2060089111328,388542.3060929705,True
2024-03-18,14.329999923706056,3.0,2702,216.6427001953125,389722.245942824,True
2024-03-19,13.81999969482422,3.25,2702,216.1663055419922,388435.0275895525,True
2024-03-20,13.039999961853027,3.25,2702,219.6301116943359,397794.23181318527,True
2024-03-21,12.920000076293944,3.5,2702,224.6124725341797,411256.57080244314,True
2024-03-22,13.0600004196167,3.25,2702,225.9324951171875,414823.27182173025,True
2024-03-25,13.1899995803833,3.25,2702,225.3766937255859,413321.49646162277,True
2024-03-26,13.239999771118164,3.25,2702,223.2825164794922,407663.0295426775,True
2024-03-27,12.779999732971191,3.5,2702,223.20310974121097,407448.47253584163,True
2024-03-28,13.010000228881836,3.25,2702,223.30238342285156,407716.71002363454,True
2024-04-01,13.649999618530272,3.25,2702,226.2302398681641,415627.778138869,True
2024-04-02,14.609999656677246,3.0,2702,223.3222198486328,407770.3080460955,True
2024-04-03,14.329999923706056,3.0,2702,224.21546936035156,410183.86822675954,True
2024-04-04,16.350000381469727,3.0,2702,218.2406311035156,394039.8552567888,True
2024-04-05,16.030000686645508,3.0,2702,220.97000122070312,401414.61331342947,True
2024-04-08,15.1899995803833,3.0,2702,221.3868408203125,402540.913911574,True
2024-04-09,14.979999542236328,3.0,2702,222.41905212402344,405329.94885420095,True
2024-04-10,15.800000190734863,3.0,2702,220.4836578369141,400100.5134904315,True
2024-04-11,14.90999984741211,3.0,2702,225.60496520996097,413938.28601240413,True
2024-04-12,17.309999465942383,3.0,2702,219.02468872070312,396158.37893842947,True
2024-04-15,19.229999542236328,3.0,2702,215.72959899902344,387255.04651045095,True
2024-04-16,18.399999618530273,3.0,2702,217.51609802246097,392082.16687177913,True
2024-04-17,18.209999084472656,3.0,2702,210.80679321289065,373953.62527632015,True
2024-04-18,18.0,3.0,2702,207.06509399414065,363843.55398725765,True
2024-04-19,18.709999084472656,3.0,2702,197.71575927734375,338581.65158247243,True
2024-04-22,16.940000534057617,3.0,2702,201.4971618652344,348799.00137495296,True
2024-04-23,15.6899995803833,3.0,2702,206.24131774902344,361617.71057295095,True
2024-04-24,15.970000267028809,3.0,2702,206.47950744628903,362261.2991349626,True
2024-04-25,15.369999885559082,3.0,2702,210.6083068847656,373417.3152177263,True
2024-04-26,15.029999732971191,3.0,2702,216.0074920654297,388005.91357588064,True
2024-04-29,14.670000076293944,3.0,2702,216.7419586181641,389990.442201369,True
2024-04-30,15.649999618530272,3.0,2702,212.484130859375,378485.7915971209,True
2024-05-01,15.390000343322754,3.0,2702,206.2909393310547,361751.7880875994,True
2024-05-02,14.68000030517578,3.0,2702,210.43959045410156,372961.44342207204,True
2024-05-03,13.489999771118164,3.25,2702,216.09683227539065,388247.31082319515,True
2024-05-06,13.489999771118164,3.25,2702,220.9997711181641,401495.051576369,True
2024-05-07,13.229999542236328,3.25,2702,219.07432556152344,396292.49768232595,True
2024-05-08,13.0,3.25,2702,219.73928833007812,398089.2270829607,True
2024-05-09,12.6899995803833,3.5,2702,218.32994079589844,394281.1700456072,True
2024-05-10,12.550000190734863,3.5,2702,221.62506103515625,403184.5849320818,True
2024-05-13,13.600000381469728,3.25,2702,221.58534240722656,403077.2651994158,True
2024-05-14,13.420000076293944,3.25,2702,225.3766937255859,413321.49646162277,True
2024-05-15,12.449999809265137,3.5,2702,232.14553833007812,431610.9145829607,True
2024-05-16,12.420000076293944,3.5,2702,230.45828247070312,427051.94925092947,True
2024-05-17,11.989999771118164,3.75,2702,228.52291870117188,421822.596345656,True
2024-05-20,12.149999618530272,3.5,2702,233.23728942871097,434560.82605146663,True
2024-05-21,11.859999656677246,3.75,2702,232.9097595214844,433675.84024214046,True
2024-05-22,12.289999961853027,3.5,2702,234.8153533935547,438824.7548844744,True
2024-05-23,12.770000457763672,3.5,2702,238.02113342285156,447486.77252363454,True
2024-05-24,11.93000030517578,3.75,2702,242.4278259277344,459393.65567182796,True
2024-05-28,12.920000076293944,3.5,2702,247.95603942871097,474330.88855146663,True
2024-05-29,14.279999732971191,3.0,2702,243.8073883056641,463121.233216994,True
2024-05-30,14.470000267028809,3.0,2702,240.4527587890625,454057.0242631365,True
2024-05-31,12.920000076293944,3.5,2702,238.6761779785156,449256.7029130388,True
2024-06-03,13.109999656677246,3.25,2702,241.65367126464844,457301.8897721697,True
2024-06-04,13.15999984741211,3.25,2702,240.78028869628903,454942.0100724626,True
2024-06-05,12.630000114440918,3.5,2702,252.5016937255859,486613.24646162277,True
2024-06-06,12.579999923706056,3.5,2702,250.51670837402344,481249.81604170095,True
2024-06-07,12.220000267028809,3.5,2702,250.3181915283203,480713.4235246111,True
2024-06-10,12.739999771118164,3.5,2702,253.94081115722656,490501.7417619158,True
2024-06-11,12.850000381469728,3.5,2702,253.5636749267578,489482.71966718923,True
2024-06-12,12.039999961853027,3.5,2702,261.1165771484375,509890.66147016775,True
2024-06-13,11.9399995803833,3.75,2702,265.2056884765625,520939.4402787615,True
2024-06-14,12.65999984741211,3.5,2702,265.8805847167969,522763.0099198748,True
2024-06-17,12.75,3.5,2702,270.4361572265625,535072.1668412614,True
2024-06-18,12.300000190734863,3.5,2702,274.6840515136719,546549.977205031,True
2024-06-20,13.279999732971191,3.25,2702,266.9028625488281,525525.2046220232,True
2024-06-21,13.199999809265137,3.25,2702,262.903076171875,514717.7818314959,True
2024-06-24,13.329999923706056,3.25,2702,253.8614196777344,490287.22598432796,True
2024-06-25,12.84000015258789,3.5,2702,259.8064880371094,506350.80069135915,True
2024-06-26,12.550000190734863,3.5,2702,258.95294189453125,504044.51901411306,True
2024-06-27,12.239999771118164,3.5,2702,256.9183044433594,498546.92862104665,True
2024-06-28,12.4399995803833,3.5,2702,258.7445068359375,503481.32748579275,True
2024-07-01,12.220000267028809,3.5,2702,259.0522155761719,504312.756501906,True
2024-07-02,12.029999732971191,3.5,2702,261.65252685546875,511338.7975785662,True
2024-07-03,12.09000015258789,3.5,2702,267.5976257324219,527402.4547440935,True
2024-07-05,12.479999542236328,3.5,2702,267.69683837890625,527670.5273148943,True
2024-07-08,12.369999885559082,3.5,2702,272.1531677246094,539711.5292069841,True
2024-07-09,12.510000228881836,3.5,2702,272.7486572265625,541320.5418412614,True
2024-07-10,12.850000381469728,3.5,2702,279.1601867675781,558644.4946610857,True
2024-07-11,12.920000076293944,3.5,2702,268.9870910644531,531156.7900712419,True
2024-07-12,12.460000038146973,3.5,2702,272.3913879394531,540355.2002274919,True
2024-07-15,13.119999885559082,3.25,2702,271.7760314941406,538692.5071122575,True
2024-07-16,13.1899995803833,3.25,2702,271.65692138671875,538370.6716020036,True
2024-07-17,14.479999542236328,3.0,2702,252.31312561035156,486103.73541425954,True
2024-07-18,15.93000030517578,3.0,2702,253.6232147216797,489643.59619306814,True
2024-07-19,16.520000457763672,3.0,2702,246.2787322998047,469798.8046891619,True
2024-07-22,14.90999984741211,3.0,2702,255.786865234375,495489.7798783709,True
2024-07-23,14.720000267028809,3.0,2702,252.9483184814453,487820.02655195486,True
2024-07-24,18.040000915527344,3.0,2702,239.17242431640625,450597.5605180193,True
2024-07-25,18.459999084472656,3.0,2702,234.78558349609375,438744.31662153493,True
2024-07-26,16.389999389648438,3.0,2702,238.50746154785156,448800.83111738454,True
2024-07-29,16.600000381469727,3.0,2702,236.8102874755859,444215.06677412277,True
2024-07-30,17.690000534057617,3.0,2702,227.7487640380859,419730.83044599777,True
2024-07-31,16.360000610351562,3.0,2702,245.13735961914065,466714.81570600765,True
2024-08-01,18.59000015258789,3.0,2702,229.27720642089844,423860.6817643572,True
2024-08-02,23.38999938964844,3.0,2702,216.7915802001953,390124.51971601736,True
2024-08-05,38.56999969482422,3.0,2702,211.70997619628903,376394.0256974626,True
2024-08-06,27.709999084472656,3.0,2702,215.828857421875,387523.2427689959,True
2024-08-07,27.850000381469727,3.0,2702,209.88377380371097,371459.62683271663,True
2024-08-08,23.790000915527344,3.0,2702,223.2229766845703,407502.1530167986,True
2024-08-09,20.3700008392334,3.0,2702,223.16342163085935,407341.2352616716,True
2024-08-12,20.709999084472656,3.0,2702,225.2576141357422,412999.743409865,True
2024-08-13,18.1200008392334,3.0,2702,234.4183654785156,437752.0935380388,True
2024-08-14,16.190000534057617,3.0,2702,234.61685180664065,438288.40359663265,True
2024-08-15,15.229999542236328,3.0,2702,244.52200317382812,465052.1225907732,True
2024-08-16,14.800000190734863,3.0,2702,244.8594665527344,465963.94864057796,True
2024-08-19,14.649999618530272,3.0,2702,249.4547119140625,478380.3016068865,True
2024-08-20,15.880000114440918,3.0,2702,246.19932556152344,469584.24768232595,True
2024-08-21,16.270000457763672,3.0,2702,248.75006103515625,476476.3349320818,True
2024-08-22,17.549999237060547,3.0,2702,240.6016387939453,454459.29803632986,True
2024-08-23,15.859999656677246,3.0,2702,246.52685546875,470469.2334916521,True
2024-08-26,16.149999618530273,3.0,2702,240.75050354003903,454861.5305802751,True
2024-08-27,15.43000030517578,3.0,2702,243.1721954345703,461404.9420792986,True
2024-08-28,17.110000610351562,3.0,2702,239.08311462402344,450356.24572920095,True
2024-08-29,15.649999618530272,3.0,2702,236.12545776367188,442364.656892531,True
2024-08-30,15.0,3.0,2702,241.6338348388672,457248.29174970876,True
2024-09-03,20.719999313354492,3.0,2702,223.50086975097656,408253.0200822283,True
2024-09-04,21.31999969482422,3.0,2702,222.9649200439453,406804.88397382986,True
2024-09-05,19.899999618530273,3.0,2702,222.5778350830078,405758.98040937673,True
2024-09-06,22.3799991607666,3.0,2702,213.38731384277344,380926.19201826345,True
2024-09-09,19.450000762939453,3.0,2702,218.2108459472656,393959.3757646013,True
2024-09-10,19.079999923706055,3.0,2702,220.27525329589844,399537.4044206072,True
2024-09-11,17.690000534057617,3.0,2702,231.64927673339844,430270.0157487322,True
2024-09-12,17.06999969482422,3.0,2702,232.14553833007812,431610.9145829607,True
2024-09-13,16.559999465942383,3.0,2702,235.13296508789065,439682.94168257015,True
2024-09-16,17.139999389648438,3.0,2702,232.0462951660156,431342.7595536638,True
2024-09-17,17.610000610351562,3.0,2702,231.9668884277344,431128.20254682796,True
2024-09-18,18.229999542236328,3.0,2702,229.32684326171875,423994.8005082537,True
2024-09-19,16.329999923706055,3.0,2702,239.28160095214844,450892.5557877947,True
2024-09-20,16.149999618530273,3.0,2702,236.11553955078125,442337.85788130056,True
2024-09-23,15.890000343322754,3.0,2702,237.15765380859375,445153.65060590993,True
2024-09-24,15.390000343322754,3.0,2702,241.5742645263672,457087.33276533376,True
2024-09-25,15.40999984741211,3.0,2702,243.69821166992188,462826.2379472185,True
2024-09-26,15.369999885559082,3.0,2702,250.72511291503903,481812.9251115251,True
2024-09-27,16.959999084472656,3.0,2702,245.88172912597656,468726.1021134783,True
2024-09-30,16.729999542236328,3.0,2702,243.60890197753903,462584.9231584001,True
2024-10-01,19.260000228881836,3.0,2702,237.0881805419922,444965.9338395525,True
2024-10-02,18.899999618530273,3.0,2702,240.50238037109375,454191.10177778493,True
2024-10-03,20.489999771118164,3.0,2702,242.71566772460935,460171.4042069841,True
2024-10-04,19.209999084472656,3.0,2702,245.9611358642578,468940.65912031423,True
2024-10-07,22.63999938964844,3.0,2702,246.3581390380859,470013.36169599777,True
2024-10-08,21.420000076293945,3.0,2702,250.62586975097656,481544.7700822283,True
2024-10-09,20.86000061035156,3.0,2702,253.23614501953125,488597.73385786306,True
2024-10-10,20.93000030517578,3.0,2702,252.73988342285156,487256.83502363454,True
2024-10-11,20.459999084472656,3.0,2702,254.7646026611328,492727.6264054705,True
2024-10-14,19.700000762939453,3.0,2702,259.3201599121094,505036.74209760915,True
2024-10-15,20.63999938964844,3.0,2702,245.3060760498047,467170.6875016619,True
2024-10-16,19.579999923706055,3.0,2702,245.4648895263672,467599.80151533376,True
2024-10-17,19.11000061035156,3.0,2702,249.69293212890625,479023.9726273943,True
2024-10-18,18.030000686645508,3.0,2702,249.6234436035156,478836.2146317888,True
2024-10-21,18.3700008392334,3.0,2702,250.94346618652344,482402.91565107595,True
2024-10-22,18.200000762939453,3.0,2702,249.80209350585935,479318.9266679216,True
2024-10-23,19.239999771118164,3.0,2702,247.14219665527344,472131.88537763845,True
2024-10-24,19.079999923706055,3.0,2702,248.184326171875,474947.7193314959,True
2024-10-25,20.329999923706055,3.0,2702,251.0625762939453,482724.75116132986,True
2024-10-28,19.799999237060547,3.0,2702,249.32571411132812,478031.7495438982,True
2024-10-29,19.34000015258789,3.0,2702,254.99285888671875,493344.3747270037,True
2024-10-30,20.350000381469727,3.0,2702,248.79965209960935,476610.3299882341,True
2024-10-31,23.15999984741211,3.0,2702,239.86717224121097,452474.76941084163,True
2024-11-01,21.8799991607666,3.0,2702,242.9141540527344,460707.71426557796,True
2024-11-04,21.979999542236328,3.0,2702,242.4377593994141,459420.4959123065,True
2024-11-05,20.489999771118164,3.0,2702,246.44744873046875,470254.6764848162,True
2024-11-06,16.270000457763672,3.0,2702,252.8986968994141,487685.9490373065,True
2024-11-07,15.199999809265137,3.0,2702,259.0621032714844,504339.4730546404,True
2024-11-08,14.9399995803833,3.0,2702,257.39471435546875,499834.1882035662,True
2024-11-11,14.970000267028809,3.0,2702,251.6282958984375,484253.32553266775,True
2024-11-12,14.710000038146973,3.0,2702,249.9708251953125,479774.839692824,True
2024-11-13,14.020000457763672,3.0,2702,245.77256774902344,468431.14807295095,True
2024-11-14,14.3100004196167,3.0,2702,246.31842041015625,469906.0419633318,True
2024-11-15,16.139999389648438,3.0,2702,238.1501617431641,447835.407045119,True
2024-11-18,15.579999923706056,3.0,2702,239.7282257080078,452099.33587812673,True
2024-11-19,16.350000381469727,3.0,2702,242.34841918945312,459179.09866499197,True
2024-11-20,17.15999984741211,3.0,2702,240.72071838378903,454781.0510880876,True
2024-11-21,16.8700008392334,3.0,2702,244.25404357910156,464328.09576582204,True
2024-11-22,15.239999771118164,3.0,2702,242.7851104736328,460359.0385148455,True
2024-11-25,14.600000381469728,3.0,2702,241.83233642578125,457784.64303755056,True
2024-11-26,14.100000381469728,3.0,2702,239.609130859375,451777.5415971209,True
2024-11-27,14.100000381469728,3.0,2702,236.46290588378903,443276.4417130876,True
2024-11-29,13.510000228881836,3.25,2702,240.31381225585935,453681.5907304216,True
2024-12-02,13.34000015258789,3.25,2702,246.0107421875,469074.6954057146,True
2024-12-03,13.300000190734863,3.25,2702,246.55662536621097,470549.67175459163,True
2024-12-04,13.449999809265137,3.25,2702,250.73504638671875,481839.7653520037,True
2024-12-05,13.539999961853027,3.25,2702,246.43751525878903,470227.8362443376,True
2024-12-06,12.770000457763672,3.5,2702,246.7451934814453,471059.18280195486,True
2024-12-09,14.1899995803833,3.0,2702,244.22425842285156,464247.61627363454,True
2024-12-10,14.18000030517578,3.0,2702,238.0806884765625,447647.6902787615,True
2024-12-11,13.579999923706056,3.25,2702,243.9066619873047,463389.4707047869,True
2024-12-12,13.920000076293944,3.25,2702,241.5445098876953,457006.93573164236,True
2024-12-13,13.8100004196167,3.25,2702,247.61859130859375,473419.10373090993,True
2024-12-16,14.6899995803833,3.0,2702,251.3503875732422,483502.41723799,True
2024-12-17,15.869999885559082,3.0,2702,248.0850830078125,474679.564302199,True
2024-12-18,27.6200008392334,3.0,2702,240.17486572265625,453306.1571977068,True
2024-12-19,24.09000015258789,3.0,2702,237.0782470703125,444939.093599074,True
2024-12-20,18.36000061035156,3.0,2702,240.88946533203125,455237.00534223806,True
2024-12-23,16.780000686645508,3.0,2702,248.44692993164065,475657.27469038265,True
2024-12-24,14.270000457763672,3.0,2702,250.5902557373047,481448.5410172869,True
2024-12-26,14.729999542236328,3.0,2702,250.1516265869141,480263.3650529315,True
2024-12-27,15.949999809265137,3.0,2702,247.6294708251953,473448.50018476736,True
2024-12-30,17.399999618530273,3.0,2702,243.9010772705078,463374.38080000173,True
2024-12-31,17.350000381469727,3.0,2702,241.41879272460935,456667.2479569841,True
2025-01-02,17.93000030517578,3.0,2702,244.0306701660156,463724.5408036638,True
2025-01-03,16.1299991607666,3.0,2702,251.09869384765625,482822.3407914568,True
2025-01-06,16.040000915527344,3.0,2702,259.42279052734375,505314.05001997243,True
2025-01-07,17.81999969482422,3.0,2702,253.25196838378903,488640.4885880876,True
2025-01-08,17.700000762939453,3.0,2702,251.4475860595703,483765.0475480486,True
2025-01-10,19.540000915527344,3.0,2702,246.4132537841797,470162.28173994314,True
2025-01-13,19.190000534057617,3.0,2702,243.88113403320312,463320.49417280447,True
2025-01-14,18.709999084472656,3.0,2702,244.6786651611328,465475.4232804705,True
2025-01-15,16.1200008392334,3.0,2702,250.43077087402344,481017.61291670095,True
2025-01-16,16.600000381469727,3.0,2702,251.5074005126953,483926.66620039236,True
2025-01-17,15.970000267028809,3.0,2702,257.44891357421875,499980.6344926287,True
2025-01-21,15.0600004196167,3.0,2702,261.5760803222656,511132.23904585134,True
2025-01-22,15.100000381469728,3.0,2702,266.3412780761719,524007.803376906,True
2025-01-23,15.020000457763672,3.0,2702,266.0222473144531,523145.78225874197,True
2025-01-24,14.850000381469728,3.0,2702,260.71875,508815.7325150896,True
2025-01-27,17.899999618530273,3.0,2702,235.0785217285156,439535.8357255388,True
2025-01-28,16.40999984741211,3.0,2702,239.70413208007812,452034.2348954607,True
2025-01-29,16.559999465942383,3.0,2702,238.7869873046875,449556.10971235525,True
2025-01-30,15.84000015258789,3.0,2702,244.4095001220703,464748.1393449236,True
2025-01-31,16.43000030517578,3.0,2702,242.8643035888672,460573.01831220876,True
2025-02-03,18.6200008392334,3.0,2702,238.0393218994141,447535.9177873065,True
2025-02-04,17.209999084472656,3.0,2702,240.72097778320312,454781.75198530447,True
2025-02-05,15.770000457763672,3.0,2702,246.37338256835935,470054.5497147966,True
2025-02-06,15.5,3.0,2702,247.5796356201172,473313.84546064626,True
2025-02-07,16.540000915527344,3.0,2702,244.24002075195312,464290.20608686697,True
2025-02-10,15.8100004196167,3.0,2702,248.84568786621097,476734.71862959163,True
2025-02-11,16.020000457763672,3.0,2702,249.09490966796875,477408.1159379412,True
2025-02-12,15.890000343322754,3.0,2702,247.7391357421875,473744.81479048025,True
2025-02-13,15.100000381469728,3.0,2702,251.1385498046875,482930.03158735525,True
2025-02-14,14.770000457763672,3.0,2702,251.7965087890625,484707.8367631365,True
2025-02-18,15.350000381469728,3.0,2702,255.4252166748047,494512.6054704119,True
2025-02-19,15.270000457763672,3.0,2702,256.541748046875,497529.4732377459,True
2025-02-20,15.65999984741211,3.0,2702,257.00030517578125,498768.49460005056,True
2025-02-21,18.209999084472656,3.0,2702,249.2145538330078,477731.39447187673,True
2025-02-24,18.979999542236328,3.0,2702,242.6649169921875,460034.27572798025,True
2025-02-25,19.43000030517578,3.0,2702,237.51095581054688,446108.2726151873,True
2025-02-26,19.100000381469727,3.0,2702,243.06369018554688,461111.7608964373,True
2025-02-27,21.1299991607666,3.0,2702,228.08029174804688,420626.6183183123,True
2025-02-28,19.6299991607666,3.0,2702,232.04795837402344,431347.25354170095,True
2025-03-03,22.780000686645508,0.0,0,222.3182373046875,405057.54721235525,False
2025-03-04,23.510000228881836,0.0,0,224.5313415527344,405057.54721235525,False
2025-03-05,21.93000030517578,0.0,0,228.6884002685547,405057.54721235525,False
2025-03-06,24.8700008392334,0.0,0,219.09825134277344,405057.54721235525,False
2025-03-07,23.3700008392334,0.0,0,224.39178466796875,405057.54721235525,False
2025-03-10,27.86000061035156,0.0,0,213.86453247070312,405057.54721235525,False
2025-03-11,26.920000076293945,0.0,0,213.5554962158203,405057.54721235525,False
2025-03-12,24.229999542236328,0.0,0,219.83596801757812,405057.54721235525,False
2025-03-13,24.65999984741211,0.0,0,218.8689727783203,405057.54721235525,False
2025-03-14,21.770000457763672,0.0,0,225.86720275878903,405057.54721235525,False
2025-03-17,20.510000228881836,0.0,0,228.24978637695312,405057.54721235525,False
2025-03-18,21.700000762939453,0.0,0,224.72076416015625,405057.54721235525,False
2025-03-19,19.899999618530273,0.0,0,226.70458984375,405057.54721235525,False
2025-03-20,19.799999237060547,0.0,0,226.345703125,405057.54721235525,False
2025-03-21,19.280000686645508,0.0,0,224.07278442382812,405057.54721235525,False
2025-03-24,17.479999542236328,0.0,0,229.9145965576172,405057.54721235525,False
2025-03-25,17.149999618530273,0.0,0,228.93763732910156,405057.54721235525,False
2025-03-26,18.329999923706055,0.0,0,221.3213348388672,405057.54721235525,False
2025-03-27,18.690000534057617,0.0,0,217.07455444335935,405057.54721235525,False
2025-03-28,21.649999618530273,0.0,0,211.51185607910156,405057.54721235525,False
2025-03-31,22.280000686645508,0.0,0,210.81402587890625,405057.54721235525,False
2025-04-01,21.770000457763672,0.0,0,211.83087158203125,405057.54721235525,False
2025-04-02,21.510000228881836,0.0,0,213.4259033203125,405057.54721235525,False
2025-04-03,30.020000457763672,0.0,0,194.96336364746097,405057.54721235525,False
2025-04-04,45.310001373291016,0.0,0,180.2391662597656,405057.54721235525,False
2025-04-07,46.97999954223633,0.0,0,184.32644653320312,405057.54721235525,False
2025-04-08,52.33000183105469,0.0,0,179.3917999267578,405057.54721235525,False
2025-04-09,33.619998931884766,0.0,0,210.176025390625,405057.54721235525,False
2025-04-10,40.720001220703125,0.0,0,195.60137939453125,405057.54721235525,False
2025-04-11,37.560001373291016,0.0,0,200.685546875,405057.54721235525,False
2025-04-14,30.88999938964844,0.0,0,200.984619140625,405057.54721235525,False
2025-04-15,30.1200008392334,0.0,0,202.29055786132812,405057.54721235525,False
2025-04-16,32.63999938964844,0.0,0,193.7471466064453,405057.54721235525,False
2025-04-17,29.649999618530273,0.0,0,191.9327850341797,405057.54721235525,False
2025-04-21,33.81999969482422,0.0,0,187.2473602294922,405057.54721235525,False
2025-04-22,30.56999969482422,0.0,0,191.3047332763672,405057.54721235525,False
2025-04-23,28.450000762939453,0.0,0,198.29299926757812,405057.54721235525,False
2025-04-24,26.469999313354492,0.0,0,208.32179260253903,405057.54721235525,False
2025-04-25,24.84000015258789,0.0,0,211.31248474121097,405057.54721235525,False
2025-04-28,25.149999618530273,0.0,0,209.99656677246097,405057.54721235525,False
2025-04-29,24.170000076293945,0.0,0,209.63768005371097,405057.54721235525,False
2025-04-30,24.700000762939453,0.0,0,210.62461853027344,405057.54721235525,False
2025-05-01,24.600000381469727,0.0,0,211.64146423339844,405057.54721235525,False
2025-05-02,22.68000030517578,0.0,0,218.3505859375,405057.54721235525,False
2025-05-05,23.63999938964844,0.0,0,216.9349822998047,405057.54721235525,False
2025-05-06,24.760000228881836,0.0,0,214.92124938964844,405057.54721235525,False
2025-05-07,23.549999237060547,0.0,0,219.33750915527344,405057.54721235525,False
2025-05-08,22.479999542236328,0.0,0,221.2615203857422,405057.54721235525,False
2025-05-09,21.899999618530273,0.0,0,222.70701599121097,405057.54721235525,False
2025-05-12,18.38999938964844,0.0,0,236.6735687255859,405057.54721235525,False
2025-05-13,18.219999313354492,0.0,0,244.79827880859375,405057.54721235525,False
2025-05-14,18.6200008392334,0.0,0,247.2207489013672,405057.54721235525,False
2025-05-15,17.829999923706055,0.0,0,246.36341857910156,405057.54721235525,False
2025-05-16,17.239999771118164,0.0,0,245.65562438964844,405057.54721235525,False
2025-05-19,18.13999938964844,0.0,0,245.24688720703125,405057.54721235525,False
2025-05-20,18.09000015258789,0.0,0,244.77833557128903,405057.54721235525,False
2025-05-21,20.8700008392334,0.0,0,240.72097778320312,405057.54721235525,False
2025-05-22,20.280000686645508,0.0,0,240.06301879882812,405057.54721235525,False
2025-05-23,22.290000915527344,3.0,5133,236.70347595214844,405057.54721235525,True
2025-05-27,18.959999084472656,3.0,5133,244.21011352539065,443589.11787580757,True
2025-05-28,19.309999465942383,3.0,5133,241.60821533203125,430233.5744492937,True
2025-05-29,19.18000030517578,3.0,5133,243.3228759765625,439034.92753767263,True
2025-05-30,18.56999969482422,3.0,5133,239.0063018798828,416877.9526994158,True
2025-06-02,18.36000061035156,3.0,5133,242.54530334472656,435043.64721845876,True
2025-06-03,17.690000534057617,3.0,5133,248.0182647705078,463136.3582169939,True
2025-06-04,17.610000610351562,3.0,5133,250.96908569335935,478282.9220139908,True
2025-06-05,18.479999542236328,3.0,5133,250.52047729492188,475980.2151048113,True
2025-06-06,16.770000457763672,3.0,5133,251.946044921875,483297.6537339617,True
2025-06-09,17.15999984741211,3.0,5133,256.16290283203125,504942.7853867937,True
2025-06-10,16.950000762939453,3.0,5133,261.257080078125,531091.197190993,True
2025-06-11,17.260000228881836,3.0,5133,261.0676574707031,530118.8909470965,True
2025-06-12,18.020000457763672,3.0,5133,262.3337097167969,536617.5371262957,True
2025-06-13,20.81999969482422,3.0,5133,256.19281005859375,505096.29918073904,True
2025-06-16,19.11000061035156,3.0,5133,262.5630187988281,537794.5806443621,True
2025-06-17,21.600000381469727,3.0,5133,260.778564453125,528634.976487868,True
2025-06-18,20.13999938964844,3.0,5133,261.77545166015625,533751.9985215594,True
2025-06-20,20.6200008392334,3.0,5133,259.462646484375,521880.3695542742,True
2025-06-23,19.829999923706055,3.0,5133,261.1075439453125,530323.6282212664,True
2025-06-24,17.479999542236328,3.0,5133,270.69769287109375,579549.8626573016,True
2025-06-25,16.760000228881836,3.0,5133,274.3463439941406,598278.3888719012,True
2025-06-26,16.59000015258789,3.0,5133,276.34014892578125,608512.5895860125,True
2025-06-27,16.31999969482422,3.0,5133,277.5563659667969,614755.4316575457,True
2025-06-30,16.729999542236328,3.0,5133,278.0149230957031,617109.2054002215,True
2025-07-01,16.829999923706055,3.0,5133,274.9843444824219,601553.2453782489,True
2025-07-02,16.639999389648438,3.0,5133,280.3775634765625,629236.6384751727,True
2025-07-03,16.3799991607666,3.0,5133,282.740234375,641364.2281968524,True
2025-07-07,17.790000915527344,3.0,5133,278.8922119140625,621612.3289048602,True
2025-07-08,16.809999465942383,3.0,5133,282.6006774902344,640647.8827073504,True
2025-07-09,15.9399995803833,3.0,5133,284.53466796875,650575.0558335711,True
2025-07-10,15.779999732971191,3.0,5133,286.62811279296875,661320.708116286,True
2025-07-11,16.399999618530273,3.0,5133,286.59820556640625,661167.1943223407,True
2025-07-14,17.200000762939453,3.0,5133,284.4349670410156,650063.2909715106,True
2025-07-15,17.3799991607666,3.0,5133,289.89794921875,678104.7784898211,True
2025-07-16,17.15999984741211,3.0,5133,288.3826599121094,670326.7984788348,True
2025-07-17,16.520000457763672,3.0,5133,290.80511474609375,682761.2591416766,True
2025-07-18,16.40999984741211,3.0,5133,289.40948486328125,675597.4909532,True
2025-07-21,16.649999618530273,3.0,5133,289.6088562011719,676620.8640305926,True
2025-07-22,16.5,3.0,5133,284.48480224609375,650319.0950791766,True
2025-07-23,15.369999885559082,3.0,5133,285.720947265625,656664.2274644305,True
2025-07-24,15.390000343322754,3.0,5133,286.9072570800781,662753.5557420184,True
2025-07-25,14.93000030517578,3.0,5133,286.59820556640625,661167.1943223407,True
2025-07-28,15.029999732971191,3.0,5133,290.5060729980469,681226.277848952,True
2025-07-29,15.979999542236328,3.0,5133,291.9914245605469,688850.5874192645,True
2025-07-30,15.479999542236328,3.0,5133,295.3410339355469,706044.1323411395,True
2025-07-31,16.719999313354492,3.0,5133,287.88421630859375,667768.2874619891,True
2025-08-01,20.3799991607666,3.0,5133,283.0692138671875,643052.8799302508,True
2025-08-04,17.520000457763672,3.0,5133,289.28985595703125,674983.4357774188,True
2025-08-05,17.850000381469727,3.0,5133,286.2094421386719,659171.6716477801,True
2025-08-06,16.770000457763672,3.0,5133,285.7309265136719,656715.4509446551,True
2025-08-07,16.56999969482422,3.0,5133,290.2169494628906,679742.206742995,True
2025-08-08,15.149999618530272,3.0,5133,292.6194763183594,692074.377092116,True
2025-08-11,16.25,3.0,5133,292.4898681640625,691409.0984361102,True
2025-08-12,14.729999542236328,3.0,5133,299.1690979003906,725693.5846726825,True
2025-08-13,14.489999771118164,3.0,5133,300.345458984375,731731.8461167742,True
2025-08-14,14.829999923706056,3.0,5133,300.98345947265625,735006.7026231219,True
2025-08-15,15.09000015258789,3.0,5133,294.73291015625,702922.6329820086,True
2025-08-18,14.989999771118164,3.0,5133,295.93914794921875,709114.2515733172,True
2025-08-19,15.56999969482422,3.0,5133,289.9677429199219,678463.0295579364,True
2025-08-20,15.6899995803833,3.0,5133,288.06365966796875,668689.370225661,True
2025-08-21,16.600000381469727,3.0,5133,286.56829833984375,661013.6805283953,True
2025-08-22,14.220000267028809,3.0,5133,292.7291564941406,692637.3654344012,True
2025-08-25,14.789999961853027,3.0,5133,293.00830078125,694070.2130601336,True
2025-08-26,14.619999885559082,3.0,5133,295.8294982910156,708551.4198777606,True
2025-08-27,14.850000381469728,3.0,5133,296.7366638183594,713207.900529616,True
2025-08-28,14.43000030517578,3.0,5133,297.952880859375,719450.7426011492,True
2025-08-29,15.359999656677246,3.0,5133,289.3895568847656,675495.2006394793,True
2025-09-02,17.170000076293945,3.0,5133,285.59136962890625,655999.1054551532,True
2025-09-03,16.350000381469727,3.0,5133,285.54150390625,655743.1447007586,True
2025-09-04,15.300000190734863,3.0,5133,288.9608459472656,673294.6273972918,True
2025-09-05,15.18000030517578,3.0,5133,292.3702697753906,690795.1999070575,True
2025-09-08,15.109999656677246,3.0,5133,295.6001892089844,707374.3763596942,True
2025-09-09,15.039999961853027,3.0,5133,296.8861999511719,713975.4694993426,True
2025-09-10,15.350000381469728,3.0,5133,299.8968200683594,729428.982560866,True
2025-09-11,14.710000038146973,3.0,5133,302.9872131347656,745291.9701707293,True
2025-09-12,14.760000228881836,3.0,5133,303.37603759765625,747287.8061387469,True
2025-09-15,15.6899995803833,3.0,5133,306.2171936035156,761871.4599168231,True
2025-09-16,16.360000610351562,3.0,5133,306.2570495605469,762076.0405442645,True
2025-09-17,15.720000267028809,3.0,5133,304.3031311035156,752046.5771043231,True
2025-09-18,15.699999809265137,3.0,5133,315.9867858886719,812018.7771165301,True
2025-09-19,15.449999809265137,3.0,5133,314.7306823730469,805571.197770827,True
2025-09-22,16.100000381469727,3.0,5133,321.170654296875,838627.5736558367,True
2025-09-23,16.639999389648438,3.0,5133,320.7021179199219,836222.5764329364,True
2025-09-24,16.18000030517578,3.0,5133,320.1139221191406,833203.3673875262,True
2025-09-25,16.739999771118164,3.0,5133,320.0640869140625,832947.5632798602,True
2025-09-26,15.289999961853027,3.0,5133,320.8217468261719,836836.6316087176,True
2025-09-29,16.1200008392334,3.0,5133,321.65911865234375,841134.8611924578,True
2025-09-30,16.280000686645508,3.0,5133,325.3476257324219,860067.9680344989,True
2025-10-01,16.290000915527344,3.0,5133,332.6549072265625,897576.2439439227,True
2025-10-02,16.6299991607666,3.0,5133,337.1907958984375,920858.9604966571,True
2025-10-03,16.649999618530273,3.0,5133,335.6356201171875,912876.2432115008,True
2025-10-06,16.3700008392334,3.0,5133,342.3148498535156,947160.7294480731,True
2025-10-07,17.239999771118164,3.0,5133,336.0044860839844,914769.6322190692,True
2025-10-08,16.299999237060547,3.0,5133,344.99652099609375,960925.7474229266,True
2025-10-09,16.43000030517578,3.0,5133,344.13916015625,956524.9142320086,True
2025-10-10,21.65999984741211,3.0,5133,324.330810546875,854848.6556870867,True
2025-10-13,19.030000686645508,3.0,5133,338.69610595703125,928585.7170274188,True
2025-10-14,20.809999465942383,3.0,5133,332.46551513671875,896604.0943467547,True
2025-10-15,20.63999938964844,3.0,5133,340.7198181152344,938973.4315354754,True
2025-10-16,25.309999465942383,3.0,5133,342.2350769042969,946751.2548997332,True
2025-10-17,20.780000686645508,3.0,5133,341.76654052734375,944346.2576768328,True
2025-10-20,18.229999542236328,3.0,5133,346.1429443359375,966810.3384263446,True
2025-10-21,17.8700008392334,3.0,5133,344.2288818359375,956985.4556138446,True
2025-10-22,18.600000381469727,3.0,5133,337.5496826171875,922701.1260240008,True
2025-10-23,17.299999237060547,3.0,5133,343.7304382324219,954426.9445969989,True
2025-10-24,16.3700008392334,3.0,5133,350.0508117675781,986869.4219529559,True
2025-10-27,15.789999961853027,3.0,5133,358.823486328125,1031899.560472243,True
2025-10-28,16.420000076293945,3.0,5133,361.983642578125,1048120.642503493,True
2025-10-29,16.920000076293945,3.0,5133,367.4665832519531,1076264.5769822528,True
2025-10-30,16.90999984741211,3.0,5133,362.6017456054687,1051293.365342848,True
2025-10-31,17.440000534057617,3.0,5133,361.8939208984375,1047660.1011216571,True
2025-11-03,17.170000076293945,3.0,5133,364.9643859863281,1063420.7984177996,True
2025-11-04,19.0,3.0,5133,351.665771484375,995159.0101792742,True
2025-11-05,18.010000228881836,3.0,5133,358.3848571777344,1029648.0770432879,True
2025-11-06,19.5,3.0,5133,350.0009460449219,986613.4611985614,True
2025-11-07,19.079999923706055,3.0,5133,347.0401611328125,971415.7522447039,True
2025-11-10,17.600000381469727,3.0,5133,357.67706298828125,1026014.969468825,True
2025-11-11,17.280000686645508,3.0,5133,349.9610595703125,986408.7239243914,True
2025-11-12,17.510000228881836,3.0,5133,354.4271545410156,1009333.1894090106,True
2025-11-13,20.0,3.0,5133,343.7503967285156,954529.3915574481,True
2025-11-14,19.829999923706055,3.0,5133,343.909912109375,955348.1840073992,True
2025-11-17,22.3799991607666,3.0,5133,339.244384765625,931400.0321519305,True
2025-11-18,24.690000534057617,3.0,5133,332.25616455078125,895529.4977891375,True
2025-11-19,23.65999984741211,3.0,5133,338.3870849609375,926999.5122544696,True
2025-11-20,26.420000076293945,3.0,5133,324.091552734375,853620.5453355242,True
2025-11-21,23.43000030517578,3.0,5133,325.1183776855469,858891.2378098895,True
2025-11-24,20.520000457763672,3.0,5133,338.06805419921875,925361.9273545672,True
2025-11-25,18.559999465942383,3.0,5133,338.955322265625,929916.2743394305,True
2025-11-26,17.190000534057617,3.0,5133,346.63140869140625,969317.6259629657,True
2025-11-28,16.350000381469727,3.0,5133,351.187255859375,992702.7894761492,True
2025-12-01,17.239999771118164,3.0,5133,351.8651428222656,996182.3832566668,True
2025-12-02,16.59000015258789,3.0,5133,358.3150634765625,1029289.8259751727,True
2025-12-03,16.079999923706055,3.0,5133,363.23974609375,1054568.2218491961,True
2025-12-04,15.779999732971191,3.0,5133,360.4783325195313,1040393.8859727315,True
2025-12-05,15.40999984741211,3.0,5133,363.28961181640625,1054824.1826035907,True
2025-12-08,16.65999984741211,3.0,5133,367.4067687988281,1075957.5493943621,True
2025-12-09,16.93000030517578,3.0,5133,367.8553771972656,1078260.2563035418,True
2025-12-10,15.770000457763672,3.0,5133,372.9395751953125,1104357.4446275164,True
2025-12-11,14.850000381469728,3.0,5133,369.7395324707031,1087931.6253220965,True
2025-12-12,15.739999771118164,3.0,5133,353.02154541015625,1002118.1977403094,True
2025-12-15,16.5,3.0,5133,351.8053283691406,995875.3556687762,True
2025-12-16,16.479999542236328,3.0,5133,350.8482971191406,990962.9142625262,True
2025-12-17,17.6200008392334,3.0,5133,338.18768310546875,925975.9825303485,True
2025-12-18,16.8700008392334,3.0,5133,346.1728515625,966963.8522202899,True
2025-12-19,14.90999984741211,3.0,5133,355.125,1012915.2301499774,True
2025-12-22,14.079999923706056,3.0,5133,359.70001220703125,1036398.7678086688,True
2025-12-23,14.0,3.0,5133,363.1600036621094,1054158.9039475848,True
2025-12-24,13.470000267028809,3.25,5133,364.1700134277344,1059343.284074538,True
2025-12-26,13.600000381469728,3.25,5133,365.8599853515625,1068017.9099595477,True
2025-12-29,14.199999809265137,3.0,5133,364.2099914550781,1059548.4912888934,True
2025-12-30,14.329999923706056,3.0,5133,363.30999755859375,1054928.822618239,True
2025-12-31,14.949999809265137,3.0,5133,360.1300048828125,1038605.9202134539,True
2026-01-02,14.510000228881836,3.0,5133,373.2999877929687,1106207.4424912855,True
2026-01-05,14.899999618530272,3.0,5133,377.5899963378906,1128228.05635237,True
2026-01-06,14.75,3.0,5133,387.6199951171875,1179712.0400865008,True
2026-01-07,15.380000114440918,3.0,5133,385.0199890136719,1166366.208757155,True
2026-01-08,15.449999809265137,3.0,5133,378.9800109863281,1135363.0015427996,True
2026-01-09,14.489999771118164,3.0,5133,389.2200012207031,1187924.8714158465,True
2026-01-12,15.119999885559082,3.0,5133,390.6600036621094,1195316.4039475848,True
2026-01-13,15.979999542236328,3.0,5133,391.5299987792969,1199782.0888841082,True
2026-01-14,16.75,3.0,5133,388.3500061035156,1183459.186479323,True
2026-01-15,15.84000015258789,3.0,5133,396.4100036621094,1224831.1539475848,True
2026-01-16,15.859999656677246,3.0,5133,400.3900146484375,1245260.550340407,True
2026-01-20,20.09000015258789,3.0,5133,390.3900146484375,1193930.550340407,True
2026-01-21,16.899999618530273,3.0,5133,401.9299926757813,1253165.2575547628,True
2026-01-22,15.640000343322754,3.0,5133,402.8200073242187,1257733.7027451918,True
2026-01-23,16.09000015258789,3.0,5133,400.0899963378906,1243720.55635237,True
2026-01-26,16.149999618530273,3.0,5133,398.8200073242187,1237201.7027451918,True
2026-01-27,16.350000381469727,3.0,5133,407.25,1280472.8551499774,True
2026-01-28,16.350000381469727,3.0,5133,416.6300048828125,1328620.420213454,True
2026-01-29,16.8799991607666,3.0,5133,417.5199890136719,1333188.708757155,True
2026-01-30,17.440000534057617,3.0,5133,403.4599914550781,1261018.7412888934,True
